,uniq_id,product_name,main_category,tokenized_description,cleaned_description,nb_tokens,nb_char
0,55b85ea15a1536d46b7190ad6fff8ce7,Elegance Polyester Multicolor Abstract Eyelet Door Curtain,Home Furnishing,"['abstract', 'eyelet', 'door', 'curtain', 'floral', 'curtain', 'abstract', 'eyelet', 'door', 'curtain', 'height', 'curtain', 'look', 'interior', 'curtain', 'made', 'high', 'fabric', 'eyelet', 'style', 'stitch', 'metal', 'ring', 'make', 'room', 'environment', 'curtain', 'ant', 'anti', 'give', 'bright', 'appeal', 'sure', 'eyelet', 'curtain', 'slide', 'draw', 'apart', 'first', 'thing', 'bright', 'sun', 'ray', 'want', 'wish', 'good', 'whole', 'world', 'draw', 'special', 'moment', 'given', 'soothing', 'print', 'bring', 'curtain', 'room', 'get', 'right', 'amount', 'sunlight', 'abstract', 'eyelet', 'door', 'curtain', 'height', 'designed', 'door', 'eyelet', 'name', 'abstract', 'door', 'curtain', 'content', 'curtain']",abstract eyelet door curtain floral curtain abstract eyelet door curtain height curtain look interior curtain made high fabric eyelet style stitch metal ring make room environment curtain ant anti give bright appeal sure eyelet curtain slide draw apart first thing bright sun ray want wish good whole world draw special moment given soothing print bring curtain room get right amount sunlight abstract eyelet door curtain height designed door eyelet name abstract door curtain content curtain,75,492
1,7b72c92c2f6c40268628ec5f14c6d590,Sathiyas Cotton Bath Towel,Baby Care,"['bath', 'towel', 'bath', 'towel', 'red', 'yellow', 'blue', 'bath', 'towel', 'self', 'bath', 'towel', 'name', 'bath', 'towel', 'men', 'red', 'yellow', 'blue', 'content', 'bath', 'towel']",bath towel bath towel red yellow blue bath towel self bath towel name bath towel men red yellow blue content bath towel,22,119
2,64d5d4a258243731dc7bbb1eef49ad74,Eurospa Cotton Terry Face Towel Set,Baby Care,"['face', 'towel', 'small', 'height', 'face', 'towel', 'face', 'towel', 'assorted', 'designed', 'soft', 'towel', 'export', 'soft', 'give', 'feeling', 'bath', 'towel', 'last', 'year', 'famous', 'fine', 'print', 'note', 'may', 'may', 'cold', 'iron', 'bleach', 'flat', 'first', 'use', 'face', 'towel', 'face', 'towel', 'face', 'towel', 'assorted', 'bath', 'towel', 'face', 'towel', 'name', 'men', 'small', 'assorted', 'weight', 'content', 'face', 'towel']",face towel small height face towel face towel assorted designed soft towel export soft give feeling bath towel last year famous fine print note may may cold iron bleach flat first use face towel face towel face towel assorted bath towel face towel name men small assorted weight content face towel,51,297
3,d4684dcdc759dd9cdf41504698d737d8,SANTOSH ROYAL FASHION Cotton Printed King sized Double Bedsheet,Home Furnishing,"['royal', 'fashion', 'king', 'royal', 'wedding', 'royal', 'fashion', 'king', 'pillow', 'cover', 'royal', 'fashion', 'flat', 'name', 'gold', 'royal', 'wedding', 'gifted', 'pillow', 'cover', 'king', 'fabric', 'bleach', 'flat', 'sheet', 'fitted', 'sheet', 'pillow', 'cover', 'pillow', 'cover', 'fitted', 'sheet', 'depth', 'fitted', 'sheet', 'flat', 'sheet', 'depth', 'flat', 'sheet', 'content', 'pillow', 'cover']",royal fashion king royal wedding royal fashion king pillow cover royal fashion flat name gold royal wedding gifted pillow cover king fabric bleach flat sheet fitted sheet pillow cover pillow cover fitted sheet depth fitted sheet flat sheet depth flat sheet content pillow cover,44,277
4,6325b6870c54cd47be6ebfbffa620ec7,Jaipur Print Cotton Floral King sized Double Bedsheet,Home Furnishing,"['print', 'floral', 'king', 'print', 'floral', 'king', 'bed', 'sheet', 'pillow', 'cover', 'white', 'nice', 'bed', 'sheet', 'made', 'give', 'comfort', 'bed', 'sheet', 'hand', 'give', 'nice', 'look', 'room', 'fast', 'colour', 'good', 'give', 'long', 'life', 'print', 'floral', 'king', 'bed', 'sheet', 'pillow', 'cover', 'white', 'print', 'flat', 'name', 'thread', 'count', 'fabric', 'bleach', 'king', 'white', 'defect', 'used', 'flat', 'sheet', 'fitted', 'sheet', 'pillow', 'cover', 'pillow', 'cover', 'weight', 'fitted', 'sheet', 'depth', 'fitted', 'sheet', 'flat', 'sheet', 'depth', 'flat', 'sheet', 'content', 'bed', 'sheet', 'pillow', 'cover']",print floral king print floral king bed sheet pillow cover white nice bed sheet made give comfort bed sheet hand give nice look room fast colour good give long life print floral king bed sheet pillow cover white print flat name thread count fabric bleach king white defect used flat sheet fitted sheet pillow cover pillow cover weight fitted sheet depth fitted sheet flat sheet depth flat sheet content bed sheet pillow cover,73,425
5,893aa5ed55f7cff2eccea7758d7a86bd,Maserati Time R8851116001 Analog Watch  - For Boys,Watches,"['time', 'analog', 'watch', 'time', 'analog', 'watch', 'india', 'great', 'discount']",time analog watch time analog watch india great discount,9,56
6,f355cc1ccb08bd0d283ed979b7ee7515,"Camerii WM64 Elegance Analog Watch  - For Men, Boys",Watches,"['analog', 'watch', 'men', 'analog', 'watch', 'men', 'india', 'great', 'discount']",analog watch men analog watch men india great discount,9,54
7,dd0e3470a7e6ed76fd69c2da27721041,T STAR UFT-TSW-005-BK-BR Analog Watch  - For Boys,Watches,"['star', 'analog', 'watch', 'whether', 'way', 'work', 'abroad', 'like', 'watch', 'wallet', 'belt', 'help', 'add', 'touch', 'class', 'regular', 'wear', 'come', 'leather', 'belt', 'designed', 'rest', 'whether', 'way', 'work', 'abroad', 'like', 'watch', 'wallet', 'belt', 'help', 'add', 'touch', 'class', 'regular', 'wear', 'come', 'leather', 'belt', 'designed', 'rest']",star analog watch whether way work abroad like watch wallet belt help add touch class regular wear come leather belt designed rest whether way work abroad like watch wallet belt help add touch class regular wear come leather belt designed rest,41,243
8,41384da51732c0b4df3de8f395714fbb,"Alfajr WY16B Youth Digital Watch  - For Men, Boys",Watches,"['youth', 'watch', 'men', 'youth', 'watch', 'men', 'india', 'time', 'around', 'world', 'prayer', 'great', 'discount']",youth watch men youth watch men india time around world prayer great discount,13,77
9,710ed5f2393a4b9e8823aa0029f71f93,"TAG Heuer CAU1116.BA0858 Formula 1 Analog Watch  - For Boys, Men",Watches,"['tag', 'formula', 'analog', 'watch', 'men', 'tag', 'formula', 'analog', 'watch', 'men', 'india', 'swiss', 'made', 'quartz', 'movement', 'scratch', 'crystal', 'glass', 'chronograph', 'great', 'discount']",tag formula analog watch men tag formula analog watch men india swiss made quartz movement scratch crystal glass chronograph great discount,21,139
10,920154acbe49d3202ed7d2ed2df1ea13,"Calibro SW-125 Analog-Digital Watch  - For Men, Boys",Watches,"['analog', 'watch', 'men', 'present', 'black', 'dial', 'round', 'watch', 'watch', 'add', 'style', 'statement', 'known', 'appealing', 'watch', 'need', 'youth', 'well', 'present', 'wide', 'watch', 'style', 'youthful', 'approach', 'well', 'get', 'one', 'see', 'lead', 'style', 'finish', 'matter', 'present', 'black', 'dial', 'round', 'watch', 'watch', 'add', 'style', 'statement', 'known', 'appealing', 'watch', 'need', 'youth', 'well', 'present', 'wide', 'watch', 'style', 'youthful', 'approach', 'well', 'get', 'one', 'see', 'lead', 'style', 'finish', 'matter']",analog watch men present black dial round watch watch add style statement known appealing watch need youth well present wide watch style youthful approach well get one see lead style finish matter present black dial round watch watch add style statement known appealing watch need youth well present wide watch style youthful approach well get one see lead style finish matter,61,376
11,08452abdadb3db1e686b94a9c52fc7b6,"Cartier W6701005 Analog Watch  - For Boys, Men",Watches,"['cartier', 'analog', 'watch', 'men', 'cartier', 'analog', 'watch', 'men', 'india', 'great', 'discount']",cartier analog watch men cartier analog watch men india great discount,11,70
12,1e8741b5ae27a513546c94b3f3312aee,"Lois Caron LCS-4032 Analog Watch  - For Boys, Men",Watches,"['caron', 'analog', 'watch', 'men', 'caron', 'analog', 'watch', 'men', 'india', 'great', 'discount']",caron analog watch men caron analog watch men india great discount,11,66
13,189fa66a5fa6f08d2802a62ecf0be298,"Titan 1639SL03 Analog Watch  - For Boys, Men",Watches,"['titan', 'analog', 'watch', 'men', 'titan', 'analog', 'watch', 'men', 'india', 'great', 'discount']",titan analog watch men titan analog watch men india great discount,11,66
14,bbb8cdc5406ff60ff06ff64630f2ca47,"Srushti Art Jewelry Megnet_Led_Sport_BlackRed1 Digital Watch  - For Men, Women, Boys, Girls",Watches,"['art', 'watch', 'men', 'art', 'watch', 'men', 'india', 'led', 'watch', 'sport', 'led', 'watch', 'fresh', 'latest', 'men', 'wrist', 'watch', 'great', 'discount']",art watch men art watch men india led watch sport led watch fresh latest men wrist watch great discount,19,103
15,1120bc768623572513df956172ffefeb,"Escort E-1700-906_Blk Analog Watch  - For Men, Boys",Watches,"['escort', 'analog', 'watch', 'men', 'flaunt', 'mantra', 'hit', 'street', 'style', 'black', 'analog', 'watch', 'men', 'escort', 'add', 'appeal', 'worn', 'flaunt', 'mantra', 'hit', 'street', 'style', 'black', 'analog', 'watch', 'men', 'escort', 'add', 'appeal', 'worn']",escort analog watch men flaunt mantra hit street style black analog watch men escort add appeal worn flaunt mantra hit street style black analog watch men escort add appeal worn,30,177
16,5479bb7028827d60000720a2c135976a,Jack klein BlackLed Digital Watch  - For Boys,Watches,"['jack', 'watch', 'jack', 'watch', 'india', 'great', 'discount']",jack watch jack watch india great discount,7,42
17,733aa1e801a139fa8dc7be9f0eff5ee0,"North Moon IW-005-FK Silicone Ion Digital Watch  - For Boys, Girls, Women",Watches,"['north', 'moon', 'ion', 'watch', 'north', 'moon', 'ion', 'watch', 'india', 'great', 'discount']",north moon ion watch north moon ion watch india great discount,11,62
18,62c35de4df27437d3597963fac55a8b6,"Franck Bella FB74C Analog Watch  - For Boys, Men",Watches,"['bella', 'analog', 'watch', 'men', 'bella', 'analog', 'watch', 'men', 'india', 'great', 'discount']",bella analog watch men bella analog watch men india great discount,11,66
19,33d97d63c037078cd3f08033966d6a88,Ridas Apl_led_black Apple Shape Digital Watch  - For Boys,Watches,"['shape', 'watch', 'shape', 'watch', 'india', 'great', 'discount']",shape watch shape watch india great discount,7,44
20,d7ca2b06b4f4d3b98c61c377b18a2d6b,"Skmei AD1057-Dark-Orange Sports Analog-Digital Watch  - For Men, Boys",Watches,"['dark', 'sport', 'analog', 'watch', 'men', 'dark', 'sport', 'analog', 'watch', 'men', 'dark', 'india', 'chronograph', 'alarm', 'watch', 'function', 'date', 'month', 'display', 'great', 'discount']",dark sport analog watch men dark sport analog watch men dark india chronograph alarm watch function date month display great discount,21,133
21,f74476ba64365d97a5be7d375cbf4c7a,Now SP-ETHNIC Analog Watch  - For Boys,Watches,"['ethnic', 'analog', 'watch', 'ethnic', 'analog', 'watch', 'ethnic', 'india', 'great', 'discount']",ethnic analog watch ethnic analog watch ethnic india great discount,10,67
22,fda50982a672ef8835de5c1cc86f8bfc,"Franck Bella FB127A Analog Watch  - For Boys, Men",Watches,"['bella', 'analog', 'watch', 'men', 'bella', 'analog', 'watch', 'men', 'india', 'great', 'discount']",bella analog watch men bella analog watch men india great discount,11,66
23,4788f5466992da09024b8ffcc8a5cba4,"Skmei DG0939-Red Sports Digital Watch  - For Men, Boys",Watches,"['red', 'sport', 'watch', 'men', 'red', 'sport', 'watch', 'men', 'red', 'india', 'chronograph', 'alarm', 'watch', 'function', 'date', 'month', 'display', 'great', 'discount']",red sport watch men red sport watch men red india chronograph alarm watch function date month display great discount,19,116
24,653826cd53f1d9e2c086c0ac7846ef70,"fastrack 38015PL01 Analog Watch  - For Men, Boys",Watches,"['analog', 'watch', 'men', 'analog', 'watch', 'men', 'india', 'stainless', 'back', 'cover', 'case', 'construction', 'rugged', 'look', 'shock', 'high', 'precision', 'quartz', 'movement', 'great', 'discount']",analog watch men analog watch men india stainless back cover case construction rugged look shock high precision quartz movement great discount,21,142
25,3c74db45cbfc14a78b8466dca494b3bb,"Alfajr WQ18 Qibla Compass Digital Watch  - For Men, Boys, Girls",Watches,"['compass', 'watch', 'men', 'compass', 'watch', 'men', 'india', 'compass', 'time', 'great', 'discount']",compass watch men compass watch men india compass time great discount,11,69
26,4aa047f14885c74f155ce5f973e14dff,"Disney 98189 Analog Watch  - For Boys, Girls",Watches,"['analog', 'watch', 'analog', 'watch', 'india', 'great', 'discount']",analog watch analog watch india great discount,7,46
27,7c4fec2331da8d40f2cb146eb198cb57,Disney DW100405 Digital Watch  - For Boys,Watches,"['watch', 'watch', 'india', 'great', 'discount']",watch watch india great discount,5,32
28,b52073e7ed9c00c4108cae4eb0c49c1a,"Vizion 8502-7PURPLE Sports Series Digital Watch  - For Boys, Girls",Watches,"['sport', 'watch', 'sport', 'watch', 'kid', 'year', 'display', 'movement', 'metal', 'case', 'solid', 'dial', 'shape', 'round', 'dial', 'strap', 'strap', 'night', 'display', 'cold', 'alarm', 'hour', 'second', 'date', 'week', 'display', 'hour', 'format', 'tuff', 'plastic', 'note', 'case', 'non', 'receipt', 'card', 'within', 'hour', 'may', 'due', 'monitor', 'enlarged', 'better', 'sport', 'watch', 'kid', 'year', 'display', 'movement', 'metal', 'case', 'solid', 'dial', 'shape', 'round', 'dial', 'strap', 'strap', 'night', 'display', 'cold', 'alarm', 'hour', 'second', 'date', 'week', 'display', 'hour', 'format', 'tuff', 'plastic', 'note', 'case', 'non', 'receipt', 'card', 'within', 'hour', 'may', 'due', 'monitor', 'enlarged', 'better']",sport watch sport watch kid year display movement metal case solid dial shape round dial strap strap night display cold alarm hour second date week display hour format tuff plastic note case non receipt card within hour may due monitor enlarged better sport watch kid year display movement metal case solid dial shape round dial strap strap night display cold alarm hour second date week display hour format tuff plastic note case non receipt card within hour may due monitor enlarged better,82,491
29,ee8d9ff65e0fe4278afce7c933d30941,"Elantra S 10 Analog Watch  - For Boys, Men",Watches,"['analog', 'watch', 'men', 'analog', 'watch', 'men', 'india', 'great', 'discount']",analog watch men analog watch men india great discount,9,54
30,788dc3a3da91c0f46a7c465e07f91dd4,"Marvel DW100243 Digital Watch  - For Boys, Girls",Watches,"['marvel', 'watch', 'marvel', 'watch', 'india', 'clasp', 'strap', 'dial', 'great', 'discount']",marvel watch marvel watch india clasp strap dial great discount,10,63
31,29b1ca231e10d5269516b80bf9d0dffc,"Lenco Bdblue Tango Analog Watch  - For Men, Boys",Watches,"['tango', 'analog', 'watch', 'men', 'tango', 'analog', 'watch', 'men', 'india', 'sport', 'watch', 'casual', 'watch', 'big', 'dial', 'strap', 'great', 'discount']",tango analog watch men tango analog watch men india sport watch casual watch big dial strap great discount,18,106
32,8b268c1e68f198ae2e934717d49f48e9,"D'Signer 681GM_WHT Analog Watch  - For Men, Boys",Watches,"['signer', 'analog', 'watch', 'men', 'signer', 'analog', 'watch', 'men', 'india', 'great', 'discount']",signer analog watch men signer analog watch men india great discount,11,68
33,b85f8843bb1c297dd5712f0bd287006d,SANTOSH ROYAL FASHION Cotton Embroidered Diwan Set,Home Furnishing,"['royal', 'fashion', 'content', 'sheet', 'cushion', 'cover', 'royal', 'fashion', 'add', 'style', 'decor', 'item', 'promise', 'deliver', 'royal', 'fashion', 'royal', 'fashion', 'pattern', 'style', 'code', 'bolster', 'cover', 'cushion', 'cover', 'sheet', 'cushion', 'cover', 'sheet', 'content', 'sheet', 'cushion', 'cover', 'bolster', 'cover', 'fabric', 'soak']",royal fashion content sheet cushion cover royal fashion add style decor item promise deliver royal fashion royal fashion pattern style code bolster cover cushion cover sheet cushion cover sheet content sheet cushion cover bolster cover fabric soak,37,247
34,a4b09aa7927c59fbb39960b3d7919909,House This Queen Cotton Duvet Cover,Home Furnishing,"['queen', 'duvet', 'cover', 'outer', 'inner', 'duvet', 'cover', 'duvet', 'cover', 'queen', 'duvet', 'cover', 'grey', 'button', 'code', 'pattern', 'thread', 'count', 'style', 'code', 'smart', 'black', 'grey', 'queen', 'grey', 'content', 'fabric', 'soak']",queen duvet cover outer inner duvet cover duvet cover queen duvet cover grey button code pattern thread count style code smart black grey queen grey content fabric soak,28,168
35,81e739c7f3be737152f2e6f520e3494b,Riva Carpets Cotton Free Bath Mat Classic Loop Shag Bathmat_RI-527,Home Furnishing,"['carpet', 'bath', 'mat', 'classic', 'loop']",carpet bath mat classic loop,5,28
36,f0938b0d88eac91deee6d5add54097d3,Myesquire Ceramic Burner Pot Lemongrass Liquid Air Freshener,Home Decor Festive Needs,"['burner', 'pot', 'liquid', 'air', 'every', 'corner', 'living', 'room', 'style', 'electric', 'burner', 'brought', 'money', 'aroma', 'burner', 'use', 'put', 'small', 'amount', 'tea', 'spoon', 'aroma', 'oil', 'bowl', 'tea', 'oil', 'heat', 'spread', 'room', 'enjoy', 'aroma', 'keep', 'away', 'child', 'hot', 'every', 'corner', 'living', 'room', 'style', 'electric', 'burner', 'brought', 'money', 'aroma', 'burner', 'use', 'put', 'small', 'amount', 'tea', 'spoon', 'aroma', 'oil', 'bowl', 'tea', 'oil', 'heat', 'spread', 'room', 'enjoy', 'aroma', 'keep', 'away', 'child', 'hot']",burner pot liquid air every corner living room style electric burner brought money aroma burner use put small amount tea spoon aroma oil bowl tea oil heat spread room enjoy aroma keep away child hot every corner living room style electric burner brought money aroma burner use put small amount tea spoon aroma oil bowl tea oil heat spread room enjoy aroma keep away child hot,66,375
37,e9420e9483f16db81c64dddf99f34841,Dungri India Craft Ducjug010-ducgl012-2 Jug Glass Set,Kitchen Dining,"['india', 'craft', 'jug', 'glass', 'jug', 'height', 'depth', 'weight', 'gram', 'india', 'craft', 'jug', 'glass', 'copper', 'copper', 'utensil', 'copper', 'ware', 'prevent', 'spread', 'many', 'test', 'bacteria', 'copper', 'alloy', 'copper', 'content', 'within', 'hour', 'research', 'stainless', 'three', 'copper', 'within', 'copper', 'ware', 'use', 'copper', 'bear', 'everlasting', 'appeal', 'fact', 'copper', 'ware', 'life', 'help', 'good', 'health', 'old', 'vedic', 'time', 'clean', 'hand', 'avoid', 'use', 'solution', 'equal', 'lemon', 'time', 'use', 'avoid', 'like', 'wool', 'soft', 'liquid', 'soap', 'base', 'hot', 'soft', 'cloth', 'use', 'india', 'craft', 'jug', 'glass', 'copper', 'india', 'craft', 'glass', 'jug', 'glass', 'glass', 'shape', 'tumbler', 'copper', 'per', 'glass', 'jug', 'gold', 'jug', 'height', 'glass', 'jug', 'depth', 'glass', 'height', 'weight', 'gram', 'jug', 'glass', 'safe', 'better', 'power']",india craft jug glass jug height depth weight gram india craft jug glass copper copper utensil copper ware prevent spread many test bacteria copper alloy copper content within hour research stainless three copper within copper ware use copper bear everlasting appeal fact copper ware life help good health old vedic time clean hand avoid use solution equal lemon time use avoid like wool soft liquid soap base hot soft cloth use india craft jug glass copper india craft glass jug glass glass shape tumbler copper per glass jug gold jug height glass jug depth glass height weight gram jug glass safe better power,103,611
38,a3dea07b2f7bf48276d32513091be717,BFT 6 W LED Bulb,Kitchen Dining,"['led', 'bulb', 'bulb', 'led', 'bulb', 'white', 'new', 'led', 'led', 'lamp', 'led', 'bulb', 'white', 'glass', 'bulb', 'base', 'white', 'bulb', 'led', 'power', 'power', 'bulb']",led bulb bulb led bulb white new led led lamp led bulb white glass bulb base white bulb led power power bulb,22,108
39,66191b4a311b5d9babfc00a71ef97c5b,JMD Printed Cushions Cover,Home Furnishing,"['cushion', 'cover', 'made', 'cushion', 'cover', 'cushion', 'code', 'style', 'code', 'pattern', 'height', 'content', 'cushion', 'pillow', 'cover']",cushion cover made cushion cover cushion code style code pattern height content cushion pillow cover,15,100
40,90e56526f4c5892beac49f262b85150a,Mom and Kid Baby Girl's Printed Green Top & Pyjama Set,Baby Care,"['kid', 'green', 'top', 'pyjama', 'fabric', 'green', 'kid', 'green', 'top', 'pyjama', 'pyjama', 'kid', 'green', 'top', 'pyjama', 'pattern', 'night', 'suit', 'fabric', 'top', 'pyjama', 'neck', 'round', 'neck', 'top', 'pyjama']",kid green top pyjama fabric green kid green top pyjama pyjama kid green top pyjama pattern night suit fabric top pyjama neck round neck top pyjama,26,146
41,a79117ea49a0533f641facdb4c99f502,Kripa's Printed Cushions Cover,Home Furnishing,"['cushion', 'cover', 'cushion', 'cover', 'grey', 'cushion', 'code', 'style', 'code', 'pattern', 'grey', 'height', 'content']",cushion cover cushion cover grey cushion code style code pattern grey height content,13,84
42,5325213d84c80ad310b6e4b37a1ac824,"Mom and Kid Baby Girl's Printed Blue, Grey Top & Pyjama Set",Baby Care,"['kid', 'blue', 'grey', 'top', 'pyjama', 'fabric', 'blue', 'grey', 'kid', 'blue', 'grey', 'top', 'pyjama', 'kid', 'blue', 'grey', 'top', 'pyjama', 'pattern', 'night', 'suit', 'content', 'fabric', 'top', 'pyjama', 'neck', 'round', 'top', 'pyjama']",kid blue grey top pyjama fabric blue grey kid blue grey top pyjama kid blue grey top pyjama pattern night suit content fabric top pyjama neck round top pyjama,29,158
43,2d50e4c6ccf8befe9335ac8f97a11712,Burt s Bees Hair Repair Shea And Grapefruit Deep Conditioner,Beauty and Personal Care,"['burt', 'bee', 'hair', 'repair', 'shea', 'grapefruit', 'deep', 'deep', 'hair', 'condition', 'hair', 'hair', 'hair', 'burt', 'bee', 'hair', 'repair', 'shea', 'grapefruit', 'deep', 'trait', 'hair', 'condition', 'hair', 'hair', 'hair', 'deep', 'trait', 'burt', 'bee', 'name', 'hair', 'repair', 'shea', 'grapefruit', 'deep']",burt bee hair repair shea grapefruit deep deep hair condition hair hair hair burt bee hair repair shea grapefruit deep trait hair condition hair hair hair deep trait burt bee name hair repair shea grapefruit deep,36,212
44,8050d31bffe6827c804b8222338aafb2,AKUP i-loves-music Ceramic Mug,Kitchen Dining,"['love', 'music', 'mug', 'mug', 'love', 'music', 'mug', 'mug', 'give', 'mug', 'one', 'good', 'mug', 'made', 'clay', 'make', 'moment', 'mug', 'height', 'item', 'mug', 'clay', 'finish', 'style', 'dirt', 'soft', 'fabric', 'clean', 'wipe', 'moist', 'cloth', 'fine', 'pattern', 'tone', 'may', 'shown', 'would', 'love', 'music', 'mug', 'mug', 'mug', 'freezer', 'safe', 'safe', 'weight', 'height', 'depth', 'mug']",love music mug mug love music mug mug give mug one good mug made clay make moment mug height item mug clay finish style dirt soft fabric clean wipe moist cloth fine pattern tone may shown would love music mug mug mug freezer safe safe weight height depth mug,49,258
45,493d1eb6ad7a48a926092bf994cd0bb0,AKUP i-love-my-mom Ceramic Mug,Kitchen Dining,"['love', 'mug', 'mug', 'love', 'mug', 'mug', 'give', 'mug', 'one', 'good', 'mug', 'made', 'clay', 'make', 'moment', 'mug', 'height', 'item', 'mug', 'clay', 'finish', 'style', 'dirt', 'soft', 'fabric', 'clean', 'wipe', 'moist', 'cloth', 'fine', 'pattern', 'tone', 'may', 'shown', 'would', 'love', 'mug', 'mug', 'mug', 'freezer', 'safe', 'safe', 'weight', 'height', 'depth', 'mug']",love mug mug love mug mug give mug one good mug made clay make moment mug height item mug clay finish style dirt soft fabric clean wipe moist cloth fine pattern tone may shown would love mug mug mug freezer safe safe weight height depth mug,46,240
46,3388d05e88972ff9f3e1321dc0cfdc28,AKUP keep-calm Ceramic Mug,Kitchen Dining,"['keep', 'calm', 'mug', 'mug', 'keep', 'calm', 'mug', 'mug', 'give', 'mug', 'one', 'good', 'mug', 'made', 'clay', 'make', 'moment', 'mug', 'height', 'item', 'mug', 'clay', 'finish', 'style', 'dirt', 'soft', 'fabric', 'clean', 'wipe', 'moist', 'cloth', 'fine', 'pattern', 'tone', 'may', 'shown', 'would', 'keep', 'calm', 'mug', 'mug', 'mug', 'freezer', 'safe', 'safe', 'weight', 'height', 'depth', 'mug']",keep calm mug mug keep calm mug mug give mug one good mug made clay make moment mug height item mug clay finish style dirt soft fabric clean wipe moist cloth fine pattern tone may shown would keep calm mug mug mug freezer safe safe weight height depth mug,49,255
47,d1899ab1d5c79ddaa311bc9f04d198ed,D-Link DAP1320,Computers,"['link', 'io', 'android', 'link', 'white', 'speed', 'wireless', 'speed', 'speed', 'link', 'plug', 'white', 'repair', 'weight', 'antenna', 'antenna', 'standard', 'condition', 'non', 'non']",link io android link white speed wireless speed speed link plug white repair weight antenna antenna standard condition non non,20,126
48,e7cab08a267e815c72a26513222783e0,AKUP league-of-legends Ceramic Mug,Kitchen Dining,"['legend', 'mug', 'mug', 'legend', 'mug', 'mug', 'give', 'mug', 'one', 'good', 'mug', 'made', 'clay', 'make', 'moment', 'mug', 'height', 'item', 'mug', 'clay', 'finish', 'style', 'dirt', 'soft', 'fabric', 'clean', 'wipe', 'moist', 'cloth', 'fine', 'pattern', 'tone', 'may', 'shown', 'would', 'legend', 'mug', 'mug', 'mug', 'freezer', 'safe', 'safe', 'weight', 'height', 'depth', 'mug']",legend mug mug legend mug mug give mug one good mug made clay make moment mug height item mug clay finish style dirt soft fabric clean wipe moist cloth fine pattern tone may shown would legend mug mug mug freezer safe safe weight height depth mug,46,246
49,02a53d335775b652f22f41b529b9d646,Suave Naturals Everlasting Sunshine Conditioner,Beauty and Personal Care,"['everlasting', 'hair', 'condition', 'hair', 'hair', 'hair', 'everlasting', 'trait', 'hair', 'condition', 'hair', 'hair', 'hair', 'trait', 'name', 'everlasting']",everlasting hair condition hair hair hair everlasting trait hair condition hair hair hair trait name everlasting,16,112
50,69446af66066146718cd569f87e99fff,AKUP life-is-not-living Ceramic Mug,Kitchen Dining,"['life', 'living', 'mug', 'mug', 'life', 'living', 'mug', 'mug', 'give', 'mug', 'one', 'good', 'mug', 'made', 'clay', 'make', 'moment', 'mug', 'height', 'item', 'mug', 'clay', 'finish', 'style', 'dirt', 'soft', 'fabric', 'clean', 'wipe', 'moist', 'cloth', 'fine', 'pattern', 'tone', 'may', 'shown', 'would', 'life', 'living', 'mug', 'mug', 'mug', 'freezer', 'safe', 'safe', 'weight', 'height', 'depth', 'mug']",life living mug mug life living mug mug give mug one good mug made clay make moment mug height item mug clay finish style dirt soft fabric clean wipe moist cloth fine pattern tone may shown would life living mug mug mug freezer safe safe weight height depth mug,49,261
51,b4d35b6536b623c83b293eb3a1c02bba,RoQ Slim Multimedia 105key Flexible Wired USB Flexible Keyboard,Computers,"['slim', 'keyboard', 'slim', 'keyboard', 'white', 'environment', 'fit', 'keyboard', 'help', 'prevent', 'spread', 'germ', 'public', 'place', 'use', 'school', 'hospital', 'clean', 'keyboard', 'keyboard', 'good', 'use', 'area', 'outdoor', 'good', 'match', 'use', 'used', 'keyboard', 'may', 'push', 'bit', 'get', 'output', 'plug', 'weight', 'operation', 'slim', 'keyboard', 'white', 'slim', 'keyboard', 'keyboard', 'name', 'slim', 'keyboard', 'white']",slim keyboard slim keyboard white environment fit keyboard help prevent spread germ public place use school hospital clean keyboard keyboard good use area outdoor good match use used keyboard may push bit get output plug weight operation slim keyboard white slim keyboard keyboard name slim keyboard white,47,305
52,f01140c02fd09e5c56312a64fa8db3da,Cookart Elegant S.S. Handi With Hot Pot Pack of 4 Casserole Set,Kitchen Dining,"['handi', 'hot', 'pot', 'cook', 'handi', 'hot', 'pot', 'perfect', 'fusion', 'style', 'stainless', 'handi', 'perfect', 'kitchen', 'made', 'stainless', 'high', 'take', 'health', 'handi', 'handi', 'hot', 'pot', 'use', 'safe', 'cook', 'name', 'handi', 'hot', 'pot', 'stainless', 'silver', 'lid', 'included', 'non', 'stick', 'handi']",handi hot pot cook handi hot pot perfect fusion style stainless handi perfect kitchen made stainless high take health handi handi hot pot use safe cook name handi hot pot stainless silver lid included non stick handi,37,216
53,6329ddb46087cb8c09ced95471dd9643,JRB 1038 Smallest Mobile Powered By OTG Enabled Android Smart Phone Portable 1038 USB Fan,Computers,"['android', 'smart', 'phone', 'fan', 'system', 'android', 'smart', 'phone', 'plastic', 'android', 'smart', 'phone', 'fan', 'fan', 'name', 'android', 'smart', 'phone', 'plastic', 'system', 'android', 'smart', 'phone', 'micro', 'fan']",android smart phone fan system android smart phone plastic android smart phone fan fan name android smart phone plastic system android smart phone micro fan,25,156
54,7e6ae1b372e8e0b509b83ba3658b8107,JRB 1033 Smallest Mobile Powered By OTG Enabled Android Smart Phone Portable 1033 USB Fan,Computers,"['android', 'smart', 'phone', 'fan', 'system', 'android', 'smart', 'phone', 'plastic', 'android', 'smart', 'phone', 'fan', 'fan', 'system', 'android', 'smart', 'phone', 'plastic', 'name', 'android', 'smart', 'phone', 'micro', 'fan']",android smart phone fan system android smart phone plastic android smart phone fan fan system android smart phone plastic name android smart phone micro fan,25,156
55,e2ae2af58ac50adf4881751ae84a9d8a,JRB 1042 Smallest Mobile Powered By OTG Enabled Android Smart Phone Portable 1042 USB Fan,Computers,"['android', 'smart', 'phone', 'fan', 'system', 'android', 'smart', 'phone', 'plastic', 'android', 'smart', 'phone', 'fan', 'fan', 'system', 'android', 'smart', 'phone', 'plastic', 'name', 'android', 'smart', 'phone', 'micro', 'fan']",android smart phone fan system android smart phone plastic android smart phone fan fan system android smart phone plastic name android smart phone micro fan,25,156
56,24e85c590481a7cedfe66597f253f2b2,Borse N16 Make Up And Jewellery Vanity Case,Beauty and Personal Care,"['make', 'case', 'make', 'case']",make case make case,4,19
57,5e84d36ad6db970548498829db8b15de,RYTHMX FB NAIL POLISHES BLACK LIPSTICKS IMPORTANT COMBO 51,Beauty and Personal Care,"['nail', 'polish', 'black', 'lipstick', 'content', 'content', 'nail', 'polish', 'lipstick', 'organic', 'trait', 'use', 'lipstick', 'return']",nail polish black lipstick content content nail polish lipstick organic trait use lipstick return,14,97
58,3c4604dba348a99a2dfbbc2cd3928101,RYTHMX FB NAIL POLISHES BLACK LIPSTICKS IMPORTANT COMBO 60,Beauty and Personal Care,"['nail', 'polish', 'black', 'lipstick', 'hour', 'stay', 'made', 'india', 'soft', 'smooth', 'nail', 'polish', 'black', 'lipstick', 'come', 'vivid', 'shade', 'ultra', 'glide', 'nail', 'polish', 'black', 'lipstick', 'content', 'content', 'nail', 'polish', 'lipstick', 'organic', 'trait', 'use', 'lipstick', 'return']",nail polish black lipstick hour stay made india soft smooth nail polish black lipstick come vivid shade ultra glide nail polish black lipstick content content nail polish lipstick organic trait use lipstick return,33,213
59,0abfcbe0e17dd50c4cf5fb1d6037d514,Brillare Science Dandruff Control Shampoo & Intenso Creme Combo,Beauty and Personal Care,"['dandruff', 'control', 'shampoo', 'content', 'dandruff', 'control', 'shampoo', 'dandruff', 'control', 'men', 'organic', 'trait']",dandruff control shampoo content dandruff control shampoo dandruff control men organic trait,12,92
60,4a1b23dacd7d2a9ec7414f7159f25a48,"Mars Queen Eye Liner, Lip Gloss, EyeLiner",Beauty and Personal Care,"['queen', 'eye', 'liner', 'lip', 'gloss', 'queen', 'eye', 'liner', 'lip', 'gloss', 'queen', 'eye', 'liner', 'lip', 'gloss', 'content', 'content', 'queen', 'eye', 'liner', 'lip', 'gloss', 'organic', 'trait']",queen eye liner lip gloss queen eye liner lip gloss queen eye liner lip gloss content content queen eye liner lip gloss organic trait,24,133
61,95330f6f0f44d17b918feec36bedcdef,RYTHMX FB NAIL POLISHES BLACK LIPSTICKS IMPORTANT COMBO 47,Beauty and Personal Care,"['nail', 'polish', 'black', 'lipstick', 'content', 'content', 'nail', 'polish', 'lipstick', 'organic', 'trait', 'use', 'lipstick', 'return']",nail polish black lipstick content content nail polish lipstick organic trait use lipstick return,14,97
62,66a5a21ea332aefcc7b90dbad94053aa,Aroma Care Intense Color Nail Polish Combo 175057 49.5 ml,Beauty and Personal Care,"['aroma', 'nail', 'polish', 'nail', 'polish', 'trait', 'shade', 'organic', 'use', 'return', 'trait', 'return', 'may', 'actual', 'shade', 'due', 'monitor', 'resolution', 'well', 'screen', 'nail', 'polish']",aroma nail polish nail polish trait shade organic use return trait return may actual shade due monitor resolution well screen nail polish,22,137
63,f4e7f269319ba9cf5507a9e2febacbf5,KOHL Wine Bag Yellow,Baby Care,"['kohl', 'wine', 'bag', 'yellow', 'bit', 'kohl', 'wine', 'bag', 'yellow', 'yellow', 'kohl', 'cover', 'wine', 'bag', 'name', 'wine', 'bag', 'yellow', 'yellow', 'content', 'cover', 'bit']",kohl wine bag yellow bit kohl wine bag yellow yellow kohl cover wine bag name wine bag yellow yellow content cover bit,22,118
64,80e9cb3d2d7f9ff7bc497c34df366d03,Shopmania Happy Birthday Gift For Starting Letter Q Ceramic Mug,Kitchen Dining,"['birthday', 'letter', 'mug', 'mug', 'mug', 'freezer', 'safe', 'safe', 'weight', 'height', 'depth', 'mug']",birthday letter mug mug mug freezer safe safe weight height depth mug,12,69
65,2baa415ebcc4fe563ce13b50e60efc1c,Shopmania Happy Birthday Gift For Starting Letter G Ceramic Mug,Kitchen Dining,"['birthday', 'letter', 'mug', 'mug', 'birthday', 'letter', 'mug', 'mug', 'mug', 'freezer', 'safe', 'safe', 'weight', 'height', 'depth', 'mug']",birthday letter mug mug birthday letter mug mug mug freezer safe safe weight height depth mug,16,93
66,903d63e2b71d692ccd628e1de516516e,CHHOTE JANAB COZY MATTRESS PROTECTOR(SET OF 2),Baby Care,"['mattress', 'protector', 'mattress', 'waterproof', 'name', 'mattress', 'protector', 'pattern', 'plain', 'soft', 'waterproof', 'colour', 'may', 'mattress']",mattress protector mattress waterproof name mattress protector pattern plain soft waterproof colour may mattress,14,112
67,707b160df4c4dece6cde52b222ce624b,Prime Printed 4 Seater Table Cover,Home Furnishing,"['prime', 'seater', 'cover', 'prime', 'seater', 'cover', 'prime', 'center', 'cover', 'seater', 'prime', 'seater', 'cover', 'content', 'prime', 'cover', 'name', 'weight', 'seater']",prime seater cover prime seater cover prime center cover seater prime seater cover content prime cover name weight seater,19,121
68,ed9817e8960a6a0d509061c54cfe5ac1,SKI WINNER GIFT SET SKYBLUE02 2 Containers Lunch Box,Kitchen Dining,"['winner', 'lunch', 'low', 'name', 'winner', 'lunch', 'lunch', 'plastic', 'lunch']",winner lunch low name winner lunch lunch plastic lunch,9,54
69,5a7a1287fef0d986a5e237797beee286,GAYATRI CREATIONS ORANGE KIDS SET 2 Containers Lunch Box,Kitchen Dining,"['creation', 'kid', 'lunch', 'name', 'kid', 'lunch', 'lunch', 'plastic', 'lunch', 'lunch']",creation kid lunch name kid lunch lunch plastic lunch lunch,10,59
70,9ba898ecb77ab5a6799c8b047c6b6008,Caffeine Handmade Tribal Print Influenced Katori Bowl (Set of 2) Stoneware Bowl Set,Kitchen Dining,"['tribal', 'print', 'bowl', 'bowl', 'tip', 'bottom', 'fine', 'dessert', 'bowl', 'used', 'fruit', 'custard', 'snack', 'note', 'tribal', 'print', 'bowl', 'bowl', 'green', 'tribal', 'print', 'bowl', 'perfect', 'tribal', 'art', 'time', 'work', 'cute', 'perfect', 'finish', 'hand', 'art', 'field', 'enough', 'give', 'sweet', 'touch', 'love', 'food', 'love', 'kitchen', 'love', 'modern', 'approach', 'dessert', 'bowl', 'guest', 'get', 'fine', 'tip', 'bottom', 'fine', 'dessert', 'bowl', 'used', 'fruit', 'custard', 'snack', 'note', 'tribal', 'print', 'bowl', 'bowl', 'green', 'bowl', 'name', 'tribal', 'print', 'bowl', 'bowl', 'ice', 'cream', 'bowl', 'bowl', 'fruit', 'bowl', 'bowl', 'bowl', 'bowl', 'bowl', 'freezer', 'safe', 'safe', 'green', 'bowl']",tribal print bowl bowl tip bottom fine dessert bowl used fruit custard snack note tribal print bowl bowl green tribal print bowl perfect tribal art time work cute perfect finish hand art field enough give sweet touch love food love kitchen love modern approach dessert bowl guest get fine tip bottom fine dessert bowl used fruit custard snack note tribal print bowl bowl green bowl name tribal print bowl bowl ice cream bowl bowl fruit bowl bowl bowl bowl bowl freezer safe safe green bowl,85,489
71,f2658bad8c2b7d5b08984c6ac34267f7,Prime Printed 8 Seater Table Cover,Home Furnishing,"['prime', 'seater', 'cover', 'prime', 'seater', 'cover', 'prime', 'cover', 'seater', 'prime', 'seater', 'cover', 'content', 'prime', 'cover', 'name', 'weight', 'seater']",prime seater cover prime seater cover prime cover seater prime seater cover content prime cover name weight seater,18,114
72,afc3ebd18df498dd87abb7ad7536b5c7,Garnet Traveller 1500 ml Bottle,Kitchen Dining,"['garnet', 'stylish', 'look', 'glass', 'cap', 'garnet', 'plastic', 'content', 'pink', 'blue']",garnet stylish look glass cap garnet plastic content pink blue,10,62
73,141d2b743c477043041faddf9233c8ad,Vitamins Solid Baby Girl's Basic Shorts,Baby Care,"['vitamin', 'solid', 'basic', 'short', 'short', 'content', 'fabric', 'basic', 'short', 'pattern', 'solid', 'occasion', 'casual', 'short', 'style', 'code', 'blue', 'fabric', 'lukewarm', 'bleach']",vitamin solid basic short short content fabric basic short pattern solid occasion casual short style code blue fabric lukewarm bleach,20,133
74,7a3f11f380a1bf85338ab3771ff81e9f,Vitamins Graphic Print Baby Girl's Basic Shorts,Baby Care,"['vitamin', 'graphic', 'print', 'basic', 'short', 'antrum', 'vitamin', 'graphic', 'print', 'basic', 'short', 'occasion', 'casual', 'pattern', 'graphic', 'print', 'short', 'basic', 'short', 'fabric', 'content', 'fabric', 'lukewarm', 'bleach', 'style', 'code', 'antrum', 'short']",vitamin graphic print basic short antrum vitamin graphic print basic short occasion casual pattern graphic print short basic short fabric content fabric lukewarm bleach style code antrum short,28,192
75,ae45b64d808a883aa35f2bf4de879cac,Vitamins Embroidered Baby Girl's Denim Shorts,Baby Care,"['vitamin', 'denim', 'short', 'occasion', 'casual', 'pattern', 'short', 'denim', 'short', 'fabric', 'pocket', 'patch', 'pocket', 'content', 'fabric', 'lukewarm', 'bleach', 'style', 'code', 'short']",vitamin denim short occasion casual pattern short denim short fabric pocket patch pocket content fabric lukewarm bleach style code short,20,136
76,1971dcd2f3058a4c87bdd7d87d4baeba,KE GIFT BOX STOR JEWELLARY Vanity Jewellery,Beauty and Personal Care,"['blue', 'wood', 'aluminium', 'drawer', 'drawer', 'compartment', 'compartment']",blue wood aluminium drawer drawer compartment compartment,7,57
77,4942e0a9c0527dc00319a39fc8f103e6,Giorgio Armani SMOOTH SILK LIP PENCIL 12,Beauty and Personal Care,"['smooth', 'silk', 'lip', 'pencil', 'glide', 'look', 'lip', 'gorgeous', 'colour', 'smooth', 'silk', 'lip', 'pencil', 'lip', 'liner', 'dual', 'shade', 'waterproof', 'lip', 'pencil']",smooth silk lip pencil glide look lip gorgeous colour smooth silk lip pencil lip liner dual shade waterproof lip pencil,20,119
78,0a8a1e9c6659361c0c2b247f8a6471d0,Jaipur Print Cotton Floral Diwan Set,Home Furnishing,"['print', 'floral', 'fast', 'colour', 'hand', 'superior', 'print', 'floral', 'nice', 'made', 'city', 'give', 'royal', 'look', 'superior', 'give', 'new', 'look', 'royal', 'made', 'royal', 'city', 'print', 'floral', 'print', 'code', 'style', 'code', 'pattern', 'floral', 'defect', 'used', 'bolster', 'cover', 'weight', 'cushion', 'cover', 'cushion', 'cover', 'sheet', 'sheet', 'fabric', 'bleach', 'content', 'cushion', 'cover', 'bolster', 'cover']",print floral fast colour hand superior print floral nice made city give royal look superior give new look royal made royal city print floral print code style code pattern floral defect used bolster cover weight cushion cover cushion cover sheet sheet fabric bleach content cushion cover bolster cover,48,300
79,320833ab08c9a94ef83520612899a85f,florence9 baby cap red checks Cap,Baby Care,"['cap', 'red', 'check', 'cap', 'red', 'check', 'cap', 'red', 'check', 'cap', 'cap', 'content', 'fabric', 'cap', 'red', 'check', 'occasion', 'casual', 'style', 'code', 'cap', 'red', 'check']",cap red check cap red check cap red check cap cap content fabric cap red check occasion casual style code cap red check,23,119
80,57578c1e6ec61a880a6f3f971f5f77b8,VarEesha Wooden Key Holder,Home Decor Festive Needs,"['wooden', 'holder', 'hand', 'made', 'iron', 'mango', 'wood', 'brown', 'wood', 'clean', 'wet', 'cloth', 'wipe', 'wooden', 'holder', 'hook', 'wood', 'iron', 'designed', 'place', 'store', 'iron', 'glass', 'back', 'protect', 'dust', 'make', 'hook', 'less', 'used', 'bigger', 'hook', 'car', 'bigger', 'used', 'wooden', 'holder', 'hook', 'wooden', 'hook', 'weight']",wooden holder hand made iron mango wood brown wood clean wet cloth wipe wooden holder hook wood iron designed place store iron glass back protect dust make hook less used bigger hook car bigger used wooden holder hook wooden hook weight,41,236
81,4e130ed339dcfe20d2c8b66892278a94,Treasure Showpiece  -  23 cm,Home Decor Festive Needs,"['height', 'blue', 'blue', 'height', 'depth', 'show']",height blue blue height depth show,6,34
82,601817defaff9d0e30e1b72f96d3975f,CHINMAY KIDS Printed Cotton Padded Mosquito Net,Baby Care,"['kid', 'mosquito', 'net', 'kid', 'name', 'weight', 'height', 'mosquito', 'net']",kid mosquito net kid name weight height mosquito net,9,52
83,3cdfd9df09f61a8fd178bafcc8dbed31,HEAVENLY Dress Baby Boy's  Combo,Baby Care,"['dress', 'regular', 'smooth', 'wear', 'dress', 'apparel', 'jersey', 'fabric', 'style', 'curved', 'side', 'fit', 'regular', 'fit', 'pattern', 'half', 'occasion', 'casual', 'content', 'fabric', 'bleach', 'cold', 'style', 'code']",dress regular smooth wear dress apparel jersey fabric style curved side fit regular fit pattern half occasion casual content fabric bleach cold style code,24,154
84,374e63028d691c380bc43b0dc60e460d,@home Glass Vase,Home Decor Festive Needs,"['glass', 'vase', 'grey', 'garden', 'decor', 'glass', 'grey', 'height', 'depth', 'vase']",glass vase grey garden decor glass grey height depth vase,10,57
85,61c0139f3d5c97f1615797dbf046cc0c,Smart Wall Guru Medium Adhesive Sticker,Home Decor Festive Needs,"['smart', 'wall', 'guru', 'medium', 'sticker', 'wall', 'decal', 'room', 'living', 'room', 'bath', 'room', 'guest', 'room', 'kitchen', 'clean', 'wall', 'decal', 'front', 'finish', 'two', 'layer', 'smart', 'wall', 'guru', 'medium', 'sticker', 'smart', 'wall', 'guru', 'give', 'pure', 'wall', 'sticker', 'wall', 'decal', 'kind', 'sticker', 'made', 'self', 'vinyl', 'plane', 'great', 'wall', 'method', 'smart', 'wall', 'guru', 'medium', 'sticker', 'content', 'sticker', 'use', 'child', 'bedroom', 'bedroom', 'scratch', 'smart', 'wall', 'guru', 'sticker', 'self', 'vinyl', 'medium', 'height']",smart wall guru medium sticker wall decal room living room bath room guest room kitchen clean wall decal front finish two layer smart wall guru medium sticker smart wall guru give pure wall sticker wall decal kind sticker made self vinyl plane great wall method smart wall guru medium sticker content sticker use child bedroom bedroom scratch smart wall guru sticker self vinyl medium height,65,391
86,0096e89cc25a8b96fb9808716406fe94,oxford Tawa 15 cm cm diameter,Kitchen Dining,"['oxford', 'tawa', 'non', 'stick', 'tawa', 'oxford', 'tawa', 'aluminium', 'non', 'stick', 'pan', 'flat', 'non', 'stick', 'oxford', 'bottom', 'tawa', 'aluminium', 'black', 'tawa']",oxford tawa non stick tawa oxford tawa aluminium non stick pan flat non stick oxford bottom tawa aluminium black tawa,20,117
87,e8ee7868b0c3d1d04b482cd4f3ec5ccc,Eureka.in GSEB Class VII,Computers,"['rich', 'audio', 'video', 'lead', 'good', 'understanding', 'understood', 'understood', 'video', 'well', 'designed', 'student', 'help', 'least', 'effort', 'eureka', 'class', 'pen', 'drive', 'premium', 'eureka', 'class', 'board', 'offer', 'high', 'content', 'help', 'help', 'solid', 'eureka', 'high', 'video', 'script', 'quiz', 'web', 'link', 'many', 'name', 'class', 'education', 'board', 'education', 'board', 'year', 'high', 'video', 'script', 'quiz', 'web', 'link', 'many', 'system', 'ram', 'space', 'system', 'window', 'window', 'window', 'graphic', 'card', 'sound', 'card', 'speaker', 'sound', 'card', 'speaker', 'per', 'second', 'hard', 'drive', 'processor', 'core', 'duo', 'processor']",rich audio video lead good understanding understood understood video well designed student help least effort eureka class pen drive premium eureka class board offer high content help help solid eureka high video script quiz web link many name class education board education board year high video script quiz web link many system ram space system window window window graphic card sound card speaker sound card speaker per second hard drive processor core duo processor,74,469
88,04f9ff160a1561e3656350f4bd6b8c50,Craft Trade Oval Wood Coaster Set,Home Furnishing,"['craft', 'trade', 'oval', 'wood', 'coaster', 'hand', 'coaster', 'coaster', 'craft', 'trade', 'oval', 'wood', 'coaster', 'brown', 'coaster', 'coaster', 'make', 'love', 'hand', 'artist', 'made', 'fine', 'wood', 'come', 'stand', 'store', 'make', 'look', 'long', 'life', 'protect', 'hand', 'craft', 'trade', 'artisan', 'craft', 'trade', 'oval', 'wood', 'coaster', 'brown', 'shape', 'oval', 'craft', 'trade', 'code', 'coaster', 'wood', 'style', 'code', 'pattern', 'self', 'wood', 'brown', 'case', 'defect', 'holder', 'weight', 'coaster', 'holder', 'height', 'coaster', 'holder', 'coaster', 'coaster', 'content', 'coaster', 'holder', 'coaster']",craft trade oval wood coaster hand coaster coaster craft trade oval wood coaster brown coaster coaster make love hand artist made fine wood come stand store make look long life protect hand craft trade artisan craft trade oval wood coaster brown shape oval craft trade code coaster wood style code pattern self wood brown case defect holder weight coaster holder height coaster holder coaster coaster content coaster holder coaster,69,431
90,6ae332e2bafd23267caedfcc4453257c,Exotic India Adi Buddha Vajrasattva Showpiece  -  27.94 cm,Home Decor Festive Needs,"['exotic', 'india', 'adi', 'buddha', 'exotic', 'india', 'adi', 'buddha']",exotic india adi buddha exotic india adi buddha,8,47
91,57800d48b001f3fad34a4f8fa9207f29,Aapno Rajasthan Princess Design Showpiece  -  22 cm,Home Decor Festive Needs,"['princess', 'princess']",princess princess,2,17
92,d1e18b4a3aafb0040da2111c8b8ce2e5,Exotic India Vaishnava Symbols - Shankha And Chakra Showpiece  -  37 cm,Home Decor Festive Needs,"['exotic', 'india', 'vaishnava', 'symbol', 'chakra', 'exotic', 'india', 'vaishnava', 'symbol', 'chakra']",exotic india vaishnava symbol chakra exotic india vaishnava symbol chakra,10,73
93,46e6853da6b0c796b7a0d8203ceaa88e,Exotic India Relaxing Ganesha Showpiece  -  11.43 cm,Home Decor Festive Needs,"['exotic', 'india', 'exotic', 'india']",exotic india exotic india,4,25
94,22296bfc1c79d9dc88eabbd01220ef0c,BeYOUtiful Copper Repouss�� - Man With Dhol Showpiece  -  36 cm,Home Decor Festive Needs,"['copper', 'man', 'copper', 'man']",copper man copper man,4,21
95,f4d4c2eec77732f56e47722d7a355f2b,Exotic India Blessing Buddha Showpiece  -  36.83 cm,Home Decor Festive Needs,"['exotic', 'india', 'buddha', 'exotic', 'india', 'buddha']",exotic india buddha exotic india buddha,6,39
96,f12a06b7dbfc55638afafcf8bb03d836,My Angel Gifts Show Piece Showpiece  -  5 cm,Home Decor Festive Needs,"['angel', 'show', 'angel', 'show']",angel show angel show,4,21
97,18bd9b88e23b82fd19f8ab0c9cad6a1a,Diviniti DG Royal Ornamental Size 4 Gurunanak religious wall hanging Showpiece  -  30.5 cm,Home Decor Festive Needs,"['royal', 'wall', 'glass', 'gold', 'bring', 'glass', 'frame', 'perfect', 'wall', 'desk', 'glass', 'frame', 'swiss', 'carat', 'gold', 'foil', 'use', 'bring', 'glass', 'frame', 'perfect', 'wall', 'desk', 'glass', 'frame', 'swiss', 'carat', 'gold', 'foil', 'use']",royal wall glass gold bring glass frame perfect wall desk glass frame swiss carat gold foil use bring glass frame perfect wall desk glass frame swiss carat gold foil use,30,169
98,5749bae8ccead7997ebf370b6b081d07,Kuber Industries Bangle Four Roll & Ring & Earing Box Jewellery Vanity Pouch,Beauty and Personal Care,"['four', 'roll', 'ring', 'pouch', 'four', 'roll', 'ring', 'pouch']",four roll ring pouch four roll ring pouch,8,41
99,059493eeb88ebb4cc08d1522f3f87c3f,Thar Handloom Stylish Multicolor Jewellery Box Jewellery and Makeup items Vanity Case,Beauty and Personal Care,"['thar', 'stylish', 'item', 'case', 'thar', 'stylish', 'item', 'case']",thar stylish item case thar stylish item case,8,45
100,9613f2f1e65fb1fc7e181e7f83c217da,Goldencollections GC4353 Makeup and Jewellery Vanity Pouch,Beauty and Personal Care,"['pouch', 'pouch']",pouch pouch,2,11
101,c7fcd0d983a51283e58b806f065cc920,Diviniti MDF Color Religious Wall Hanging Size 4 Radha Krishna Showpiece  -  36.4 cm,Home Decor Festive Needs,"['wall', 'krishna', 'wall', 'krishna']",wall krishna wall krishna,4,25
102,b78586222de9a1095d0a9d88455ee75f,K&P Lord Ganesha Regular 16 Showpiece  -  13 cm,Home Decor Festive Needs,"['lord', 'regular', 'finish', 'done', 'every', 'idol', 'plastic', 'case', 'dust', 'proof', 'frame', 'lord', 'regular', 'built', 'great', 'craftsmanship', 'artisan', 'perfect', 'every', 'occasion', 'idol', 'perfect', 'one', 'occasion', 'option', 'friend', 'keep', 'puja', 'room', 'living', 'room', 'lord', 'regular', 'idol', 'name', 'lord', 'regular', 'weight', 'height', 'depth']",lord regular finish done every idol plastic case dust proof frame lord regular built great craftsmanship artisan perfect every occasion idol perfect one occasion option friend keep puja room living room lord regular idol name lord regular weight height depth,40,258
103,dfbd96036cbc28566e964cff04b5b3a8,Rama Floral Single Quilts & Comforters Pink-Red,Home Furnishing,"['rama', 'floral', 'quilt', 'pink', 'red']",rama floral quilt pink red,5,26
104,336fc49639a5cc45aa532ace3ee1a044,Rama Floral Single Quilts & Comforters Yellow,Home Furnishing,"['rama', 'floral', 'quilt', 'yellow']",rama floral quilt yellow,4,24
105,789cf5578f48577a44586fca3adc35d0,Shop Rajasthan Abstract Single Dohar Multicolor,Home Furnishing,"['shop', 'abstract']",shop abstract,2,13
106,184ecf07ca4e2872eaf53d2344a1e783,Bestway 1.47m x 1.47m x 1.22m/Play With Sun Shade Inflatable Play Pool,Baby Care,"['play', 'sun', 'shade', 'play', 'pool', 'play', 'sun', 'shade', 'play', 'pool']",play sun shade play pool play sun shade play pool,10,49
107,b515014adccb1fdf5ff1e2c4a8ff9ea6,Artisan Creation Checkered Single Quilts & Comforters Brown,Home Furnishing,"['creation', 'quilt', 'brown', 'bed', 'quilt', 'world', 'famous', 'jaipuri', 'pure', 'velvet', 'bed', 'quilt', 'print', 'good', 'indian', 'quilt', 'spectacular', 'quilt', 'decor', 'designed', 'white', 'check', 'brown', 'quilt', 'made', 'fine', 'filling', 'one', 'side', 'velvet', 'colour', 'velvet', 'border', 'world', 'famous', 'jaipuri', 'pure', 'velvet', 'bed', 'quilt', 'print', 'good', 'indian', 'quilt', 'spectacular', 'quilt', 'decor', 'designed', 'white', 'check', 'brown', 'quilt', 'made', 'fine', 'filling', 'one', 'side', 'velvet', 'colour', 'velvet', 'border']",creation quilt brown bed quilt world famous jaipuri pure velvet bed quilt print good indian quilt spectacular quilt decor designed white check brown quilt made fine filling one side velvet colour velvet border world famous jaipuri pure velvet bed quilt print good indian quilt spectacular quilt decor designed white check brown quilt made fine filling one side velvet colour velvet border,61,388
108,5aacf8f5154afea2ac22fc767d072677,Rama Floral Single Quilts & Comforters Blue-Beige,Home Furnishing,"['rama', 'floral', 'quilt', 'blue']",rama floral quilt blue,4,22
109,7cbbe686c4a233e8cf53528748f75223,Remtex Export Cartoon Single Dohar Multicolor,Home Furnishing,"['export', 'cartoon', 'content', 'export', 'men', 'bed', 'inner', 'hand', 'name', 'depth']",export cartoon content export men bed inner hand name depth,10,59
110,f1ee63a5f0db853e2c1b377778580d39,TWISHA Printed Kurti & Salwar,Baby Care,"['fabric', 'polka', 'print', 'black', 'sleeveless', 'straight', 'neck', 'round', 'fabric', 'fabric', 'pattern', 'occasion', 'fabric', 'hand']",fabric polka print black sleeveless straight neck round fabric fabric pattern occasion fabric hand,14,98
111,0bb0f7b7a3075f4b9459121abe2185fa,Eternity Handcrafted unique Mosaic Glass Table Lamp,Home Decor Festive Needs,"['mosaic', 'glass', 'lamp', 'blue', 'lamp', 'content', 'desk', 'blue', 'lamp', 'glass', 'lamp', 'base', 'metal', 'bulb', 'led', 'bulb', 'blue', 'name', 'mosaic', 'glass', 'power', 'power', 'power', 'lamp', 'height', 'weight']",mosaic glass lamp blue lamp content desk blue lamp glass lamp base metal bulb led bulb blue name mosaic glass power power power lamp height weight,26,146
112,8015db34d09642b046c775e8157dd729,FS Mini Klub Baby Boy's Sleepsuit,Baby Care,"['mini', 'fabric', 'grey', 'mini', 'full', 'age', 'group', 'month', 'content', 'fabric', 'pattern', 'neck', 'round', 'neck']",mini fabric grey mini full age group month content fabric pattern neck round neck,14,81
113,0ddc40c08d9a9bafc4d14eddd98db7c0,Omic Poto-Blue 1000 ml Sipper,Kitchen Dining,"['blue', 'sipper', 'blue', 'sipper', 'blue', 'refreshing', 'fruit', 'designed', 'take', 'rich', 'fruit', 'fresh', 'fruit', 'tea', 'herb', 'great', 'plain', 'well', 'known', 'fact', 'need', 'drink', 'lot', 'research', 'show', 'drink', 'give', 'fruit', 'extra', 'made', 'high', 'scratch', 'health', 'proof', 'clean', 'school', 'four', 'option', 'come', 'fresh', 'fruit', 'give', 'plain', 'blue', 'sipper', 'blue', 'sipper', 'content']",blue sipper blue sipper blue refreshing fruit designed take rich fruit fresh fruit tea herb great plain well known fact need drink lot research show drink give fruit extra made high scratch health proof clean school four option come fresh fruit give plain blue sipper blue sipper content,48,287
114,bc784846bd59a16832454416ac708003,Lollipop Lane Tiddly Wink Safari Bath Set,Baby Care,['bath'],bath,1,4
115,8e8f5dc78f80eff3c77a9714303f59d2,Filink 310 Black Toner,Computers,"['black', 'toner', 'black', 'printer', 'canon', 'high', 'high', 'page', 'yield', 'dark', 'print', 'toner', 'new', 'iso', 'printer', 'canon', 'high', 'high', 'page', 'yield', 'dark', 'print', 'toner', 'new', 'iso']",black toner black printer canon high high page yield dark print toner new iso printer canon high high page yield dark print toner new iso,25,137
116,53f4bc7d7321f5c41de6b86e41f13e80,Recrafto Buddha Showpiece  -  15.24 cm,Home Decor Festive Needs,"['buddha', 'brass', 'black', 'green', 'brass', 'buddha', 'idol', 'brass', 'buddha', 'idol']",buddha brass black green brass buddha idol brass buddha idol,10,60
117,be09f5a3a88ac10ae14c791fc8ac0dae,"Anthill Baby Boy's, Baby Girl's Bodysuit",Baby Care,"['yellow', 'india', 'shop', 'apparel', 'huge', 'collection']",yellow india shop apparel huge collection,6,41
118,d202ea988ab11f2327279093ac71975d,Exotic India Lord Ganesha (Carved in Hematite) Showpiece  -  5.08 cm,Home Decor Festive Needs,"['exotic', 'india', 'lord', 'exotic', 'india', 'lord']",exotic india lord exotic india lord,6,35
119,db6c79a1d852944a89e157793f392d67,FRENEMY MPAD271 Mousepad,Computers,"['smooth', 'finish', 'move', 'rich', 'finish', 'clean', 'make', 'long', 'lasting', 'buyer', 'smooth', 'finish', 'move', 'across', 'zero', 'broad', 'area', 'rich', 'finish', 'brilliant', 'imprint', 'print', 'pad', 'peel', 'stain', 'high', 'fabric', 'construction', 'clean', 'non', 'slip', 'rubber', 'base', 'high', 'non', 'slip', 'fabric', 'weight', 'height', 'card']",smooth finish move rich finish clean make long lasting buyer smooth finish move across zero broad area rich finish brilliant imprint print pad peel stain high fabric construction clean non slip rubber base high non slip fabric weight height card,40,245
120,16c18ce0affca13159e362227c83683c,Quilt India Floral Cushions Cover,Home Furnishing,"['quilt', 'india', 'floral', 'cushion', 'cover', 'quilt', 'india', 'floral', 'cushion', 'cover', 'gold', 'quilt', 'india', 'cushion', 'code', 'dupion', 'silk', 'style', 'code', 'pattern', 'floral', 'gold', 'content']",quilt india floral cushion cover quilt india floral cushion cover gold quilt india cushion code dupion silk style code pattern floral gold content,23,146
121,7dd5e83e2108a97659577e50879f9d9f,Toffyhouse Baby Boy's Sleepsuit,Baby Care,"['full', 'age', 'group', 'month', 'fabric', 'pattern', 'neck', 'round', 'neck']",full age group month fabric pattern neck round neck,9,51
122,a63eecfbb02004863fa1f29a0b8105fc,Shopizone BMW Wheel 32 GB  Pen Drive,Computers,"['wheel', 'pen', 'drive', 'case', 'rubber', 'system', 'window', 'vista', 'wheel', 'pen', 'drive', 'black', 'pen', 'drive', 'cool', 'pen', 'drive', 'cute', 'work', 'strong', 'add', 'style', 'pen', 'drive', 'collection', 'flash', 'age', 'group', 'wheel', 'pen', 'drive', 'black', 'wheel', 'case', 'rubber', 'window', 'vista', 'black', 'weight']",wheel pen drive case rubber system window vista wheel pen drive black pen drive cool pen drive cute work strong add style pen drive collection flash age group wheel pen drive black wheel case rubber window vista black weight,39,224
123,5c77aa1fc09901ae07c392c152a70e41,Craftcart Parrot Antique Brass Key Holder,Home Decor Festive Needs,"['parrot', 'brass', 'holder', 'shape', 'parrot', 'mount', 'screw', 'parrot', 'brass', 'holder', 'hook', 'brown', 'brass', 'holder', 'parrot', 'brass', 'holder', 'hook', 'brown', 'shape', 'parrot', 'parrot', 'name', 'parrot', 'brass', 'finish', 'hook', 'mount', 'screw', 'brown', 'holder', 'weight', 'height', 'depth']",parrot brass holder shape parrot mount screw parrot brass holder hook brown brass holder parrot brass holder hook brown shape parrot parrot name parrot brass finish hook mount screw brown holder weight height depth,34,214
124,640fd08bb3ba538d67a5c0c2c61a5c4c,SOS COMPUTRISED LCD INTRFERENTIAL UNIT-125PROG. MUSCLE SPASM Electrotherapy Device,Beauty and Personal Care,"['so', 'unit', 'so', 'time', 'desired', 'display', 'designed', 'one', 'year', 'one', 'year', 'power', 'one']",so unit so time desired display designed one year one year power one,13,68
125,7241df1acae1fac892c692097ea3fb98,Sally Hansen La Cross 5 Pcs Festival Grooming Kit,Beauty and Personal Care,['kit'],kit,1,3
126,a85a7dbd31267a7b02eda3a4d484632d,Svayam Premium Manicure Duo - Stainless Steel,Beauty and Personal Care,"['premium', 'duo', 'stainless']",premium duo stainless,3,21
127,13de17e59a92f8bcaec8bf103bbff8c1,Go Bonjour Stainless Steel 9 pc Manicure Kit,Beauty and Personal Care,"['stainless', 'kit']",stainless kit,2,13
128,3ba13df7877fd979d64c87c7586a5ca6,Arsalan 10.5 inch Glass Hookah,Home Decor Festive Needs,"['glass', 'hookah', 'glass', 'hookah']",glass hookah glass hookah,4,25
129,f1484a63c0dc79e96c98b2a250380ed8,Prithish Alphabets With Illustrations Double Color Ceramic Mug,Kitchen Dining,"['mug', 'get', 'wide', 'selection', 'cute', 'mean', 'sure', 'find', 'quote', 'say', 'way', 'mug', 'bring', 'smile', 'forget', 'share', 'mug', 'like', 'make', 'great', 'mug', 'designed', 'ink', 'graphic', 'perfect', 'around', 'express', 'mug', 'give', 'freedom', 'broadcast', 'special', 'holiday', 'cheer', 'love', 'mug', 'perfect', 'show', 'well', 'know', 'break', 'mug', 'bring', 'laugh', 'get', 'wide', 'selection', 'cute', 'mean', 'sure', 'find', 'quote', 'say', 'way', 'mug', 'bring', 'smile', 'forget', 'share', 'mug', 'like', 'make', 'great', 'mug', 'designed', 'ink', 'graphic', 'perfect', 'around', 'express', 'mug', 'give', 'freedom', 'broadcast', 'special', 'holiday', 'cheer', 'love', 'mug', 'perfect', 'show', 'well', 'know', 'break', 'mug', 'bring', 'laugh']",mug get wide selection cute mean sure find quote say way mug bring smile forget share mug like make great mug designed ink graphic perfect around express mug give freedom broadcast special holiday cheer love mug perfect show well know break mug bring laugh get wide selection cute mean sure find quote say way mug bring smile forget share mug like make great mug designed ink graphic perfect around express mug give freedom broadcast special holiday cheer love mug perfect show well know break mug bring laugh,87,509
130,f01ff0a82401117e9da22dd680fd2f36,Rockmantra Old Art Ceramic Mug,Kitchen Dining,"['old', 'art', 'mug', 'give', 'thrilling', 'yet', 'fresh', 'start', 'creation', 'mug', 'porcelain', 'stay', 'year', 'come', 'perfect', 'pick', 'one', 'safe', 'give', 'thrilling', 'yet', 'fresh', 'start', 'creation', 'mug', 'porcelain', 'stay', 'year', 'come', 'perfect', 'pick', 'one', 'safe']",old art mug give thrilling yet fresh start creation mug porcelain stay year come perfect pick one safe give thrilling yet fresh start creation mug porcelain stay year come perfect pick one safe,33,193
131,de911421573d3e234450040374b55b38,Prithish Word of The Day: Bullshit Double Color Ceramic Mug,Kitchen Dining,"['mug', 'get', 'wide', 'selection', 'cute', 'mean', 'sure', 'find', 'quote', 'say', 'way', 'mug', 'bring', 'smile', 'forget', 'share', 'mug', 'like', 'make', 'great', 'mug', 'designed', 'ink', 'graphic', 'perfect', 'around', 'express', 'mug', 'give', 'freedom', 'broadcast', 'special', 'holiday', 'cheer', 'love', 'mug', 'perfect', 'show', 'well', 'know', 'break', 'mug', 'bring', 'laugh', 'get', 'wide', 'selection', 'cute', 'mean', 'sure', 'find', 'quote', 'say', 'way', 'mug', 'bring', 'smile', 'forget', 'share', 'mug', 'like', 'make', 'great', 'mug', 'designed', 'ink', 'graphic', 'perfect', 'around', 'express', 'mug', 'give', 'freedom', 'broadcast', 'special', 'holiday', 'cheer', 'love', 'mug', 'perfect', 'show', 'well', 'know', 'break', 'mug', 'bring', 'laugh']",mug get wide selection cute mean sure find quote say way mug bring smile forget share mug like make great mug designed ink graphic perfect around express mug give freedom broadcast special holiday cheer love mug perfect show well know break mug bring laugh get wide selection cute mean sure find quote say way mug bring smile forget share mug like make great mug designed ink graphic perfect around express mug give freedom broadcast special holiday cheer love mug perfect show well know break mug bring laugh,87,509
132,614dbfa2f42c4684c0bb6152091113a6,Prithish Independence Day Design 7 Ceramic Mug,Kitchen Dining,"['mug', 'mug']",mug mug,2,7
133,5531b9f454e2d75cfe00c3f795e06de5,Rockmantra Vintage Mini Leafs Ceramic Mug,Kitchen Dining,"['mini', 'mug', 'give', 'thrilling', 'yet', 'fresh', 'start', 'creation', 'mug', 'porcelain', 'stay', 'year', 'come', 'perfect', 'pick', 'one', 'safe', 'give', 'thrilling', 'yet', 'fresh', 'start', 'creation', 'mug', 'porcelain', 'stay', 'year', 'come', 'perfect', 'pick', 'one', 'safe']",mini mug give thrilling yet fresh start creation mug porcelain stay year come perfect pick one safe give thrilling yet fresh start creation mug porcelain stay year come perfect pick one safe,32,190
134,258444ac7bb7ad8026800efad5c3502b,Rajesh Digital BEST DAD 107 Ceramic Mug,Kitchen Dining,"['rajesh', 'dad', 'mug', 'rajesh', 'dad', 'mug']",rajesh dad mug rajesh dad mug,6,29
135,fd369a1bb58ae02cd925dda7e9e1d00a,Prithish Working on my own Grass Ceramic Mug,Kitchen Dining,"['mug', 'get', 'wide', 'selection', 'cute', 'mean', 'sure', 'find', 'quote', 'say', 'way', 'mug', 'bring', 'smile', 'forget', 'share', 'mug', 'like', 'make', 'great', 'mug', 'designed', 'ink', 'graphic', 'perfect', 'around', 'express', 'mug', 'give', 'freedom', 'broadcast', 'special', 'holiday', 'cheer', 'love', 'mug', 'perfect', 'show', 'well', 'know', 'break', 'mug', 'bring', 'laugh', 'get', 'wide', 'selection', 'cute', 'mean', 'sure', 'find', 'quote', 'say', 'way', 'mug', 'bring', 'smile', 'forget', 'share', 'mug', 'like', 'make', 'great', 'mug', 'designed', 'ink', 'graphic', 'perfect', 'around', 'express', 'mug', 'give', 'freedom', 'broadcast', 'special', 'holiday', 'cheer', 'love', 'mug', 'perfect', 'show', 'well', 'know', 'break', 'mug', 'bring', 'laugh']",mug get wide selection cute mean sure find quote say way mug bring smile forget share mug like make great mug designed ink graphic perfect around express mug give freedom broadcast special holiday cheer love mug perfect show well know break mug bring laugh get wide selection cute mean sure find quote say way mug bring smile forget share mug like make great mug designed ink graphic perfect around express mug give freedom broadcast special holiday cheer love mug perfect show well know break mug bring laugh,87,509
136,73f460cd6f3fd206902d7097a1816405,Rockmantra Fantasy Art 18 Ceramic Mug,Kitchen Dining,"['art', 'mug', 'give', 'thrilling', 'yet', 'fresh', 'start', 'creation', 'mug', 'porcelain', 'stay', 'year', 'come', 'perfect', 'pick', 'one', 'safe', 'give', 'thrilling', 'yet', 'fresh', 'start', 'creation', 'mug', 'porcelain', 'stay', 'year', 'come', 'perfect', 'pick', 'one', 'safe']",art mug give thrilling yet fresh start creation mug porcelain stay year come perfect pick one safe give thrilling yet fresh start creation mug porcelain stay year come perfect pick one safe,32,189
137,0d3e1dc0d38be59e9927e47f152e48aa,Prithish Gemini Black Ceramic Mug,Kitchen Dining,"['gemini', 'black', 'mug', 'gemini', 'black', 'mug']",gemini black mug gemini black mug,6,33
138,118b411bf265538461b084ce7abd55a8,Rockmantra Night City Ceramic Mug,Kitchen Dining,"['night', 'city', 'mug', 'give', 'thrilling', 'yet', 'fresh', 'start', 'creation', 'mug', 'porcelain', 'stay', 'year', 'come', 'perfect', 'pick', 'one', 'safe', 'give', 'thrilling', 'yet', 'fresh', 'start', 'creation', 'mug', 'porcelain', 'stay', 'year', 'come', 'perfect', 'pick', 'one', 'safe']",night city mug give thrilling yet fresh start creation mug porcelain stay year come perfect pick one safe give thrilling yet fresh start creation mug porcelain stay year come perfect pick one safe,33,196
139,06749cbff1487f470438823f6952cfd1,Prithish Hop Jump Skip Black Ceramic Mug,Kitchen Dining,"['jump', 'black', 'mug', 'get', 'wide', 'selection', 'cute', 'mean', 'sure', 'find', 'quote', 'say', 'way', 'mug', 'bring', 'smile', 'forget', 'share', 'mug', 'like', 'make', 'great', 'mug', 'designed', 'ink', 'graphic', 'perfect', 'around', 'express', 'mug', 'give', 'freedom', 'broadcast', 'special', 'holiday', 'cheer', 'love', 'mug', 'perfect', 'show', 'well', 'know', 'break', 'mug', 'bring', 'laugh', 'get', 'wide', 'selection', 'cute', 'mean', 'sure', 'find', 'quote', 'say', 'way', 'mug', 'bring', 'smile', 'forget', 'share', 'mug', 'like', 'make', 'great', 'mug', 'designed', 'ink', 'graphic', 'perfect', 'around', 'express', 'mug', 'give', 'freedom', 'broadcast', 'special', 'holiday', 'cheer', 'love', 'mug', 'perfect', 'show', 'well', 'know', 'break', 'mug', 'bring', 'laugh']",jump black mug get wide selection cute mean sure find quote say way mug bring smile forget share mug like make great mug designed ink graphic perfect around express mug give freedom broadcast special holiday cheer love mug perfect show well know break mug bring laugh get wide selection cute mean sure find quote say way mug bring smile forget share mug like make great mug designed ink graphic perfect around express mug give freedom broadcast special holiday cheer love mug perfect show well know break mug bring laugh,89,520
140,202fc276e672eb8c29891aa50aef0771,Rockmantra Fogg Tree Ceramic Mug,Kitchen Dining,"['tree', 'mug', 'give', 'thrilling', 'yet', 'fresh', 'start', 'creation', 'mug', 'porcelain', 'stay', 'year', 'come', 'perfect', 'pick', 'one', 'safe', 'give', 'thrilling', 'yet', 'fresh', 'start', 'creation', 'mug', 'porcelain', 'stay', 'year', 'come', 'perfect', 'pick', 'one', 'safe']",tree mug give thrilling yet fresh start creation mug porcelain stay year come perfect pick one safe give thrilling yet fresh start creation mug porcelain stay year come perfect pick one safe,32,190
141,feefbdff924dd6b7cc266449c9a36d69,Rockmantra Red Flowers In Bucket Ceramic Mug,Kitchen Dining,"['red', 'flower', 'bucket', 'mug', 'give', 'thrilling', 'yet', 'fresh', 'start', 'creation', 'mug', 'porcelain', 'stay', 'year', 'come', 'perfect', 'pick', 'one', 'safe', 'give', 'thrilling', 'yet', 'fresh', 'start', 'creation', 'mug', 'porcelain', 'stay', 'year', 'come', 'perfect', 'pick', 'one', 'safe']",red flower bucket mug give thrilling yet fresh start creation mug porcelain stay year come perfect pick one safe give thrilling yet fresh start creation mug porcelain stay year come perfect pick one safe,34,203
142,af1ac46194b5488048c459102a16a57e,Rockmantra Abstracts 16 Ceramic Mug,Kitchen Dining,"['abstract', 'mug', 'give', 'thrilling', 'yet', 'fresh', 'start', 'creation', 'mug', 'porcelain', 'stay', 'year', 'come', 'perfect', 'pick', 'one', 'safe', 'give', 'thrilling', 'yet', 'fresh', 'start', 'creation', 'mug', 'porcelain', 'stay', 'year', 'come', 'perfect', 'pick', 'one', 'safe']",abstract mug give thrilling yet fresh start creation mug porcelain stay year come perfect pick one safe give thrilling yet fresh start creation mug porcelain stay year come perfect pick one safe,32,194
143,a1fd886094826c3f25c6ffb380073974,Prithish Warm Up The Evil In Me Double Color Ceramic Mug,Kitchen Dining,"['warm', 'evil', 'mug', 'warm', 'evil', 'mug']",warm evil mug warm evil mug,6,27
144,3847353a4b8de1efc504d589aea74ffe,Rockmantra Tele PhoneRMMW50000160 Ceramic Mug,Kitchen Dining,"['mug', 'give', 'thrilling', 'yet', 'fresh', 'start', 'creation', 'mug', 'porcelain', 'stay', 'year', 'come', 'perfect', 'pick', 'one', 'safe', 'give', 'thrilling', 'yet', 'fresh', 'start', 'creation', 'mug', 'porcelain', 'stay', 'year', 'come', 'perfect', 'pick', 'one', 'safe']",mug give thrilling yet fresh start creation mug porcelain stay year come perfect pick one safe give thrilling yet fresh start creation mug porcelain stay year come perfect pick one safe,31,185
145,60efd61370e70267dc60b11ff2bf974c,Prithish Abstract Design 40 Ceramic Mug,Kitchen Dining,"['abstract', 'mug', 'abstract', 'mug']",abstract mug abstract mug,4,25
146,63bc43c0000e71eb11bfafd2f46214a4,Printland PMBA1044 Ceramic Mug,Kitchen Dining,"['mug', 'mug', 'fantastic', 'mug', 'one', 'enjoy', 'tea', 'huge', 'mug', 'made', 'perfect', 'add', 'kitchen', 'look', 'stylish', 'tea', 'mug', 'casual', 'get', 'perfect', 'one', 'mug', 'fantastic', 'mug', 'one', 'enjoy', 'tea', 'huge', 'mug', 'made', 'perfect', 'add', 'kitchen', 'look', 'stylish', 'tea', 'mug', 'casual', 'get', 'perfect', 'one']",mug mug fantastic mug one enjoy tea huge mug made perfect add kitchen look stylish tea mug casual get perfect one mug fantastic mug one enjoy tea huge mug made perfect add kitchen look stylish tea mug casual get perfect one,41,223
147,f8794f7a06b530782c66f7c0911bb437,Rockmantra Fantasy ArtRMMW50000330 Ceramic Mug,Kitchen Dining,"['mug', 'give', 'thrilling', 'yet', 'fresh', 'start', 'creation', 'mug', 'porcelain', 'stay', 'year', 'come', 'perfect', 'pick', 'one', 'safe', 'give', 'thrilling', 'yet', 'fresh', 'start', 'creation', 'mug', 'porcelain', 'stay', 'year', 'come', 'perfect', 'pick', 'one', 'safe']",mug give thrilling yet fresh start creation mug porcelain stay year come perfect pick one safe give thrilling yet fresh start creation mug porcelain stay year come perfect pick one safe,31,185
148,8507eb0ef32c1c0db700f20aad6d9bcd,Rockmantra Sonakshi Sinha Beautiful Look Ceramic Mug,Kitchen Dining,"['look', 'mug', 'give', 'thrilling', 'yet', 'fresh', 'start', 'creation', 'mug', 'porcelain', 'stay', 'year', 'come', 'perfect', 'pick', 'one', 'safe', 'give', 'thrilling', 'yet', 'fresh', 'start', 'creation', 'mug', 'porcelain', 'stay', 'year', 'come', 'perfect', 'pick', 'one', 'safe']",look mug give thrilling yet fresh start creation mug porcelain stay year come perfect pick one safe give thrilling yet fresh start creation mug porcelain stay year come perfect pick one safe,32,190
149,fc7abdf67b4d7dbf64dffbab7b37599c,Prithish Monster Kids Ceramic Mug,Kitchen Dining,"['monster', 'kid', 'mug', 'monster', 'kid', 'mug']",monster kid mug monster kid mug,6,31
150,1afa5f2c3c9b4b43def6dc2e695d2c87,Printland PMR1336 Ceramic Mug,Kitchen Dining,"['mug', 'mug', 'fantastic', 'mug', 'one', 'enjoy', 'tea', 'huge', 'mug', 'made', 'perfect', 'add', 'kitchen', 'look', 'stylish', 'tea', 'mug', 'casual', 'get', 'perfect', 'one', 'mug', 'fantastic', 'mug', 'one', 'enjoy', 'tea', 'huge', 'mug', 'made', 'perfect', 'add', 'kitchen', 'look', 'stylish', 'tea', 'mug', 'casual', 'get', 'perfect', 'one']",mug mug fantastic mug one enjoy tea huge mug made perfect add kitchen look stylish tea mug casual get perfect one mug fantastic mug one enjoy tea huge mug made perfect add kitchen look stylish tea mug casual get perfect one,41,223
151,73503fe89ea77420a598f4a1019e5b6d,Prithish Pscychological Illusions Design 5 Ceramic Mug,Kitchen Dining,"['mug', 'get', 'wide', 'selection', 'cute', 'mean', 'sure', 'find', 'quote', 'say', 'way', 'mug', 'bring', 'smile', 'forget', 'share', 'mug', 'like', 'make', 'great', 'mug', 'designed', 'ink', 'graphic', 'perfect', 'around', 'express', 'mug', 'give', 'freedom', 'broadcast', 'special', 'holiday', 'cheer', 'love', 'mug', 'perfect', 'show', 'well', 'know', 'break', 'mug', 'bring', 'laugh', 'get', 'wide', 'selection', 'cute', 'mean', 'sure', 'find', 'quote', 'say', 'way', 'mug', 'bring', 'smile', 'forget', 'share', 'mug', 'like', 'make', 'great', 'mug', 'designed', 'ink', 'graphic', 'perfect', 'around', 'express', 'mug', 'give', 'freedom', 'broadcast', 'special', 'holiday', 'cheer', 'love', 'mug', 'perfect', 'show', 'well', 'know', 'break', 'mug', 'bring', 'laugh']",mug get wide selection cute mean sure find quote say way mug bring smile forget share mug like make great mug designed ink graphic perfect around express mug give freedom broadcast special holiday cheer love mug perfect show well know break mug bring laugh get wide selection cute mean sure find quote say way mug bring smile forget share mug like make great mug designed ink graphic perfect around express mug give freedom broadcast special holiday cheer love mug perfect show well know break mug bring laugh,87,509
152,ec590694e8bf85f75c9200cf418127aa,Prithish Abstract Design 21 Ceramic Mug,Kitchen Dining,"['abstract', 'mug', 'abstract', 'mug']",abstract mug abstract mug,4,25
153,7956d9586de3e25ff586bca58be7195e,Rockmantra 3d Flawers 2 Ceramic Mug,Kitchen Dining,"['mug', 'give', 'thrilling', 'yet', 'fresh', 'start', 'creation', 'mug', 'porcelain', 'stay', 'year', 'come', 'perfect', 'pick', 'one', 'safe', 'give', 'thrilling', 'yet', 'fresh', 'start', 'creation', 'mug', 'porcelain', 'stay', 'year', 'come', 'perfect', 'pick', 'one', 'safe']",mug give thrilling yet fresh start creation mug porcelain stay year come perfect pick one safe give thrilling yet fresh start creation mug porcelain stay year come perfect pick one safe,31,185
154,63f6ef8f3fda2c306b27cfbf5a005f1e,Rockmantra Cute Beautiful Girl Playing With Her Hair Ceramic Mug,Kitchen Dining,"['cute', 'hair', 'mug', 'give', 'thrilling', 'yet', 'fresh', 'start', 'creation', 'mug', 'porcelain', 'stay', 'year', 'come', 'perfect', 'pick', 'one', 'safe', 'give', 'thrilling', 'yet', 'fresh', 'start', 'creation', 'mug', 'porcelain', 'stay', 'year', 'come', 'perfect', 'pick', 'one', 'safe']",cute hair mug give thrilling yet fresh start creation mug porcelain stay year come perfect pick one safe give thrilling yet fresh start creation mug porcelain stay year come perfect pick one safe,33,195
155,328b66226952d8733c0c48295fae1108,Printland PMR1918 Ceramic Mug,Kitchen Dining,"['mug', 'mug', 'fantastic', 'mug', 'one', 'enjoy', 'tea', 'huge', 'mug', 'made', 'perfect', 'add', 'kitchen', 'look', 'stylish', 'tea', 'mug', 'casual', 'get', 'perfect', 'one', 'mug', 'fantastic', 'mug', 'one', 'enjoy', 'tea', 'huge', 'mug', 'made', 'perfect', 'add', 'kitchen', 'look', 'stylish', 'tea', 'mug', 'casual', 'get', 'perfect', 'one']",mug mug fantastic mug one enjoy tea huge mug made perfect add kitchen look stylish tea mug casual get perfect one mug fantastic mug one enjoy tea huge mug made perfect add kitchen look stylish tea mug casual get perfect one,41,223
156,6efd5d260667b94f04edbbd18bb300b9,Printland PMBA1872 Ceramic Mug,Kitchen Dining,"['mug', 'mug', 'fantastic', 'mug', 'one', 'enjoy', 'tea', 'huge', 'mug', 'made', 'perfect', 'add', 'kitchen', 'look', 'stylish', 'tea', 'mug', 'casual', 'get', 'perfect', 'one', 'mug', 'fantastic', 'mug', 'one', 'enjoy', 'tea', 'huge', 'mug', 'made', 'perfect', 'add', 'kitchen', 'look', 'stylish', 'tea', 'mug', 'casual', 'get', 'perfect', 'one']",mug mug fantastic mug one enjoy tea huge mug made perfect add kitchen look stylish tea mug casual get perfect one mug fantastic mug one enjoy tea huge mug made perfect add kitchen look stylish tea mug casual get perfect one,41,223
157,beaa6285a2b9c66db0e294767711ca3f,Prithish Better Than Having You For A Husband Double Color Ceramic Mug,Kitchen Dining,"['better', 'mug', 'get', 'wide', 'selection', 'cute', 'mean', 'sure', 'find', 'quote', 'say', 'way', 'mug', 'bring', 'smile', 'forget', 'share', 'mug', 'like', 'make', 'great', 'mug', 'designed', 'ink', 'graphic', 'perfect', 'around', 'express', 'mug', 'give', 'freedom', 'broadcast', 'special', 'holiday', 'cheer', 'love', 'mug', 'perfect', 'show', 'well', 'know', 'break', 'mug', 'bring', 'laugh', 'get', 'wide', 'selection', 'cute', 'mean', 'sure', 'find', 'quote', 'say', 'way', 'mug', 'bring', 'smile', 'forget', 'share', 'mug', 'like', 'make', 'great', 'mug', 'designed', 'ink', 'graphic', 'perfect', 'around', 'express', 'mug', 'give', 'freedom', 'broadcast', 'special', 'holiday', 'cheer', 'love', 'mug', 'perfect', 'show', 'well', 'know', 'break', 'mug', 'bring', 'laugh']",better mug get wide selection cute mean sure find quote say way mug bring smile forget share mug like make great mug designed ink graphic perfect around express mug give freedom broadcast special holiday cheer love mug perfect show well know break mug bring laugh get wide selection cute mean sure find quote say way mug bring smile forget share mug like make great mug designed ink graphic perfect around express mug give freedom broadcast special holiday cheer love mug perfect show well know break mug bring laugh,88,516
158,41fd5af61752be98b19b611a6ff9a0ef,Prithish Friend Indeed Ceramic Mug,Kitchen Dining,"['friend', 'mug', 'friend', 'mug']",friend mug friend mug,4,21
159,219b24362655097cb41bf06a0be8ee79,Prithish Merry Christmas Design 4 Double Color Ceramic Mug,Kitchen Dining,"['christmas', 'mug', 'get', 'wide', 'selection', 'cute', 'mean', 'sure', 'find', 'quote', 'say', 'way', 'mug', 'bring', 'smile', 'forget', 'share', 'mug', 'like', 'make', 'great', 'mug', 'designed', 'ink', 'graphic', 'perfect', 'around', 'express', 'mug', 'give', 'freedom', 'broadcast', 'special', 'holiday', 'cheer', 'love', 'mug', 'perfect', 'show', 'well', 'know', 'break', 'mug', 'bring', 'laugh', 'get', 'wide', 'selection', 'cute', 'mean', 'sure', 'find', 'quote', 'say', 'way', 'mug', 'bring', 'smile', 'forget', 'share', 'mug', 'like', 'make', 'great', 'mug', 'designed', 'ink', 'graphic', 'perfect', 'around', 'express', 'mug', 'give', 'freedom', 'broadcast', 'special', 'holiday', 'cheer', 'love', 'mug', 'perfect', 'show', 'well', 'know', 'break', 'mug', 'bring', 'laugh']",christmas mug get wide selection cute mean sure find quote say way mug bring smile forget share mug like make great mug designed ink graphic perfect around express mug give freedom broadcast special holiday cheer love mug perfect show well know break mug bring laugh get wide selection cute mean sure find quote say way mug bring smile forget share mug like make great mug designed ink graphic perfect around express mug give freedom broadcast special holiday cheer love mug perfect show well know break mug bring laugh,88,519
160,b5d1b8ef70b1ce27726f7f6c2f373e56,Rockmantra Classic Vintage Black Car Ceramic Mug,Kitchen Dining,"['classic', 'black', 'car', 'mug', 'give', 'thrilling', 'yet', 'fresh', 'start', 'creation', 'mug', 'porcelain', 'stay', 'year', 'come', 'perfect', 'pick', 'one', 'safe', 'give', 'thrilling', 'yet', 'fresh', 'start', 'creation', 'mug', 'porcelain', 'stay', 'year', 'come', 'perfect', 'pick', 'one', 'safe']",classic black car mug give thrilling yet fresh start creation mug porcelain stay year come perfect pick one safe give thrilling yet fresh start creation mug porcelain stay year come perfect pick one safe,34,203
161,69515ea06da8b2b1c881ce34fbf6575a,Prithish Aries Black Ceramic Mug,Kitchen Dining,"['black', 'mug', 'black', 'mug']",black mug black mug,4,19
162,02127f52e96fb72c66bf081d25104ef8,Prithish Believe In Yourself Double Color Ceramic Mug,Kitchen Dining,"['mug', 'get', 'wide', 'selection', 'cute', 'mean', 'sure', 'find', 'quote', 'say', 'way', 'mug', 'bring', 'smile', 'forget', 'share', 'mug', 'like', 'make', 'great', 'mug', 'designed', 'ink', 'graphic', 'perfect', 'around', 'express', 'mug', 'give', 'freedom', 'broadcast', 'special', 'holiday', 'cheer', 'love', 'mug', 'perfect', 'show', 'well', 'know', 'break', 'mug', 'bring', 'laugh', 'get', 'wide', 'selection', 'cute', 'mean', 'sure', 'find', 'quote', 'say', 'way', 'mug', 'bring', 'smile', 'forget', 'share', 'mug', 'like', 'make', 'great', 'mug', 'designed', 'ink', 'graphic', 'perfect', 'around', 'express', 'mug', 'give', 'freedom', 'broadcast', 'special', 'holiday', 'cheer', 'love', 'mug', 'perfect', 'show', 'well', 'know', 'break', 'mug', 'bring', 'laugh']",mug get wide selection cute mean sure find quote say way mug bring smile forget share mug like make great mug designed ink graphic perfect around express mug give freedom broadcast special holiday cheer love mug perfect show well know break mug bring laugh get wide selection cute mean sure find quote say way mug bring smile forget share mug like make great mug designed ink graphic perfect around express mug give freedom broadcast special holiday cheer love mug perfect show well know break mug bring laugh,87,509
163,c4581cae6bf751a7ae5c40bb16b74e98,Printland PMBA1310 Ceramic Mug,Kitchen Dining,"['mug', 'mug', 'fantastic', 'mug', 'one', 'enjoy', 'tea', 'huge', 'mug', 'made', 'perfect', 'add', 'kitchen', 'look', 'stylish', 'tea', 'mug', 'casual', 'get', 'perfect', 'one', 'mug', 'fantastic', 'mug', 'one', 'enjoy', 'tea', 'huge', 'mug', 'made', 'perfect', 'add', 'kitchen', 'look', 'stylish', 'tea', 'mug', 'casual', 'get', 'perfect', 'one']",mug mug fantastic mug one enjoy tea huge mug made perfect add kitchen look stylish tea mug casual get perfect one mug fantastic mug one enjoy tea huge mug made perfect add kitchen look stylish tea mug casual get perfect one,41,223
164,c8f42da0f9f695f07067676eae4135c8,Rockmantra Colorful Ceramic Mug,Kitchen Dining,"['mug', 'give', 'thrilling', 'yet', 'fresh', 'start', 'creation', 'mug', 'porcelain', 'stay', 'year', 'come', 'perfect', 'pick', 'one', 'safe', 'give', 'thrilling', 'yet', 'fresh', 'start', 'creation', 'mug', 'porcelain', 'stay', 'year', 'come', 'perfect', 'pick', 'one', 'safe']",mug give thrilling yet fresh start creation mug porcelain stay year come perfect pick one safe give thrilling yet fresh start creation mug porcelain stay year come perfect pick one safe,31,185
165,785b4383b12106dd172306d427d8f7b2,Rockmantra Cute Two Cats Ceramic Mug,Kitchen Dining,"['cute', 'two', 'mug', 'give', 'thrilling', 'yet', 'fresh', 'start', 'creation', 'mug', 'porcelain', 'stay', 'year', 'come', 'perfect', 'pick', 'one', 'safe', 'give', 'thrilling', 'yet', 'fresh', 'start', 'creation', 'mug', 'porcelain', 'stay', 'year', 'come', 'perfect', 'pick', 'one', 'safe']",cute two mug give thrilling yet fresh start creation mug porcelain stay year come perfect pick one safe give thrilling yet fresh start creation mug porcelain stay year come perfect pick one safe,33,194
166,d19d17140fdd9adc09ba6e2ad1e1ebb9,Prithish Happy Birthday Ceramic Mug,Kitchen Dining,"['birthday', 'mug', 'birthday', 'mug']",birthday mug birthday mug,4,25
167,aadbc3b9c32c4535b1bfee7321c4c0e7,Printland PMR1174 Ceramic Mug,Kitchen Dining,"['mug', 'mug']",mug mug,2,7
168,ea16e13a7cf16d8665d1bc44738dfa88,Printland PMR1464 Ceramic Mug,Kitchen Dining,"['mug', 'mug', 'fantastic', 'mug', 'one', 'enjoy', 'tea', 'huge', 'mug', 'made', 'perfect', 'add', 'kitchen', 'look', 'stylish', 'tea', 'mug', 'casual', 'get', 'perfect', 'one', 'mug', 'fantastic', 'mug', 'one', 'enjoy', 'tea', 'huge', 'mug', 'made', 'perfect', 'add', 'kitchen', 'look', 'stylish', 'tea', 'mug', 'casual', 'get', 'perfect', 'one']",mug mug fantastic mug one enjoy tea huge mug made perfect add kitchen look stylish tea mug casual get perfect one mug fantastic mug one enjoy tea huge mug made perfect add kitchen look stylish tea mug casual get perfect one,41,223
169,a341f915962ee99754e962520f279708,Prithish Never Ever Give Up Ceramic Mug,Kitchen Dining,"['never', 'ever', 'give', 'mug', 'get', 'wide', 'selection', 'cute', 'mean', 'sure', 'find', 'quote', 'say', 'way', 'mug', 'bring', 'smile', 'forget', 'share', 'mug', 'like', 'make', 'great', 'mug', 'designed', 'ink', 'graphic', 'perfect', 'around', 'express', 'mug', 'give', 'freedom', 'broadcast', 'special', 'holiday', 'cheer', 'love', 'mug', 'perfect', 'show', 'well', 'know', 'break', 'mug', 'bring', 'laugh', 'get', 'wide', 'selection', 'cute', 'mean', 'sure', 'find', 'quote', 'say', 'way', 'mug', 'bring', 'smile', 'forget', 'share', 'mug', 'like', 'make', 'great', 'mug', 'designed', 'ink', 'graphic', 'perfect', 'around', 'express', 'mug', 'give', 'freedom', 'broadcast', 'special', 'holiday', 'cheer', 'love', 'mug', 'perfect', 'show', 'well', 'know', 'break', 'mug', 'bring', 'laugh']",never ever give mug get wide selection cute mean sure find quote say way mug bring smile forget share mug like make great mug designed ink graphic perfect around express mug give freedom broadcast special holiday cheer love mug perfect show well know break mug bring laugh get wide selection cute mean sure find quote say way mug bring smile forget share mug like make great mug designed ink graphic perfect around express mug give freedom broadcast special holiday cheer love mug perfect show well know break mug bring laugh,90,525
170,9077acd25761ea067ac6d9369d8fdf16,Prithish Eye Abstract Painting Ceramic Mug,Kitchen Dining,"['eye', 'abstract', 'painting', 'mug', 'get', 'wide', 'selection', 'cute', 'mean', 'sure', 'find', 'quote', 'say', 'way', 'mug', 'bring', 'smile', 'forget', 'share', 'mug', 'like', 'make', 'great', 'mug', 'designed', 'ink', 'graphic', 'perfect', 'around', 'express', 'mug', 'give', 'freedom', 'broadcast', 'special', 'holiday', 'cheer', 'love', 'mug', 'perfect', 'show', 'well', 'know', 'break', 'mug', 'bring', 'laugh', 'get', 'wide', 'selection', 'cute', 'mean', 'sure', 'find', 'quote', 'say', 'way', 'mug', 'bring', 'smile', 'forget', 'share', 'mug', 'like', 'make', 'great', 'mug', 'designed', 'ink', 'graphic', 'perfect', 'around', 'express', 'mug', 'give', 'freedom', 'broadcast', 'special', 'holiday', 'cheer', 'love', 'mug', 'perfect', 'show', 'well', 'know', 'break', 'mug', 'bring', 'laugh']",eye abstract painting mug get wide selection cute mean sure find quote say way mug bring smile forget share mug like make great mug designed ink graphic perfect around express mug give freedom broadcast special holiday cheer love mug perfect show well know break mug bring laugh get wide selection cute mean sure find quote say way mug bring smile forget share mug like make great mug designed ink graphic perfect around express mug give freedom broadcast special holiday cheer love mug perfect show well know break mug bring laugh,90,531
171,cab75cad4b3a3c593c753a1759df28e2,Prithish We're All Mad Here Ceramic Mug,Kitchen Dining,"['mad', 'mug', 'mad', 'mug']",mad mug mad mug,4,15
172,c5590e238d44b370337624f5987fb9b8,Rockmantra Abstrcts 8 Ceramic Mug,Kitchen Dining,"['mug', 'give', 'thrilling', 'yet', 'fresh', 'start', 'creation', 'mug', 'porcelain', 'stay', 'year', 'come', 'perfect', 'pick', 'one', 'safe', 'give', 'thrilling', 'yet', 'fresh', 'start', 'creation', 'mug', 'porcelain', 'stay', 'year', 'come', 'perfect', 'pick', 'one', 'safe']",mug give thrilling yet fresh start creation mug porcelain stay year come perfect pick one safe give thrilling yet fresh start creation mug porcelain stay year come perfect pick one safe,31,185
173,6b043b37c38f081d96886acb5acfbdf5,Rockmantra Water Fire Ceramic Mug,Kitchen Dining,"['fire', 'mug', 'give', 'thrilling', 'yet', 'fresh', 'start', 'creation', 'mug', 'porcelain', 'stay', 'year', 'come', 'perfect', 'pick', 'one', 'safe', 'give', 'thrilling', 'yet', 'fresh', 'start', 'creation', 'mug', 'porcelain', 'stay', 'year', 'come', 'perfect', 'pick', 'one', 'safe']",fire mug give thrilling yet fresh start creation mug porcelain stay year come perfect pick one safe give thrilling yet fresh start creation mug porcelain stay year come perfect pick one safe,32,190
174,b92e13d5ef945d086fd4f42b95bc04ac,Prithish Independence Day Design 9 Double Color Ceramic Mug,Kitchen Dining,"['mug', 'mug']",mug mug,2,7
175,22ea3b69860bc9a5e0c69b87db2dcdab,Prithish I'm A Mom. What'S Your Superpower? Red with Blue Bubbles Double Coloured Ceramic Mug,Kitchen Dining,"['red', 'blue', 'mug', 'red', 'blue', 'mug']",red blue mug red blue mug,6,25
176,154920adb9d584b55d419227f9b01cc6,Printland PMR1051 Ceramic Mug,Kitchen Dining,"['mug', 'mug', 'fantastic', 'mug', 'one', 'enjoy', 'tea', 'huge', 'mug', 'made', 'perfect', 'add', 'kitchen', 'look', 'stylish', 'tea', 'mug', 'casual', 'get', 'perfect', 'one', 'mug', 'fantastic', 'mug', 'one', 'enjoy', 'tea', 'huge', 'mug', 'made', 'perfect', 'add', 'kitchen', 'look', 'stylish', 'tea', 'mug', 'casual', 'get', 'perfect', 'one']",mug mug fantastic mug one enjoy tea huge mug made perfect add kitchen look stylish tea mug casual get perfect one mug fantastic mug one enjoy tea huge mug made perfect add kitchen look stylish tea mug casual get perfect one,41,223
177,5dbf978ab2cf9d2da6446d3e4595f690,Printland PMR1834 Ceramic Mug,Kitchen Dining,"['mug', 'mug', 'fantastic', 'mug', 'one', 'enjoy', 'tea', 'huge', 'mug', 'made', 'perfect', 'add', 'kitchen', 'look', 'stylish', 'tea', 'mug', 'casual', 'get', 'perfect', 'one', 'mug', 'fantastic', 'mug', 'one', 'enjoy', 'tea', 'huge', 'mug', 'made', 'perfect', 'add', 'kitchen', 'look', 'stylish', 'tea', 'mug', 'casual', 'get', 'perfect', 'one']",mug mug fantastic mug one enjoy tea huge mug made perfect add kitchen look stylish tea mug casual get perfect one mug fantastic mug one enjoy tea huge mug made perfect add kitchen look stylish tea mug casual get perfect one,41,223
178,b7ef3e6ec248f17f3a6a4697120ddb96,Prithish I'm A Mom. What'S Your Superpower? Multicoloured Bubbles Black Ceramic Mug,Kitchen Dining,"['black', 'mug', 'black', 'mug']",black mug black mug,4,19
179,aab46b84f70cc6774afaafe1d6035de3,Rockmantra Beautiful Girl With Big Feather Hat Ceramic Mug,Kitchen Dining,"['big', 'feather', 'hat', 'mug', 'give', 'thrilling', 'yet', 'fresh', 'start', 'creation', 'mug', 'porcelain', 'stay', 'year', 'come', 'perfect', 'pick', 'one', 'safe', 'give', 'thrilling', 'yet', 'fresh', 'start', 'creation', 'mug', 'porcelain', 'stay', 'year', 'come', 'perfect', 'pick', 'one', 'safe']",big feather hat mug give thrilling yet fresh start creation mug porcelain stay year come perfect pick one safe give thrilling yet fresh start creation mug porcelain stay year come perfect pick one safe,34,201
180,58d7fbbe6d306ecf16e0a7ac05b211d4,Printland PMR1332 Ceramic Mug,Kitchen Dining,"['mug', 'mug', 'fantastic', 'mug', 'one', 'enjoy', 'tea', 'huge', 'mug', 'made', 'perfect', 'add', 'kitchen', 'look', 'stylish', 'tea', 'mug', 'casual', 'get', 'perfect', 'one', 'mug', 'fantastic', 'mug', 'one', 'enjoy', 'tea', 'huge', 'mug', 'made', 'perfect', 'add', 'kitchen', 'look', 'stylish', 'tea', 'mug', 'casual', 'get', 'perfect', 'one']",mug mug fantastic mug one enjoy tea huge mug made perfect add kitchen look stylish tea mug casual get perfect one mug fantastic mug one enjoy tea huge mug made perfect add kitchen look stylish tea mug casual get perfect one,41,223
181,59af3731b809a25f2bf99e99f645d8dd,Printland CMW1670 Ceramic Mug,Kitchen Dining,"['mug', 'mug', 'fantastic', 'mug', 'one', 'enjoy', 'tea', 'huge', 'mug', 'made', 'perfect', 'add', 'kitchen', 'look', 'stylish', 'tea', 'mug', 'casual', 'get', 'perfect', 'one', 'mug', 'fantastic', 'mug', 'one', 'enjoy', 'tea', 'huge', 'mug', 'made', 'perfect', 'add', 'kitchen', 'look', 'stylish', 'tea', 'mug', 'casual', 'get', 'perfect', 'one']",mug mug fantastic mug one enjoy tea huge mug made perfect add kitchen look stylish tea mug casual get perfect one mug fantastic mug one enjoy tea huge mug made perfect add kitchen look stylish tea mug casual get perfect one,41,223
182,3c4ca34c50a5437a1bcc42b72fc1351f,Printland PMR1902 Ceramic Mug,Kitchen Dining,"['mug', 'mug', 'fantastic', 'mug', 'one', 'enjoy', 'tea', 'huge', 'mug', 'made', 'perfect', 'add', 'kitchen', 'look', 'stylish', 'tea', 'mug', 'casual', 'get', 'perfect', 'one', 'mug', 'fantastic', 'mug', 'one', 'enjoy', 'tea', 'huge', 'mug', 'made', 'perfect', 'add', 'kitchen', 'look', 'stylish', 'tea', 'mug', 'casual', 'get', 'perfect', 'one']",mug mug fantastic mug one enjoy tea huge mug made perfect add kitchen look stylish tea mug casual get perfect one mug fantastic mug one enjoy tea huge mug made perfect add kitchen look stylish tea mug casual get perfect one,41,223
183,3830dda3491cd5b28ed42ae544bc44f0,Rockmantra Blue Water Abstracts Ceramic Mug,Kitchen Dining,"['blue', 'abstract', 'mug', 'give', 'thrilling', 'yet', 'fresh', 'start', 'creation', 'mug', 'porcelain', 'stay', 'year', 'come', 'perfect', 'pick', 'one', 'safe', 'give', 'thrilling', 'yet', 'fresh', 'start', 'creation', 'mug', 'porcelain', 'stay', 'year', 'come', 'perfect', 'pick', 'one', 'safe']",blue abstract mug give thrilling yet fresh start creation mug porcelain stay year come perfect pick one safe give thrilling yet fresh start creation mug porcelain stay year come perfect pick one safe,33,199
184,2f712e172ee77a913b6d627657986b72,Prithish Pschedelic Collection 1 Ceramic Mug,Kitchen Dining,"['collection', 'mug', 'collection', 'mug']",collection mug collection mug,4,29
185,6da53319cc12c9729881f5478ff67223,Printland CMW1657 Ceramic Mug,Kitchen Dining,"['mug', 'mug', 'fantastic', 'mug', 'one', 'enjoy', 'tea', 'huge', 'mug', 'made', 'perfect', 'add', 'kitchen', 'look', 'stylish', 'tea', 'mug', 'casual', 'get', 'perfect', 'one', 'mug', 'fantastic', 'mug', 'one', 'enjoy', 'tea', 'huge', 'mug', 'made', 'perfect', 'add', 'kitchen', 'look', 'stylish', 'tea', 'mug', 'casual', 'get', 'perfect', 'one']",mug mug fantastic mug one enjoy tea huge mug made perfect add kitchen look stylish tea mug casual get perfect one mug fantastic mug one enjoy tea huge mug made perfect add kitchen look stylish tea mug casual get perfect one,41,223
186,8bf65b132179faf26f61e26274b2b819,Rockmantra Gamming Wallpaper Ceramic Mug,Kitchen Dining,"['mug', 'give', 'thrilling', 'yet', 'fresh', 'start', 'creation', 'mug', 'porcelain', 'stay', 'year', 'come', 'perfect', 'pick', 'one', 'safe', 'give', 'thrilling', 'yet', 'fresh', 'start', 'creation', 'mug', 'porcelain', 'stay', 'year', 'come', 'perfect', 'pick', 'one', 'safe']",mug give thrilling yet fresh start creation mug porcelain stay year come perfect pick one safe give thrilling yet fresh start creation mug porcelain stay year come perfect pick one safe,31,185
187,f69bef5db54cb4c83b2aa8d0ce829d4e,Prithish Wild And Free Ceramic Mug,Kitchen Dining,"['wild', 'mug', 'get', 'wide', 'selection', 'cute', 'mean', 'sure', 'find', 'quote', 'say', 'way', 'mug', 'bring', 'smile', 'forget', 'share', 'mug', 'like', 'make', 'great', 'mug', 'designed', 'ink', 'graphic', 'perfect', 'around', 'express', 'mug', 'give', 'freedom', 'broadcast', 'special', 'holiday', 'cheer', 'love', 'mug', 'perfect', 'show', 'well', 'know', 'break', 'mug', 'bring', 'laugh', 'get', 'wide', 'selection', 'cute', 'mean', 'sure', 'find', 'quote', 'say', 'way', 'mug', 'bring', 'smile', 'forget', 'share', 'mug', 'like', 'make', 'great', 'mug', 'designed', 'ink', 'graphic', 'perfect', 'around', 'express', 'mug', 'give', 'freedom', 'broadcast', 'special', 'holiday', 'cheer', 'love', 'mug', 'perfect', 'show', 'well', 'know', 'break', 'mug', 'bring', 'laugh']",wild mug get wide selection cute mean sure find quote say way mug bring smile forget share mug like make great mug designed ink graphic perfect around express mug give freedom broadcast special holiday cheer love mug perfect show well know break mug bring laugh get wide selection cute mean sure find quote say way mug bring smile forget share mug like make great mug designed ink graphic perfect around express mug give freedom broadcast special holiday cheer love mug perfect show well know break mug bring laugh,88,514
188,ffbf3794aa8cb6bb8d3f313d0a549a09,Returnfavors Cartoon shaped Coffee For Kids Ceramic Mug,Kitchen Dining,"['cartoon', 'kid', 'mug', 'cartoon', 'kid', 'mug']",cartoon kid mug cartoon kid mug,6,31
189,acd2f21d63ac0bbed4d52e6010d9460b,Rockmantra 3D Stone Ceramic Mug,Kitchen Dining,"['stone', 'mug', 'give', 'thrilling', 'yet', 'fresh', 'start', 'creation', 'mug', 'porcelain', 'stay', 'year', 'come', 'perfect', 'pick', 'one', 'safe', 'give', 'thrilling', 'yet', 'fresh', 'start', 'creation', 'mug', 'porcelain', 'stay', 'year', 'come', 'perfect', 'pick', 'one', 'safe']",stone mug give thrilling yet fresh start creation mug porcelain stay year come perfect pick one safe give thrilling yet fresh start creation mug porcelain stay year come perfect pick one safe,32,191
190,b46d7b8e6826ad4c8b40a991da0f54d7,Rockmantra Vintage Sea Evening Ceramic Mug,Kitchen Dining,"['sea', 'mug', 'sea', 'mug']",sea mug sea mug,4,15
191,ce2f67c3365846170cb709784d87e45b,"Prithish Blue & Gold Heart, I Love You Ceramic Mug",Kitchen Dining,"['blue', 'gold', 'heart', 'love', 'mug', 'blue', 'gold', 'heart', 'love', 'mug']",blue gold heart love mug blue gold heart love mug,10,49
192,b4ccd4c315d99edd7c00d015b714485a,Famous Wheel Pizza Cutter,Kitchen Dining,"['famous', 'wheel', 'pizza', 'cutter', 'pizza', 'cutter', 'extra', 'shape', 'blade', 'new', 'high', 'designed', 'pizza', 'cutter', 'pizza', 'sandwich', 'garlic', 'bread', 'operation', 'sharp', 'perfect', 'grip', 'high', 'compact', 'weight', 'use', 'new', 'stylish', 'pizza', 'cutter', 'cut', 'pizza', 'great', 'blade', 'made', 'high', 'stainless', 'made', 'high', 'plastic', 'designed', 'effort', 'less', 'cutting', 'stylish', 'may', 'pizza', 'cutter', 'slicer', 'designed', 'pizza', 'cutter', 'optimum', 'perfect', 'grip', 'cutting', 'pizza', 'cutter', 'extra', 'sharp', 'blade', 'grip', 'cutting', 'compact', 'weight', 'use', 'pizza', 'cutter', 'extra', 'shape', 'blade', 'new', 'high', 'designed', 'pizza', 'cutter', 'pizza', 'sandwich', 'garlic', 'bread', 'operation', 'sharp', 'perfect', 'grip', 'high', 'compact', 'weight', 'use', 'new', 'stylish', 'pizza', 'cutter', 'cut', 'pizza', 'great', 'blade', 'made', 'high', 'stainless', 'made', 'high', 'plastic', 'designed', 'effort', 'less', 'cutting', 'stylish', 'may', 'pizza', 'cutter', 'slicer', 'designed', 'pizza', 'cutter', 'optimum', 'perfect', 'grip', 'cutting', 'pizza', 'cutter', 'extra', 'sharp', 'blade', 'grip', 'cutting', 'compact', 'weight', 'use']",famous wheel pizza cutter pizza cutter extra shape blade new high designed pizza cutter pizza sandwich garlic bread operation sharp perfect grip high compact weight use new stylish pizza cutter cut pizza great blade made high stainless made high plastic designed effort less cutting stylish may pizza cutter slicer designed pizza cutter optimum perfect grip cutting pizza cutter extra sharp blade grip cutting compact weight use pizza cutter extra shape blade new high designed pizza cutter pizza sandwich garlic bread operation sharp perfect grip high compact weight use new stylish pizza cutter cut pizza great blade made high stainless made high plastic designed effort less cutting stylish may pizza cutter slicer designed pizza cutter optimum perfect grip cutting pizza cutter extra sharp blade grip cutting compact weight use,128,831
193,302c95f6eae5f4ce217fcedc4ef91262,Rastogi Handicrafts Showpiece  -  20 cm,Home Decor Festive Needs,"['handicraft', 'handicraft']",handicraft handicraft,2,21
195,2e3586dc60df258c5478446d65a317d2,S C Handicrafts Sandalwood Carved Chinese Queen Big Showpiece  -  20 cm,Home Decor Festive Needs,"['handicraft', 'sandalwood', 'queen', 'big', 'handicraft', 'sandalwood', 'queen', 'big']",handicraft sandalwood queen big handicraft sandalwood queen big,8,63
196,40829ac110f344ef35f1c8c32fb311c7,Tatvaarts Urli Showpiece  -  21.59 cm,Home Decor Festive Needs,"['brass', 'gold', 'brass', 'pride', 'place', 'make', 'decor', 'flower', 'petal', 'gold', 'look', 'striking', 'use', 'brass', 'brass', 'pride', 'place', 'make', 'decor', 'flower', 'petal', 'gold', 'look', 'striking', 'use', 'brass']",brass gold brass pride place make decor flower petal gold look striking use brass brass pride place make decor flower petal gold look striking use brass,26,152
197,e3c741a05c82c54343b94ed8c1292e2a,Sam Rolling Pizza Cutter,Kitchen Dining,"['pizza', 'cutter', 'good', 'pizza', 'cutter', 'good', 'pizza', 'cutter']",pizza cutter good pizza cutter good pizza cutter,8,48
198,d75705ad163412347cba51f882e9c0f0,Surface180 Wonderful Wooden Antique Drawer Box Showpiece  -  20 cm,Home Decor Festive Needs,"['wooden', 'drawer', 'wooden', 'green', 'vibrant', 'drawer', 'look', 'astonishing', 'alluring', 'bright', 'item', 'small', 'compact', 'wooden', 'style', 'golden', 'front', 'panel', 'drawer', 'around', 'drawer', 'make', 'note', 'handcraft', 'item', 'item', 'due', 'vibrant', 'drawer', 'look', 'astonishing', 'alluring', 'bright', 'item', 'small', 'compact', 'wooden', 'style', 'golden', 'front', 'panel', 'drawer', 'around', 'drawer', 'make', 'note', 'handcraft', 'item', 'item', 'due']",wooden drawer wooden green vibrant drawer look astonishing alluring bright item small compact wooden style golden front panel drawer around drawer make note handcraft item item due vibrant drawer look astonishing alluring bright item small compact wooden style golden front panel drawer around drawer make note handcraft item item due,50,334
199,90f86ac4065397340e8012261577c220,Step4deal Wheel Pizza Cutter,Kitchen Dining,"['wheel', 'pizza', 'cutter', 'stainless', 'enjoy', 'slice', 'pizza', 'pizza', 'cutter', 'made', 'stainless', 'siver', 'pizza', 'cutter', 'help', 'cut', 'pizza', 'slice', 'one', 'pizza', 'kid', 'make', 'big', 'fuss', 'equal', 'share', 'pizza', 'cutter', 'must', 'kitchen', 'enjoy', 'slice', 'pizza', 'pizza', 'cutter', 'made', 'stainless', 'siver', 'pizza', 'cutter', 'help', 'cut', 'pizza', 'slice', 'one', 'pizza', 'kid', 'make', 'big', 'fuss', 'equal', 'share', 'pizza', 'cutter', 'must', 'kitchen']",wheel pizza cutter stainless enjoy slice pizza pizza cutter made stainless siver pizza cutter help cut pizza slice one pizza kid make big fuss equal share pizza cutter must kitchen enjoy slice pizza pizza cutter made stainless siver pizza cutter help cut pizza slice one pizza kid make big fuss equal share pizza cutter must kitchen,56,332
200,168618e93387ad7171d4e4e1eeff9d1a,MA Design Hut Showpiece  -  8 cm,Home Decor Festive Needs,"['brass', 'yellow', 'item', 'canon', 'item', 'canon']",brass yellow item canon item canon,6,34
201,9c4ab8ab059c912090c83cb0818e7f1c,Lal Haveli Rajasthani Wooden Crafted Unique Chowkidar Statues Wooden Darwam Showpiece  -  50.8 cm,Home Decor Festive Needs,"['rajasthani', 'wooden', 'wooden', 'rajasthani', 'wooden', 'wooden']",rajasthani wooden wooden rajasthani wooden wooden,6,49
202,70578f48cc96bbb60d040e08025e521d,Earth Conscious Graphic Print Baby Boy's Jumpsuit,Baby Care,"['earth', 'conscious', 'graphic', 'print', 'sky', 'blue', 'earth', 'conscious', 'graphic', 'print', 'india', 'shop', 'apparel', 'huge', 'collection']",earth conscious graphic print sky blue earth conscious graphic print india shop apparel huge collection,15,103
204,6775e3b91baa4d368f6d91eb7c24578b,"Tirupati 4""- Green Wheel Pizza Cutter",Kitchen Dining,"['green', 'wheel', 'pizza', 'cutter', 'green', 'wheel', 'pizza', 'cutter']",green wheel pizza cutter green wheel pizza cutter,8,49
205,c109187e7975ee8fdb2b3dfbdd9dce20,Shoppingtara Elephant Pair Gift Showpiece  -  4 cm,Home Decor Festive Needs,"['elephant', 'pair', 'elephant', 'pair']",elephant pair elephant pair,4,27
206,8962b50b699ddf4712ad18d29c6a3862,Orange Tree Dune Wall Decor Set Of 3 Showpiece  -  8 cm,Home Decor Festive Needs,"['tree', 'wall', 'decor', 'iron', 'gold', 'metal', 'saucer', 'hand', 'look', 'float', 'classic', 'round', 'mirror', 'center', 'dark', 'ant', 'brass', 'finish', 'let', 'imagination', 'interesting', 'wall', 'metal', 'saucer', 'hand', 'look', 'float', 'classic', 'round', 'mirror', 'center', 'dark', 'ant', 'brass', 'finish', 'let', 'imagination', 'interesting', 'wall']",tree wall decor iron gold metal saucer hand look float classic round mirror center dark ant brass finish let imagination interesting wall metal saucer hand look float classic round mirror center dark ant brass finish let imagination interesting wall,39,249
207,a4d9e71172f619f8e3122e34bb0bf3cc,Unique Design Handcrafted Brass Mini Chair Table Set Showpiece  -  10 cm,Home Decor Festive Needs,"['brass', 'mini', 'chair', 'brass', 'mini', 'chair']",brass mini chair brass mini chair,6,33
208,55ce1309b69e1912d2fd60a3ee3f351b,Tatvaarts Elephant Mini ( Fine-Finish) Showpiece  -  8.89 cm,Home Decor Festive Needs,"['elephant', 'mini', 'fine', 'finish', 'brass', 'gold', 'elephant', 'animal', 'love', 'form', 'toy', 'painting', 'artifact', 'elephant', 'hand', 'made', 'brass', 'alloy', 'copper', 'zinc', 'hand', 'feel', 'lustrous', 'gold', 'like', 'craftsman', 'elephant', 'animal', 'love', 'form', 'toy', 'painting', 'artifact', 'elephant', 'hand', 'made', 'brass', 'alloy', 'copper', 'zinc', 'hand', 'feel', 'lustrous', 'gold', 'like', 'craftsman']",elephant mini fine finish brass gold elephant animal love form toy painting artifact elephant hand made brass alloy copper zinc hand feel lustrous gold like craftsman elephant animal love form toy painting artifact elephant hand made brass alloy copper zinc hand feel lustrous gold like craftsman,46,296
209,a9b35b94610a3d7f4fa91f19693c5248,Port Interiordesign Showpiece  -  16 cm,Home Decor Festive Needs,"['port', 'port']",port port,2,9
210,3113367c72125a3355af42426fe14f17,Lal Haveli Beautiful Attractive Hand Painted Decorative Iron Wood Musician 5 Pcs Set Showpiece  -  55.88 cm,Home Decor Festive Needs,"['hand', 'painted', 'iron', 'wood', 'musician', 'hand', 'painted', 'iron', 'wood', 'musician']",hand painted iron wood musician hand painted iron wood musician,10,63
211,e99d9abb115a9bd580bcccf9ff4d4881,Lal Haveli Wooden Table Decor Mother & Baby Elephant Painted Showpiece  -  10.16 cm,Home Decor Festive Needs,"['wooden', 'decor', 'elephant', 'painted', 'wooden', 'black', 'gorgeous', 'elephant', 'decor', 'come', 'golden', 'black', 'made', 'metal', 'give', 'appeal', 'splendor', 'friend', 'well', 'gorgeous', 'art', 'give', 'interior', 'ethnic', 'indian', 'look', 'gorgeous', 'elephant', 'decor', 'come', 'golden', 'black', 'made', 'metal', 'give', 'appeal', 'splendor', 'friend', 'well', 'gorgeous', 'art', 'give', 'interior', 'ethnic', 'indian', 'look']",wooden decor elephant painted wooden black gorgeous elephant decor come golden black made metal give appeal splendor friend well gorgeous art give interior ethnic indian look gorgeous elephant decor come golden black made metal give appeal splendor friend well gorgeous art give interior ethnic indian look,46,306
212,de29bf3288345e23b0e25345a3a057fb,Orange Tree Maxim Wall Decor Set Of 3 Showpiece  -  4 cm,Home Decor Festive Needs,"['tree', 'wall', 'decor', 'iron', 'gold', 'metal', 'saucer', 'look', 'float', 'classic', 'round', 'mirror', 'center', 'ant', 'copper', 'let', 'imagination', 'interesting', 'wall', 'metal', 'saucer', 'look', 'float', 'classic', 'round', 'mirror', 'center', 'ant', 'copper', 'let', 'imagination', 'interesting', 'wall']",tree wall decor iron gold metal saucer look float classic round mirror center ant copper let imagination interesting wall metal saucer look float classic round mirror center ant copper let imagination interesting wall,33,217
213,e3e7c584f317d1b5d6ac0088c411565e,Tatvaarts Tribal Face Showpiece  -  21.59 cm,Home Decor Festive Needs,"['tribal', 'face', 'brass', 'gold', 'nice', 'item', 'made', 'cast', 'iron', 'stand', 'enjoy', 'special', 'place', 'room', 'gifted', 'near', 'dear', 'one', 'nice', 'item', 'made', 'cast', 'iron', 'stand', 'enjoy', 'special', 'place', 'room', 'gifted', 'near', 'dear', 'one']",tribal face brass gold nice item made cast iron stand enjoy special place room gifted near dear one nice item made cast iron stand enjoy special place room gifted near dear one,32,176
214,9d279c825ba12804c337f883b366a6e2,Shoppingtara Paper Mache 3 Piece Elephant Home Decor Gift Showpiece  -  4 cm,Home Decor Festive Needs,"['paper', 'elephant', 'decor', 'paper', 'elephant', 'elephant', 'made', 'paper', 'art', 'enamel', 'paint', 'lacquer', 'polish', 'elephant', 'order', 'show', 'room', 'sure', 'guest', 'elephant', 'elephant', 'made', 'paper', 'art', 'enamel', 'paint', 'lacquer', 'polish', 'elephant', 'order', 'show', 'room', 'sure', 'guest']",paper elephant decor paper elephant elephant made paper art enamel paint lacquer polish elephant order show room sure guest elephant elephant made paper art enamel paint lacquer polish elephant order show room sure guest,34,220
215,91a5328e7235424885d271dfa0959eeb,King International Ergonomic Design with Long Gripped Handle Rolling Pizza Cutter,Kitchen Dining,"['king', 'long', 'pizza', 'cutter', 'stainless', 'stop', 'fight', 'among', 'friend', 'last', 'slice', 'pizza', 'pizza', 'kitchen', 'blend', 'kitchen', 'razor', 'sharp', 'stainless', 'blade', 'cut', 'food', 'slice', 'short', 'stainless', 'plastic', 'red', 'white', 'freezer', 'safe', 'safe', 'pizza', 'cutter', 'pizza', 'cutter', 'stop', 'fight', 'among', 'friend', 'last', 'slice', 'pizza', 'pizza', 'kitchen', 'blend', 'kitchen', 'razor', 'sharp', 'stainless', 'blade', 'cut', 'food', 'slice', 'short', 'stainless', 'plastic', 'red', 'white', 'freezer', 'safe', 'safe', 'pizza', 'cutter', 'pizza', 'cutter']",king long pizza cutter stainless stop fight among friend last slice pizza pizza kitchen blend kitchen razor sharp stainless blade cut food slice short stainless plastic red white freezer safe safe pizza cutter pizza cutter stop fight among friend last slice pizza pizza kitchen blend kitchen razor sharp stainless blade cut food slice short stainless plastic red white freezer safe safe pizza cutter pizza cutter,65,412
216,2110699b945ae766c8b8112038ac58b9,Go Hooked Wheel Pizza Cutter,Kitchen Dining,"['hooked', 'wheel', 'pizza', 'cutter', 'hooked', 'wheel', 'pizza', 'cutter']",hooked wheel pizza cutter hooked wheel pizza cutter,8,51
218,ce02ab514e4c623dcf7acd7182a7762d,Apex Rolling Pizza Cutter,Kitchen Dining,"['apex', 'pizza', 'cutter', 'apex', 'pizza', 'cutter']",apex pizza cutter apex pizza cutter,6,35
219,2ede595489db33a036d135ce22645515,MCB Exports Mini 6 Drawer Chest Showpiece  -  33 cm,Home Decor Festive Needs,"['mini', 'drawer', 'chest', 'wooden', 'brass', 'mini', 'drawer', 'chest', 'brass', 'fitted', 'mini', 'drawer', 'chest', 'brass', 'fitted']",mini drawer chest wooden brass mini drawer chest brass fitted mini drawer chest brass fitted,15,92
220,32cf0691248297655e2c1728b12e2262,Poppins Printed Baby Boy's Jumpsuit,Baby Care,"['high', 'full', 'romper', 'suit', 'infant', 'made', 'romper', 'whole', 'comfort', 'made', 'dye', 'one', 'romper', 'solid', 'high', 'full', 'romper', 'suit', 'infant', 'made', 'romper', 'whole', 'comfort', 'made', 'dye', 'one', 'romper', 'solid']",high full romper suit infant made romper whole comfort made dye one romper solid high full romper suit infant made romper whole comfort made dye one romper solid,28,161
221,81a695f80d3f5c445910d310f1a83eb8,S C Handicrafts Sandalwood Chinese Queen. Showpiece  -  16 cm,Home Decor Festive Needs,"['handicraft', 'sandalwood', 'queen', 'handicraft', 'sandalwood', 'queen']",handicraft sandalwood queen handicraft sandalwood queen,6,55
222,922a04084481d4b3275a3f7bb54e90f3,Purpledip Kattle Showpiece  -  15 cm,Home Decor Festive Needs,"['painted', 'artisan', 'teapot', 'good', 'cheer', 'use', 'adorn', 'indian', 'curio', 'hold', 'hot', 'painted', 'artisan', 'teapot', 'good', 'cheer', 'use', 'adorn', 'indian', 'curio', 'hold', 'hot']",painted artisan teapot good cheer use adorn indian curio hold hot painted artisan teapot good cheer use adorn indian curio hold hot,22,131
223,f2751cf0dd59d223cacbc5da5df42a1a,Agromech YIBOO Rolling Pizza Cutter,Kitchen Dining,"['pizza', 'cutter', 'stainless', 'pizza', 'cutter', 'strong', 'grip', 'help', 'slice', 'pizza', 'stainless', 'wheel', 'plastic', 'lookout', 'special', 'find', 'searching', 'pizza', 'cutter', 'strong', 'grip', 'help', 'slice', 'pizza', 'stainless', 'wheel', 'plastic', 'lookout', 'special', 'find', 'searching']",pizza cutter stainless pizza cutter strong grip help slice pizza stainless wheel plastic lookout special find searching pizza cutter strong grip help slice pizza stainless wheel plastic lookout special find searching,31,216
224,cc2e2bb105a5c2b2e43842886d057b81,Lal Haveli Traditional Hand Crafted Beautiful Iron Musician 5 Pcs Set Showpiece  -  33 cm,Home Decor Festive Needs,"['hand', 'iron', 'musician', 'hand', 'iron', 'musician']",hand iron musician hand iron musician,6,37
225,67d6b4a8aa19d57740b0440365b77624,Lal Haveli Decorative Dholak Musician Showpiece  -  8.89 cm,Home Decor Festive Needs,"['musician', 'wooden', 'red', 'fine', 'work', 'add', 'touch', 'decor', 'indian', 'rajasthani', 'man', 'musician', 'made', 'wood', 'promise', 'deliver', 'fine', 'work', 'add', 'touch', 'decor', 'indian', 'rajasthani', 'man', 'musician', 'made', 'wood', 'promise', 'deliver']",musician wooden red fine work add touch decor indian rajasthani man musician made wood promise deliver fine work add touch decor indian rajasthani man musician made wood promise deliver,29,185
226,f39a2cce8929f5b44087d688995994e4,Tiedribbons We Love Mom With Green Background Tile Showpiece  -  28 cm,Home Decor Festive Needs,"['love', 'green', 'background', 'tile', 'love', 'green', 'background', 'tile']",love green background tile love green background tile,8,53
227,4451f1b01168b6a085738d0b0f2f02aa,Rajo Raja Magan Buddha Artpiece Showpiece  -  20.5 cm,Home Decor Festive Needs,"['raja', 'buddha', 'raja', 'buddha']",raja buddha raja buddha,4,23
228,9f76aaed44b540869da862c5dd4b266f,Lal Haveli Rajasthani Handcrafted Decorative Showpiece Statue Musicians Showpiece  -  17.18 cm,Home Decor Festive Needs,"['rajasthani', 'musician', 'rajasthani', 'musician']",rajasthani musician rajasthani musician,4,39
229,caabe6014b914fe2874a9a8d7284f79b,Surface 180 Elephant Shape Handpainted Wooden Round Stool Showpiece  -  17.78 cm,Home Decor Festive Needs,"['elephant', 'shape', 'wooden', 'round', 'stool', 'elephant', 'shape', 'wooden', 'round', 'stool']",elephant shape wooden round stool elephant shape wooden round stool,10,67
230,968a2b3be84193e3f755c2fe71033a2c,Sovam International Krishna With Cow Idol Showpiece  -  6 cm,Home Decor Festive Needs,"['krishna', 'cow', 'idol', 'brass', 'white', 'idol', 'lord', 'krishna', 'cow', 'metal', 'stand', 'made', 'pure', 'white', 'metal', 'idol', 'silver', 'polished', 'give', 'alluring', 'look', 'friend', 'prepared', 'artisan', 'idol', 'lord', 'krishna', 'cow', 'metal', 'stand', 'made', 'pure', 'white', 'metal', 'idol', 'silver', 'polished', 'give', 'alluring', 'look', 'friend', 'prepared', 'artisan']",krishna cow idol brass white idol lord krishna cow metal stand made pure white metal idol silver polished give alluring look friend prepared artisan idol lord krishna cow metal stand made pure white metal idol silver polished give alluring look friend prepared artisan,43,268
231,f8c1b5fb422d8418dc9e40a43fece55a,Lal Haveli Beautifully crafted and painted Horse with bells Showpiece  -  33 cm,Home Decor Festive Needs,"['painted', 'bell', 'wooden', 'iron', 'red', 'animal', 'painted', 'bell', 'fusion', 'mango', 'wood', 'aluminium', 'metal', 'solid', 'aluminium', 'metal', 'detailed', 'hand', 'done', 'polished', 'give', 'prefect', 'shine', 'shown', 'animal', 'painted', 'bell', 'fusion', 'mango', 'wood', 'aluminium', 'metal', 'solid', 'aluminium', 'metal', 'detailed', 'hand', 'done', 'polished', 'give', 'prefect', 'shine', 'shown']",painted bell wooden iron red animal painted bell fusion mango wood aluminium metal solid aluminium metal detailed hand done polished give prefect shine shown animal painted bell fusion mango wood aluminium metal solid aluminium metal detailed hand done polished give prefect shine shown,43,286
232,4642d967bc34a36454b281de632f6c11,Sovam International Radha Krishna God Showpiece  -  6 cm,Home Decor Festive Needs,"['krishna', 'god', 'brass', 'white', 'item', 'represent', 'actual', 'colour', 'item', 'display', 'see', 'herein', 'get', 'item', 'represent', 'actual', 'colour', 'item', 'display', 'see', 'herein', 'get']",krishna god brass white item represent actual colour item display see herein get item represent actual colour item display see herein get,22,137
233,34d3b2b8d263294107a3ffc69b35ff8f,The Ethnic Story Royal Durban Showpiece  -  30.48 cm,Home Decor Festive Needs,"['ethnic', 'royal', 'durban', 'ethnic', 'royal', 'durban']",ethnic royal durban ethnic royal durban,6,39
234,ed139e0d1b5c973495e1aa35dd4a5533,JSM Hard Anodized Kadhai 4 L,Kitchen Dining,"['hard', 'hard']",hard hard,2,9
235,e1e133cbe616bee3b3e9e6f4f0882e3d,Celebrity Wheel Pizza Cutter,Kitchen Dining,"['wheel', 'pizza', 'cutter', 'fast', 'cutting', 'fast', 'cutting']",wheel pizza cutter fast cutting fast cutting,7,44
236,cf2ba696547459733c6bbfad4e3bcf62,Unique Design Mobile Stand Showpiece  -  15 cm,Home Decor Festive Needs,"['stand', 'wooden', 'yellow', 'stand', 'made', 'wood', 'rajasthani', 'painting', 'friend', 'rate', 'stand', 'made', 'wood', 'rajasthani', 'painting', 'friend', 'rate']",stand wooden yellow stand made wood rajasthani painting friend rate stand made wood rajasthani painting friend rate,17,115
237,be0e65c6d8c2cc8cb913b36aa4168cf0,Lal Haveli Iron Wall Decorative Musician Showpiece  -  50.8 cm,Home Decor Festive Needs,"['iron', 'wall', 'musician', 'iron', 'wall', 'musician']",iron wall musician iron wall musician,6,37
238,2e8df36b35d22cf219cf8bae6c2af752,Metallino Hard Anodised Kadhai 1.2 L,Kitchen Dining,"['hard', 'hard']",hard hard,2,9
239,8f41774c16a931d71fcf01f8fee171e0,Ruchiworld Marble Pot Showpiece  -  4 cm,Home Decor Festive Needs,"['pot', 'show', 'room', 'guest', 'shop', 'item', 'show', 'room', 'guest', 'shop', 'item']",pot show room guest shop item show room guest shop item,11,55
240,7e4c1d31e279a700c6b8e66d820e8601,Kosher Kadhai 5 L,Kitchen Dining,"['kosher', 'kosher']",kosher kosher,2,13
241,1357e9d24661c3b5797aa1016e0c3be1,Recon SuperChef Kadhai,Kitchen Dining,"['recon', 'recon']",recon recon,2,11
242,799ddb97164ff2d5d53bb8b27b8c355f,"Indian Art Villa 2.3"" X 6.9"" X 2.3"" Handmade High Quality Stainless Steel Copper Dish Serving Indian Food Daal Curry Karahi Kadai Wok Bowl Kadhai 0.7 L",Kitchen Dining,"['indian', 'art', 'villa', 'high', 'stainless', 'copper', 'dish', 'indian', 'food', 'bowl', 'indian', 'art', 'villa', 'high', 'stainless', 'copper', 'dish', 'indian', 'food', 'bowl']",indian art villa high stainless copper dish indian food bowl indian art villa high stainless copper dish indian food bowl,20,121
244,0c4718ae90f2889b7021a99ee1cc106c,Bergner Kadhai NA L,Kitchen Dining,"['aluminium', 'non', 'stick', 'get', 'strong', 'tempered', 'glass', 'lid', 'make', 'brilliant', 'collection', 'utensil', 'kitchen', 'made', 'high', 'stainless', 'diamond', 'quick', 'heat', 'lightweight', 'corrosion', 'get', 'strong', 'tempered', 'glass', 'lid', 'make', 'brilliant', 'collection', 'utensil', 'kitchen', 'made', 'high', 'stainless', 'diamond', 'quick', 'heat', 'lightweight', 'corrosion']",aluminium non stick get strong tempered glass lid make brilliant collection utensil kitchen made high stainless diamond quick heat lightweight corrosion get strong tempered glass lid make brilliant collection utensil kitchen made high stainless diamond quick heat lightweight corrosion,39,285
246,ea42376c9c52752d9d01bba12eb2999b,Peacock Kadhai 3.8 L,Kitchen Dining,"['peacock', 'peacock']",peacock peacock,2,15
247,87f1807e002d3555b8dfb465a8a61df2,Leo Natura Paniarakkal 7 Hole Kadhai NA L,Kitchen Dining,"['leo', 'hole', 'leo', 'hole']",leo hole leo hole,4,17
248,45d0af2c709de47268c80c35a117de44,Malhar Niko Male Doll Showpiece  -  25 cm,Home Decor Festive Needs,"['male', 'doll', 'male', 'doll']",male doll male doll,4,19
249,0131e5d87b72877702d536299cf83b75,Sumeet Hard Anodised 14 Kadhai 3 L,Kitchen Dining,"['hard', 'hard']",hard hard,2,9
250,17611e6e94d73ef376834e5c6ee03dde,TRUE Bong,Home Decor Festive Needs,"['true', 'bong', 'true', 'bong']",true bong true bong,4,19
253,fb733e04ff2d72c59d8513eb574e81a2,Metallino Hard Anodised WGlass Lid Kadhai 3.5 L,Kitchen Dining,"['hard', 'lid', 'hard', 'lid']",hard lid hard lid,4,17
254,fda51c31a1b7ae8f3c7b5c0174d3e201,The Crafts House Showpiece  -  6.5 cm,Home Decor Festive Needs,"['craft', 'craft']",craft craft,2,11
256,73b692cdfce9a77b721a54d4b7fb35a7,Tiedribbons Mamma'S Fairies Gifts Tile Showpiece  -  28 cm,Home Decor Festive Needs,"['tile', 'bright', 'colour', 'fantastic', 'look', 'tile', 'creation', 'show', 'make', 'fine', 'prayer', 'room', 'living', 'room', 'even', 'maintain', 'good', 'look', 'tile', 'year', 'cloth', 'wipe', 'print', 'high', 'retain', 'long', 'come', 'wooden', 'easel', 'stand', 'place', 'shelf', 'room', 'consider', 'tile', 'option', 'occasion', 'occasion', 'shop', 'sit', 'back', 'enjoy', 'make', 'sure', 'deliver', 'right', 'doorstep', 'bright', 'colour', 'fantastic', 'look', 'tile', 'creation', 'show', 'make', 'fine', 'prayer', 'room', 'living', 'room', 'even', 'maintain', 'good', 'look', 'tile', 'year', 'cloth', 'wipe', 'print', 'high', 'retain', 'long', 'come', 'wooden', 'easel', 'stand', 'place', 'shelf', 'room', 'consider', 'tile', 'option', 'occasion', 'occasion', 'shop', 'sit', 'back', 'enjoy', 'make', 'sure', 'deliver', 'right', 'doorstep']",tile bright colour fantastic look tile creation show make fine prayer room living room even maintain good look tile year cloth wipe print high retain long come wooden easel stand place shelf room consider tile option occasion occasion shop sit back enjoy make sure deliver right doorstep bright colour fantastic look tile creation show make fine prayer room living room even maintain good look tile year cloth wipe print high retain long come wooden easel stand place shelf room consider tile option occasion occasion shop sit back enjoy make sure deliver right doorstep,93,570
257,40d7d3d1961236dd814e15592fa52994,Unravel India Showpiece  -  16 cm,Home Decor Festive Needs,"['unravel', 'india', 'unravel', 'india']",unravel india unravel india,4,27
260,04f9f818e2d657b873b07578cfe2eade,Monil Cow With Calf Showpiece  -  10.2 cm,Home Decor Festive Needs,"['monil', 'cow', 'calf', 'monil', 'cow', 'calf']",monil cow calf monil cow calf,6,29
261,273982a65b9c7dabe56c8345552bfad7,Pristine Hard Anodised Kadhai 2 L,Kitchen Dining,"['hard', 'aluminium', 'gourmet', 'two', 'america', 'australia', 'iso', 'state', 'art', 'spread', 'area', 'foot', 'workmanship', 'stringent', 'control', 'test', 'check', 'deliver', 'solution', 'well', 'effort', 'kitchen', 'place', 'time', 'spent', 'reflect', 'modern', 'mission', 'gourmet', 'two', 'america', 'australia', 'iso', 'state', 'art', 'spread', 'area', 'foot', 'workmanship', 'stringent', 'control', 'test', 'check', 'deliver', 'solution', 'well', 'effort', 'kitchen', 'place', 'time', 'spent', 'reflect', 'modern', 'mission']",hard aluminium gourmet two america australia iso state art spread area foot workmanship stringent control test check deliver solution well effort kitchen place time spent reflect modern mission gourmet two america australia iso state art spread area foot workmanship stringent control test check deliver solution well effort kitchen place time spent reflect modern mission,54,372
262,e1b2b3ad430dd738d958292441b6d046,Shoppingtara Marble Elephant Pair Showpiece  -  5 cm,Home Decor Festive Needs,"['elephant', 'pair', 'elephant', 'pair']",elephant pair elephant pair,4,27
263,9a3cdc88ebbba7612e88eac1b82c5f82,Woodino Handicrafts Showpiece  -  6.5 cm,Home Decor Festive Needs,"['handicraft', 'handicraft']",handicraft handicraft,2,21
264,a4951eb41979fe482879f777c8f21d2b,Unique Handicrafts Inlaid Marble Box Showpiece  -  4.5 cm,Home Decor Festive Needs,"['handicraft', 'inlaid', 'blue', 'white', 'inlaid', 'semi', 'precious', 'stone', 'white', 'inlaid', 'semi', 'precious', 'stone']",handicraft inlaid blue white inlaid semi precious stone white inlaid semi precious stone,13,88
265,412d0425bb7076610aace6549ded265c,Lal Haveli Rajasthani Handmade Vintage Wooden Camel Design Jharoka Photo Frame Showpiece  -  43.18 cm,Home Decor Festive Needs,"['rajasthani', 'wooden', 'photo', 'frame', 'wooden', 'copper', 'rajasthani', 'wood', 'skill', 'craftsman', 'gold', 'pattern', 'adorn', 'give', 'royal', 'look', 'make', 'perfect', 'item', 'occasion', 'even', 'decor', 'rajasthani', 'wood', 'skill', 'craftsman', 'gold', 'pattern', 'adorn', 'give', 'royal', 'look', 'make', 'perfect', 'item', 'occasion', 'even', 'decor']",rajasthani wooden photo frame wooden copper rajasthani wood skill craftsman gold pattern adorn give royal look make perfect item occasion even decor rajasthani wood skill craftsman gold pattern adorn give royal look make perfect item occasion even decor,38,253
266,0e73201f6d8807776e1d21c969078289,Pigeon Kadhai 1.2 L,Kitchen Dining,"['aluminium', 'glass', 'non', 'stick', 'italian', 'non', 'stick', 'base', 'strong', 'stay', 'cool', 'heat', 'grip', 'scratch', 'metal', 'spoon', 'italian', 'non', 'stick', 'base', 'strong', 'stay', 'cool', 'heat', 'grip', 'scratch', 'metal', 'spoon']",aluminium glass non stick italian non stick base strong stay cool heat grip scratch metal spoon italian non stick base strong stay cool heat grip scratch metal spoon,28,165
267,86dcb7d4ce6ec7bfb3e26d1bd859f4fb,Sahara Q Shop Kadhai 1.5 L,Kitchen Dining,"['sahara', 'shop', 'stainless', 'premium', 'non', 'stick', 'premium', 'non', 'stick']",sahara shop stainless premium non stick premium non stick,9,57
268,093097cfe5626f4ad8914e0a16a940b5,Mom Italy Wheel Pizza Cutter,Kitchen Dining,"['wheel', 'pizza', 'cutter', 'wheel', 'pizza', 'cutter']",wheel pizza cutter wheel pizza cutter,6,37
269,908cc351957d02f72f60916006c531ba,Rajo Raja Mahavastu Buddha Artpiece Showpiece  -  20.5 cm,Home Decor Festive Needs,"['raja', 'buddha', 'raja', 'buddha']",raja buddha raja buddha,4,23
270,7ee2e665b7de2e1cc29e3c65bde0c318,Mavi 237MBB Showpiece  -  15 cm,Home Decor Festive Needs,"['mavi', 'mavi']",mavi mavi,2,9
271,9906d8f74589c452b00f2b5642a63c5f,S C Handicrafts Showpiece  -  40 cm,Home Decor Festive Needs,"['handicraft', 'handicraft']",handicraft handicraft,2,21
273,6a1afb657e9ac01e3ca1956dfdcc3e9a,Ndura Kadhai 1.7 L,Kitchen Dining,"['fantastic', 'kitchen', 'silver', 'brought', 'task', 'high', 'stainless', 'come', 'mirror', 'finish', 'look', 'fantastic', 'kitchen', 'silver', 'brought', 'task', 'high', 'stainless', 'come', 'mirror', 'finish', 'look']",fantastic kitchen silver brought task high stainless come mirror finish look fantastic kitchen silver brought task high stainless come mirror finish look,22,153
275,719677b02bfccafb86e9be78f36f938b,Babeezworld Baby Boy's Romper,Baby Care,"['romper', 'fabric', 'blue', 'green', 'romper', 'present', 'cute', 'one', 'come', 'round', 'neck', 'shirt', 'shoulder', 'loop', 'comfort', 'fit', 'made', 'soft', 'strap', 'two', 'button', 'front', 'special', 'character', 'give', 'stylish', 'look', 'pick', 'summer', 'romper', 'top', 'half', 'content', 'fabric', 'romper', 'neck', 'round', 'neck', 'pattern', 'fabric', 'similar', 'use']",romper fabric blue green romper present cute one come round neck shirt shoulder loop comfort fit made soft strap two button front special character give stylish look pick summer romper top half content fabric romper neck round neck pattern fabric similar use,42,258
276,14826adf9bc4c34ea566dae3d85ef7cf,Pittsburgh Polo Club PBPC-505-GRN Analog Watch  - For Men,Watches,"['polo', 'club', 'analog', 'watch', 'men', 'function', 'chronograph', 'quartz', 'analog', 'style', 'code', 'occasion', 'casual', 'men', 'power', 'month', 'cardboard', 'dial', 'shape', 'round', 'strap', 'strap', 'green', 'shock', 'scratch', 'clasp', 'dial', 'green']",polo club analog watch men function chronograph quartz analog style code occasion casual men power month cardboard dial shape round strap strap green shock scratch clasp dial green,28,180
277,113783ce1db999778b5a4bd374e61209,"palito PLO 169 Analog Watch  - For Girls, Women",Watches,"['analog', 'watch', 'dial', 'red', 'dial', 'shape', 'round', 'strap', 'red', 'analog', 'watch', 'analog', 'style', 'code', 'occasion', 'formal', 'month', 'dial', 'shape', 'round', 'strap', 'red', 'dial', 'red']",analog watch dial red dial shape round strap red analog watch analog style code occasion formal month dial shape round strap red dial red,24,137
278,553aa0252537751d153e7c50029f0242,Adino ADF04 Analog Watch  - For Girls,Watches,"['analog', 'watch', 'analog', 'style', 'code', 'occasion', 'wedding', 'month', 'dial', 'shape', 'round', 'strap', 'dial', 'black', 'pink', 'green']",analog watch analog style code occasion wedding month dial shape round strap dial black pink green,16,98
279,e2cec0756030a25f294ead3acc0570d2,ESIDON AKADA06 Analog Watch  - For Women,Watches,"['analog', 'watch', 'analog', 'style', 'code', 'occasion', 'wedding', 'month', 'dial', 'shape', 'round', 'strap', 'gold', 'dial', 'white']",analog watch analog style code occasion wedding month dial shape round strap gold dial white,15,92
280,009099b1f6e1e8f893ec29a7023153c4,"palito PLO 166 Analog Watch  - For Girls, Women",Watches,"['analog', 'watch', 'analog', 'style', 'code', 'occasion', 'wedding', 'month', 'dial', 'shape', 'round', 'strap', 'black', 'dial', 'black']",analog watch analog style code occasion wedding month dial shape round strap black dial black,15,93
281,db3e2eeb4fe90d4755f2911d661eae95,Bhavya Velvet Sofa Cover,Home Furnishing,"['velvet', 'sofa', 'cover', 'grey', 'velvet', 'sofa', 'cover', 'black', 'velvet', 'sofa', 'cover', 'grey', 'shade', 'grey', 'black', 'sofa', 'pattern', 'floral', 'velvet', 'living', 'room', 'height', 'weight']",velvet sofa cover grey velvet sofa cover black velvet sofa cover grey shade grey black sofa pattern floral velvet living room height weight,23,139
282,a8ea6fc2b3cd95f46bced80853ce8e0e,cherry crumble california Baby Boy's Dungaree,Baby Care,"['california', 'fabric', 'grey', 'california', 'top', 'fabric', 'pattern']",california fabric grey california top fabric pattern,7,52
283,4d2e9f36823bad0f6fe8c6b19bb92bdb,Yves Bertelin YBSCR557 Analog Watch  - For Women,Watches,"['analog', 'watch', 'quartz', 'analog', 'style', 'code', 'occasion', 'wedding', 'power', 'month', 'movement', 'watch', 'card', 'dial', 'shape', 'round', 'wooden', 'strap', 'dial', 'white', 'strap', 'strap']",analog watch quartz analog style code occasion wedding power month movement watch card dial shape round wooden strap dial white strap strap,22,139
284,63f2d92a3f5fc6cfc11e7f99d5798eac,Services Junction Beautiful Black and Golden color Diamond Ganesh idol for Pooja Showpiece  -  5 cm,Home Decor Festive Needs,"['junction', 'black', 'golden', 'diamond', 'idol', 'lord', 'god', 'clay', 'content', 'clean', 'damp', 'cloth', 'junction', 'black', 'golden', 'diamond', 'idol', 'black', 'gold', 'silver', 'finish', 'black', 'idol', 'made', 'clay', 'given', 'finish', 'golden', 'diamond', 'like', 'stone', 'limited', 'well', 'rich', 'limited', 'item', 'hinduism', 'deva', 'wisdom', 'intellect', 'stone', 'fine', 'painted', 'stone', 'famous', 'hand', 'painting', 'gorgeous', 'bring', 'perfect', 'place', 'desk', 'decor', 'represent', 'actual', 'though', 'may', 'differ', 'junction', 'black', 'golden', 'diamond', 'idol', 'black', 'gold', 'silver', 'junction', 'idol', 'shade', 'black', 'golden', 'silver', 'name', 'black', 'golden', 'diamond', 'idol', 'black', 'gold', 'silver', 'weight', 'height', 'depth', 'lord', 'god', 'clay', 'content', 'clean', 'damp', 'cloth', 'idol']",junction black golden diamond idol lord god clay content clean damp cloth junction black golden diamond idol black gold silver finish black idol made clay given finish golden diamond like stone limited well rich limited item hinduism deva wisdom intellect stone fine painted stone famous hand painting gorgeous bring perfect place desk decor represent actual though may differ junction black golden diamond idol black gold silver junction idol shade black golden silver name black golden diamond idol black gold silver weight height depth lord god clay content clean damp cloth idol,91,582
285,64a9d0488652194fd8e879d5e6dc8015,"palito PLO 149 Analog Watch  - For Girls, Women",Watches,"['analog', 'watch', 'analog', 'style', 'code', 'occasion', 'wedding', 'month', 'dial', 'shape', 'round', 'strap', 'black', 'dial', 'black']",analog watch analog style code occasion wedding month dial shape round strap black dial black,15,93
286,08613e8b27838b997069b1fedb6e88d2,V9 METAL STRAP Analog Watch  - For Men,Watches,"['metal', 'strap', 'analog', 'watch', 'men', 'analog', 'style', 'code', 'metal', 'strap', 'occasion', 'casual', 'men', 'dial', 'shape', 'round', 'strap', 'dial', 'black']",metal strap analog watch men analog style code metal strap occasion casual men dial shape round strap dial black,19,112
287,a66a68fbed935f90b62d5d29003267fc,Dreamshomes Velvet Sofa Cover,Home Furnishing,"['velvet', 'sofa', 'cover', 'shade', 'sofa', 'pattern', 'velvet', 'living', 'room', 'height', 'weight']",velvet sofa cover shade sofa pattern velvet living room height weight,11,69
288,7f7c64d439d64656d6baa40f5798cdf5,"Kandyfloss Baby Boy's, Baby Girl's Romper",Baby Care,"['romper', 'fabric', 'red', 'romper', 'top', 'content', 'fabric', 'romper', 'neck', 'neck', 'pattern', 'geometric', 'print', 'romper']",romper fabric red romper top content fabric romper neck neck pattern geometric print romper,14,91
289,2aaa6083689193df5ab01fe37dea1b5e,Services Junction Gold Plated Ganesh Idol Showpiece For Pooja Showpiece  -  6.5 cm,Home Decor Festive Needs,"['junction', 'gold', 'idol', 'lord', 'god', 'clay', 'content', 'clean', 'damp', 'cloth', 'junction', 'gold', 'idol', 'gold', 'hard', 'find', 'poster', 'gold', 'finish', 'huge', 'collection', 'god', 'brass', 'idol', 'god', 'puja', 'hindu', 'way', 'beyond', 'india', 'known', 'many', 'elephant', 'head', 'make', 'deva', 'intellect', 'wisdom', 'god', 'start', 'represent', 'actual', 'though', 'may', 'differ', 'junction', 'gold', 'idol', 'gold', 'junction', 'shade', 'golden', 'idol', 'name', 'gold', 'idol', 'gold', 'weight', 'height', 'depth', 'idol', 'lord', 'god', 'clay', 'content', 'clean', 'damp', 'cloth']",junction gold idol lord god clay content clean damp cloth junction gold idol gold hard find poster gold finish huge collection god brass idol god puja hindu way beyond india known many elephant head make deva intellect wisdom god start represent actual though may differ junction gold idol gold junction shade golden idol name gold idol gold weight height depth idol lord god clay content clean damp cloth,68,405
290,45204a03550940bdcbc8e4703c07f550,Brahmz Glass Mossiac Table Lamp,Home Decor Festive Needs,"['glass', 'lamp', 'bulb', 'glass', 'lamp', 'refreshing', 'sleek', 'lamp', 'lamp', 'away', 'appeal', 'colour', 'made', 'glass', 'made', 'glass', 'lamp', 'mosaic', 'pattern', 'blend', 'modern', 'lamp', 'vibrant', 'mosaic', 'pattern', 'give', 'charming', 'lamp', 'skill', 'make', 'glass', 'lamp', 'content', 'lamp', 'lamp', 'base', 'glass', 'bulb', 'standard', 'name', 'glass', 'lamp', 'glass', 'cord', 'weight', 'height', 'power', 'power']",glass lamp bulb glass lamp refreshing sleek lamp lamp away appeal colour made glass made glass lamp mosaic pattern blend modern lamp vibrant mosaic pattern give charming lamp skill make glass lamp content lamp lamp base glass bulb standard name glass lamp glass cord weight height power power,48,292
291,8876d7569efdaff5a21b33a1ab44a13d,MKB Baby Girl's Shirt Dress,Baby Care,"['shirt', 'dress', 'velvet', 'net', 'black', 'white', 'shirt', 'dress', 'black', 'white', 'dress', 'made', 'velvet', 'net', 'perfect', 'wear', 'dress', 'angel', 'shirt', 'dress', 'dress', 'knee', 'pattern', 'solid', 'occasion', 'casual', 'dress', 'content', 'fabric', 'velvet', 'net', 'shirt', 'fabric', 'hand', 'bleach']",shirt dress velvet net black white shirt dress black white dress made velvet net perfect wear dress angel shirt dress dress knee pattern solid occasion casual dress content fabric velvet net shirt fabric hand bleach,35,215
292,7c15895bbfd7da97c219be5b28150a06,Toddla Baby Girl's Gathered Dress,Baby Care,"['dress', 'raglan', 'dress', 'flower', 'waist', 'line', 'floral', 'print', 'knee', 'made', 'make', 'dress', 'wear', 'long', 'dress', 'princess', 'style', 'normal', 'cold', 'shade', 'dress', 'raglan', 'dress', 'flower', 'waist', 'dress', 'frock', 'knee', 'pattern', 'floral', 'print', 'occasion', 'casual', 'dress', 'sleeveless', 'content', 'fabric', 'neck', 'neck', 'weight']",dress raglan dress flower waist line floral print knee made make dress wear long dress princess style normal cold shade dress raglan dress flower waist dress frock knee pattern floral print occasion casual dress sleeveless content fabric neck neck weight,40,254
293,c2efa8aa11898bdb5fc4e46201973a42,Baby Moshai Baby Girl's A-line Dress,Baby Care,"['line', 'dress', 'line', 'dress', 'give', 'yet', 'look', 'pink', 'full', 'dress', 'made', 'soft', 'fur', 'net', 'fabric', 'comfort', 'daughter', 'first', 'pick', 'season', 'compliment', 'make', 'child', 'line', 'dress', 'dress', 'mini', 'short', 'pattern', 'solid', 'occasion', 'casual', 'dress', 'full', 'content', 'fabric', 'fur', 'net', 'line', 'neck', 'round', 'warm', 'wear', 'net', 'dress', 'fur', 'neck', 'frock', 'winter', 'elastic', 'waistband', 'better', 'fit', 'high', 'garment', 'net', 'add', 'garment', 'fabric', 'hand']",line dress line dress give yet look pink full dress made soft fur net fabric comfort daughter first pick season compliment make child line dress dress mini short pattern solid occasion casual dress full content fabric fur net line neck round warm wear net dress fur neck frock winter elastic waistband better fit high garment net add garment fabric hand,60,353
294,688bb32bf0d9b6e350d2c0912a3b7c9f,My Little Lambs Baby Girl's Gathered Dress,Baby Care,"['lamb', 'dress', 'blue', 'lamb', 'dress', 'dress', 'ethnic', 'floral', 'print', 'lamb', 'dress', 'dress', 'knee', 'pattern', 'floral', 'print', 'occasion', 'casual', 'dress', 'cap', 'belt', 'included', 'content', 'fabric', 'neck', 'round', 'neck', 'fabric', 'cold', 'bleach', 'iron', 'clean']",lamb dress blue lamb dress dress ethnic floral print lamb dress dress knee pattern floral print occasion casual dress cap belt included content fabric neck round neck fabric cold bleach iron clean,32,196
295,735820e1614052fde55659da9dc10ccc,arnavs Multi1 Bottle Opener Set,Kitchen Dining,"['five', 'one', 'every', 'kitchen', 'red']",five one every kitchen red,5,26
296,458c697fe5824552890b0e674cf5c109,I Ball IBCTDC 160/2gb/DDR2 with Dual Core 2 RAM 160 Hard Disk,Computers,"['ball', 'dual', 'core', 'ram', 'hard', 'disk', 'do', 'processor', 'speed', 'processor', 'name', 'processor', 'dual', 'core', 'core', 'ball', 'system', 'do', 'graphic', 'name', 'graphic', 'system', 'ram', 'hard', 'disk', 'part', 'year', 'domestic', 'year', 'domestic', 'part', 'weight', 'height', 'depth', 'power']",ball dual core ram hard disk do processor speed processor name processor dual core core ball system do graphic name graphic system ram hard disk part year domestic year domestic part weight height depth power,35,208
297,6ed34e1ab886e8a702ec59dd66ba4dff,Globe Graphic Print Baby Boy's Round Neck Orange T-Shirt,Baby Care,"['globe', 'graphic', 'print', 'round', 'neck', 'shirt', 'fit', 'regular', 'western', 'wear', 'half', 'fabric', 'globe', 'graphic', 'print', 'round', 'neck', 'shirt', 'casual', 'fitting', 'dark', 'polo', 'shirt', 'one', 'kid', 'made', 'well', 'bottom', 'extra', 'globe', 'graphic', 'print', 'round', 'neck', 'shirt', 'shirt', 'half', 'content', 'fabric', 'round', 'neck', 'fit', 'regular', 'pattern', 'graphic', 'print', 'occasion', 'casual', 'fabric', 'similar', 'use', 'style', 'code', 'shirt']",globe graphic print round neck shirt fit regular western wear half fabric globe graphic print round neck shirt casual fitting dark polo shirt one kid made well bottom extra globe graphic print round neck shirt shirt half content fabric round neck fit regular pattern graphic print occasion casual fabric similar use style code shirt,54,332
298,2971287a1ac427bd98c4778112d20d06,JayEnterprise Plastic Hand Juicer,Kitchen Dining,"['plastic', 'hand', 'plastic', 'hand', 'safe']",plastic hand plastic hand safe,5,30
299,4b8728226cc2934095782f7e7f3ce740,Craftuno Handcrafted Soapstone Mini Cannon Showpiece  -  6.25 cm,Home Decor Festive Needs,"['mini', 'cannon', 'mini', 'cannon']",mini cannon mini cannon,4,23
300,8c6942026d53b881d1da9359ea19c9fc,Elephant 9.84 inch Lid,Kitchen Dining,"['elephant', 'lid', 'elephant', 'lid']",elephant lid elephant lid,4,25
302,26d8d458084ef90d395d303eaeb71587,Nihar Pirangi Bomber Showpiece  -  10 cm,Home Decor Festive Needs,"['bomber', 'bomber']",bomber bomber,2,13
305,906b5b16c78ba1c718501138702cb32c,Pg handicrafts Beaded two drawers sofa set showpiece Showpiece  -  10.5 cm,Home Decor Festive Needs,"['handicraft', 'two', 'drawer', 'sofa', 'handicraft', 'two', 'drawer', 'sofa']",handicraft two drawer sofa handicraft two drawer sofa,8,53
306,7e11aaffb1d08f8091ea94598f7865aa,Lal Haveli Rajasthani Handmade Decorative Wood Jharoka Showpiece  -  30.48 cm,Home Decor Festive Needs,"['rajasthani', 'wood', 'rajasthani', 'wood']",rajasthani wood rajasthani wood,4,31
307,a12d9ae5720ae41446e084911f0c2865,Aapno Rajasthan Marvel In Marble - Gold Embossed Roli Tika Chopra Showpiece  -  7.62 cm,Home Decor Festive Needs,"['marvel', 'gold', 'marvel', 'gold']",marvel gold marvel gold,4,23
309,2f40e01331bc00216d147d4ebfdfbaf3,Infinity India Antique Gemstone Brass Surahi Handicraft Gift -1001 Showpiece  -  10 cm,Home Decor Festive Needs,"['india', 'brass', 'surahi', 'handicraft', 'india', 'brass', 'surahi', 'handicraft']",india brass surahi handicraft india brass surahi handicraft,8,59
310,64b463dc0b75ae40a848498c657041e6,Linksys Smart Wi-Fi Router,Computers,"['smart', 'router']",smart router,2,12
311,ecb5bba9a5984d2b35b8ac3f56056c67,Wild Stone Red And Juice Combo Set,Beauty and Personal Care,"['wild', 'stone', 'red']",wild stone red,3,14
313,6c8f99e979d4de9ab5d1ad20455622c7,Adidas Ice Drive and Dynamic Pulse Combo Set,Beauty and Personal Care,"['ice', 'drive']",ice drive,2,9
314,3adb36e4275733d0d113d9039e6814ea,"Vincent Valentine Paris Set of Dark Fire, Dark Fire & Majesty Deodorants Combo Set",Beauty and Personal Care,"['vincent', 'dark', 'fire', 'dark', 'fire', 'dark', 'fire', 'enchanting', 'top', 'note', 'blend', 'black', 'currant', 'star', 'anise', 'galanga', 'root', 'depth', 'green', 'pepper', 'extract', 'warmth', 'base', 'rich', 'balsam', 'cedar', 'vanilla', 'bean', 'royal', 'latest', 'anna', 'young', 'extravagant', 'neo', 'touch', 'dark', 'fire', 'enchanting', 'top', 'note', 'blend', 'black', 'currant', 'star', 'anise', 'galanga', 'root', 'depth', 'green', 'pepper', 'extract', 'warmth', 'base', 'rich', 'balsam', 'cedar', 'vanilla', 'bean', 'royal', 'latest', 'anna', 'young', 'extravagant', 'neo', 'touch']",vincent dark fire dark fire dark fire enchanting top note blend black currant star anise galanga root depth green pepper extract warmth base rich balsam cedar vanilla bean royal latest anna young extravagant neo touch dark fire enchanting top note blend black currant star anise galanga root depth green pepper extract warmth base rich balsam cedar vanilla bean royal latest anna young extravagant neo touch,65,407
315,e93cd13f5269dd51b8359ccf93ca5ace,"Denver RO,Black Code Gift Set  Combo Set",Beauty and Personal Care,"['black', 'code']",black code,2,10
316,b551f20c6a8a1dc3d102a5f04bc8d7d6,Wild Stone Smoke And Juice Combo Set,Beauty and Personal Care,"['wild', 'stone', 'smoke']",wild stone smoke,3,16
318,fd2716d0e5dd7ffc367ca4dd9f97aaa0,Asus Wireless AC2400 Dual-band Gigabit Router,Computers,"['wireless', 'dual', 'band', 'router']",wireless dual band router,4,25
319,8e94fbcd81112a21860355b3b11cf52d,"Denver Sport,Hamilton Combo Set",Beauty and Personal Care,['hamilton'],hamilton,1,8
320,3ee79b1e51c9f9262e8373ce6b717606,"Layer'r Shot Compact Impact ,Explode And Turbo Body Spray (Pack Of 3) Combo Set",Beauty and Personal Care,"['layer', 'compact', 'turbo', 'spray']",layer compact turbo spray,4,25
324,a43fbae655e5d13215b9dd65339fa9d4,Huawei WS331c -300 Mbps Wireless Range Extender,Computers,['wireless'],wireless,1,8
325,3945cc3920106c04648e8ba17ef2b009,Anna Andre Paris Majesty & Floralina Combo Set,Beauty and Personal Care,['anna'],anna,1,4
326,c75d6d827876b0d0127acb59e5a251ee,TRENDnet TEW-752DRU,Computers,['tew'],tew,1,3
328,7c4c57dda1b2e50f40b331cc8f9d233b,Adidas Dynamic Pulse and Team Force Combo Set,Beauty and Personal Care,['team'],team,1,4
329,cb0afa31d9ca796908fde019cd64044d,Asus RT-AC68U Dual-band Wireless-AC1900 Gigabit Router,Computers,"['dual', 'band', 'wireless', 'router']",dual band wireless router,4,25
330,394c2c627914e1eed9b8ac343583a679,Asus RT-N12 LX 300Mbps Wireless Router,Computers,"['wireless', 'router']",wireless router,2,15
331,f2689f048b3b6f0ff863bf0cce28873d,"Park Avenue Believe Deodorant ,Orignal EDP Combo Set",Beauty and Personal Care,['park'],park,1,4
332,473b1ab1abe21826c41efa1584a88a63,TRENDnet N150 Wireless ADSL 2 Modem Router,Computers,"['wireless', 'router']",wireless router,2,15
334,417ae3e8b08acc19a023b8a958644799,Kamasutra Combo Offer Pack Combo Set,Beauty and Personal Care,['offer'],offer,1,5
336,6634de7b39a5b0658c74ab098450096d,D-Link DIR-816 Wireless AC750 Dual Band Router,Computers,"['link', 'wireless', 'dual', 'band', 'router']",link wireless dual band router,5,30
337,7680c6bf930669dc0646e3315187dc8c,Arabian Nights Evolve Combo Set,Beauty and Personal Care,"['arabian', 'night']",arabian night,2,13
338,fe1bd3e2be8112198506daecbac7dc5c,Adidas Get Ready and Natural Vitality Combo Set,Beauty and Personal Care,['get'],get,1,3
340,8963e56482bbd3e9d05e0709d61ee0ca,Engage Blush and Drizzle Combo Set,Beauty and Personal Care,['blush'],blush,1,5
341,fce2bd96b35d531a4784bc57e19aca4f,Belkin Share Modem (N) Router,Computers,"['share', 'router']",share router,2,12
343,9743e6d1c9f3180483825fe4d2e97836,Apple AirPort Express Base Station Wireless Router,Computers,"['express', 'base', 'wireless', 'router']",express base wireless router,4,28
344,6e44d107ee32412243b19b0ed9b415f3,Anna Andre Paris Majesty Deodorant Combo Set,Beauty and Personal Care,['anna'],anna,1,4
345,d43d9bb261aaaf818c81a645e727b2d3,TRENDnet THA-101 N300 Router,Computers,['router'],router,1,6
346,52c5fe837181962a7c1d5883bb9d7007,Yardley Red Roses and Lace Combo Set,Beauty and Personal Care,"['red', 'lace']",red lace,2,8
347,539f82930cfad8afef1a75882eb45703,Nivea Fresh Power Boost Deo Combo Combo Set,Beauty and Personal Care,"['fresh', 'power']",fresh power,2,11
348,7ba69836467fe0795bf0e1161fc481d9,Zyxel 3D 1440 - 3G Data Card,Computers,"['data', 'card']",data card,2,9
350,2670ba9bc61b42937773486ddcae442a,TP-LINK TL-WR702N 150Mbps Wireless N Nano Router,Computers,"['link', 'wireless', 'router']",link wireless router,3,20
353,b5b47b2ecf5cf5760051b0a980ed7a3f,Asus DSL-N10E Wireless-N150 ADSL Modem Router,Computers,"['wireless', 'router']",wireless router,2,15
356,9a02f44389bda4c60e7dc23947dbca58,Playboy London And Berlin Combo Set,Beauty and Personal Care,"['playboy', 'london', 'berlin']",playboy london berlin,3,21
357,79b78739b0ae84780001fec304ce036c,Yardley Jasmine and Lace Satin Combo Set,Beauty and Personal Care,"['lace', 'satin']",lace satin,2,10
359,4b0e6f200426b1db8824b2ca0c59ecfa,"Park Avenue Believe Spray ,Four Seasons EDP Combo Set",Beauty and Personal Care,"['park', 'spray', 'four', 'season']",park spray four season,4,22
360,cc9412969fab14faba65c70e00fef4a8,Nike Casual Combo Set,Beauty and Personal Care,['casual'],casual,1,6
361,dd0b73d97cea6cc71d263a77fa7982be,Aero Care La Royal Orange & Ice Combo Set,Beauty and Personal Care,"['aero', 'royal', 'ice']",aero royal ice,3,14
362,42c5c528ad7ac8ad7a4e7c31f958e25f,Vincent Valentine Paris Set of New Dark & Dark Fire Deodorants Combo Set,Beauty and Personal Care,"['vincent', 'new', 'dark', 'dark', 'fire']",vincent new dark dark fire,5,26
363,8932c9a89b487bf9f2b3fce06c7c6553,Aero Care Ice & Blue 4 Men Combo Set,Beauty and Personal Care,"['aero', 'ice', 'blue', 'men']",aero ice blue men,4,17
365,7bcabeb38f148041087fafdad40e2c57,Beverly Hills Polo Club BLUE Gift Set  Combo Set,Beauty and Personal Care,"['hill', 'polo', 'club', 'blue']",hill polo club blue,4,19
366,47d7792e50e69b048b1f17176f170141,Beverly Hills Polo Club RED Gift Set  Combo Set,Beauty and Personal Care,"['hill', 'polo', 'club', 'red']",hill polo club red,4,18
367,884ff6050ff3d6b2c8f681c300a21b2a,TP-Link Archer C20 AC750 Dual Band Router,Computers,"['link', 'dual', 'band', 'router']",link dual band router,4,21
368,f386f28cbc2ca9a63b5dc7a8fe6d5098,"Denver Caliber,Pride Combo Set",Beauty and Personal Care,['pride'],pride,1,5
370,b42a9b597a3a3dc8f428e2e2323e9aff,Anna Andre Paris Floralina & Red Horizon Combo Set,Beauty and Personal Care,"['anna', 'red']",anna red,2,8
371,2a20862f02555a44b0ab301bed987a0b,Netgear JWNR2010 N300 Wireless Router,Computers,"['wireless', 'router']",wireless router,2,15
372,ea82cb68a6e79d3c10fe9c4255c6a508,"Wild Stone Charge,Surge Combo Set",Beauty and Personal Care,"['wild', 'stone', 'charge']",wild stone charge,3,17
373,5c6b9db55291a68d99c4bb9a88266e27,Edimax BR6524N N300 Wireless Router,Computers,"['wireless', 'router']",wireless router,2,15
375,4c096ad79f63c12a42f56fe8cec37f36,Adidas Ice Dive Combo Set,Beauty and Personal Care,"['ice', 'dive']",ice dive,2,8
376,15f45d08050e8ba24a14804cba000589,Denver Hamilton Pride Combo Set,Beauty and Personal Care,"['hamilton', 'pride']",hamilton pride,2,14
378,955abcd11312fce2fd02a91a9b05ae71,"Engage Rush , Jump Combo Set",Beauty and Personal Care,['jump'],jump,1,4
381,079d049de21fb2426b516a8d2f9a8bdb,"Envy 1000 Intense,Magnetic Combo Set",Beauty and Personal Care,['magnetic'],magnetic,1,8
382,4c449766e715bc41023244c9042e0a82,Vincent Valentine Paris Set of Dark Fire & Dark Magic Deodorants Combo Set,Beauty and Personal Care,"['vincent', 'dark', 'fire', 'dark', 'magic']",vincent dark fire dark magic,5,28
384,67119571e4b46deb266236d8e7fad65d,Denver Rage Hamilton Honour Combo Set,Beauty and Personal Care,['hamilton'],hamilton,1,8
386,59d964c38c787f829c6cfa5629e4df90,French Factor Man of the Year Deodorant Gift Set  Combo Set,Beauty and Personal Care,"['french', 'man', 'year']",french man year,3,15
387,36b965559aa2b97cb961a603f18a9183,"Fogg Dynamic,Magnetic Combo Set",Beauty and Personal Care,['magnetic'],magnetic,1,8
388,98ad5b99ad96695568d8f143b11ab740,Anna Andre Paris Set of Dark Fire & Numero 1 Deodorants Combo Set,Beauty and Personal Care,"['anna', 'dark', 'fire']",anna dark fire,3,14
389,51dc964c7a47293ff0ed0c6912813722,Playboy New York Combo Set,Beauty and Personal Care,"['playboy', 'new', 'york']",playboy new york,3,16
390,ae19a81b730b48b87ca72521af8fb902,TP-LINK 4-Port Cable/DSL/TL-R460,Computers,"['link', 'port']",link port,2,9
392,d376da2235096f74600d842b6f5f2d1a,"Wild Stone Drift,Wave Combo Set",Beauty and Personal Care,"['wild', 'stone', 'drift']",wild stone drift,3,16
394,bd95002e0fea67f7ec2f2597814c5eaf,TRENDnet TEW-737HRE,Computers,['tew'],tew,1,3
397,c2e71e7c97489d4efa5eab796ae354ac,Zyxel VMG1312-B10A VDSL2 Wireless N VDSL2 4-port Gateway with USB,Computers,"['wireless', 'port', 'gateway']",wireless port gateway,3,21
398,215decf6f993d7b45d75520d9174493f,Netgear D3600 N600 Dual Band Gigabit Wi-Fi Modem Router,Computers,"['dual', 'band', 'router']",dual band router,3,16
399,8720a25546a572b0217817a82bfd00a5,D-Link DSL-2520U,Computers,['link'],link,1,4
400,4fe24e100a5fcc33cf6054ef101067ed,TP-LINK TD-W8970,Computers,['link'],link,1,4
401,50be4cd92fda2755e1e884421a52e345,Denim Deo Combo Set,Beauty and Personal Care,['denim'],denim,1,5
402,726de30d1473ecb9641c1cd5286b6344,Cinthol Deo Spray - Intense (Pack of 2) Combo Set,Beauty and Personal Care,['spray'],spray,1,5
404,07f8bdc4372a73d0820507683a936b6e,Playboy London And Malibu Combo Set,Beauty and Personal Care,"['playboy', 'london']",playboy london,2,14
405,a231459c1562ee1117e95a61128820b7,"Denver Cool,Honour Combo Set",Beauty and Personal Care,['cool'],cool,1,4
406,fa6f5eb34be4ad5daec225bfe09f2414,Yardley Gold Combo Set,Beauty and Personal Care,['gold'],gold,1,4
407,dbf7c443a45d684944b5d9928eef051f,TRENDnet N300 Wireless Home Router,Computers,"['wireless', 'router']",wireless router,2,15
408,a7a294ddbcd9bbbc46c034079529c17c,Wild Stone Deodorant No-22 Combo Set,Beauty and Personal Care,"['wild', 'stone', 'long', 'lasting', 'long', 'lasting', 'long', 'lasting', 'long', 'lasting']",wild stone long lasting long lasting long lasting long lasting,10,62
409,c6cd71c28144224b080cdec222bc4833,Adidas Ice Dive and Adidas Victory League Combo Set,Beauty and Personal Care,"['ice', 'dive']",ice dive,2,8
410,e39177ad1acf95e44ddd430bf969a86b,Asus RP-N53 Dual-Band Wireless-N600 Range Extender,Computers,"['dual', 'band', 'wireless']",dual band wireless,3,18
411,5c7b493625b5fc6689cae49d25e1ae17,Aero Care Blue 4 Lady Combo Set,Beauty and Personal Care,"['aero', 'blue']",aero blue,2,9
414,2d4f1232af970bd19881ceacad6ccfe3,Playboy London And New York Combo Set,Beauty and Personal Care,"['playboy', 'london', 'new', 'york']",playboy london new york,4,23
416,723e472f98180745980efe32411d30c6,Playboy Berlin Combo Set,Beauty and Personal Care,"['playboy', 'berlin']",playboy berlin,2,14
418,1d829e0eac91d7e85cdd6d581c363360,Denim Deo Original & Passion 150ml Gift Set  Combo Set,Beauty and Personal Care,"['denim', 'passion']",denim passion,2,13
420,6c3768639e82ceaeab681e083b897672,D-Link DSL-2750U Wireless N 300 ADSL2+ 4-Port Wi-Fi,Computers,"['link', 'wireless', 'port']",link wireless port,3,18
422,0e1e3861d54a8a17b7b91f04071a4ca3,Clear Face Kesar Chandan Multivitamin Nourishing Skin Cream With Almond Honey Skin Cream,Beauty and Personal Care,"['clear', 'face', 'cream', 'almond', 'honey', 'cream', 'content', 'organic', 'content', 'cream', 'almond', 'honey', 'cream', 'organic', 'trait']",clear face cream almond honey cream content organic content cream almond honey cream organic trait,15,98
423,00e966a5049a262cfc72e6bbf68b80e7,YGS Keyboard Case for Asus Memo Pad 7in Tab,Computers,"['keyboard', 'case', 'memo', 'pad', 'tab', 'case', 'magnetic', 'lock', 'four', 'corner', 'elastic', 'strap', 'keep', 'stand', 'watch', 'video', 'made', 'high', 'grade', 'synthetic', 'leather', 'note', 'case', 'android', 'tablet', 'camera', 'cut', 'check', 'tablet', 'work', 'micro', 'keyboard', 'case', 'memo', 'pad', 'tab', 'pink', 'keyboard', 'android', 'tablet', 'dual', 'benefit', 'tab', 'well', 'full', 'keyboard', 'make', 'case', 'long', 'lasting', 'display', 'stand', 'make', 'easier', 'write', 'keyboard', 'watch', 'tab', 'keyboard', 'similar', 'full', 'note', 'case', 'android', 'tablet', 'camera', 'cut', 'check', 'tablet', 'work', 'micro', 'keyboard', 'case', 'memo', 'pad', 'tab', 'pink', 'shade', 'pink', 'leather', 'designed', 'memo', 'pad', 'tab', 'pink', 'keyboard', 'tablet', 'cover']",keyboard case memo pad tab case magnetic lock four corner elastic strap keep stand watch video made high grade synthetic leather note case android tablet camera cut check tablet work micro keyboard case memo pad tab pink keyboard android tablet dual benefit tab well full keyboard make case long lasting display stand make easier write keyboard watch tab keyboard similar full note case android tablet camera cut check tablet work micro keyboard case memo pad tab pink shade pink leather designed memo pad tab pink keyboard tablet cover,88,536
424,1be8161a259813bca5d068d5730464e7,Majik Styling Decoration Hair Clip,Beauty and Personal Care,"['hair', 'clip', 'hair', 'clip', 'flower', 'used', 'hair', 'hair', 'used', 'kid', 'flower', 'use', 'gender', 'give', 'look', 'used', 'hair', 'clip', 'content']",hair clip hair clip flower used hair hair used kid flower use gender give look used hair clip content,19,101
425,60a7313ea1e0ee8d845a0a6dec6117cc,Zingalalaa LP-50 50 lm LED Corded Portable Projector,Computers,"['led', 'projector', 'ratio', 'support', 'ratio', 'support', 'resolution', 'maximum', 'used', 'format', 'screen', 'limited', 'defect', 'month', 'repair', 'cover', 'weight', 'height', 'depth', 'wireless', 'audio', 'input', 'output', 'jack', 'port', 'port', 'card', 'micro', 'power', 'power', 'audio', 'audio', 'speaker', 'output', 'lamp', 'led', 'lamp', 'display', 'led', 'lamp', 'life', 'hour', 'control', 'projector', 'power', 'cord', 'manual']",led projector ratio support ratio support resolution maximum used format screen limited defect month repair cover weight height depth wireless audio input output jack port port card micro power power audio audio speaker output lamp led lamp display led lamp life hour control projector power cord manual,47,303
426,70461caa9038cfa34d109ea056d57f5a,BASRA uepgrn Green Changing Table,Baby Care,"['green', 'tab', 'shade', 'green', 'name', 'green', 'pad', 'included', 'strap', 'included', 'plastic', 'included', 'weight', 'height', 'depth', 'use']",green tab shade green name green pad included strap included plastic included weight height depth use,16,101
427,4735953b9c8504eb327675a14c6c33dd,"Smartpro 19.5v,3.9a Replacement Charger for Vaio Series VGN-CR540E/L 75 Adapter",Computers,"['charger', 'designed', 'charger', 'power', 'cord', 'included', 'charger', 'connector', 'pin', 'designed', 'power', 'charge', 'made', 'highest', 'part', 'similar', 'pass', 'like', 'rest', 'assured', 'note', 'actual', 'label', 'may', 'place', 'order', 'select', 'right', 'check', 'current', 'output', 'current', 'current', 'output', 'notebook', 'deviation', 'check', 'pin', 'place', 'order', 'charger', 'power', 'cord', 'included', 'designed', 'designed', 'connector', 'pin', 'charger', 'power', 'power', 'input', 'power', 'output', 'current', 'output', 'limited', 'defect', 'month', 'india', 'repair', 'need', 'send', 'repair', 'sent', 'back', 'cover', 'bag', 'due', 'improper', 'normal', 'wear', 'tear', 'magnetic', 'head', 'audio', 'video', 'laser', 'pick', 'tube']",charger designed charger power cord included charger connector pin designed power charge made highest part similar pass like rest assured note actual label may place order select right check current output current current output notebook deviation check pin place order charger power cord included designed designed connector pin charger power power input power output current output limited defect month india repair need send repair sent back cover bag due improper normal wear tear magnetic head audio video laser pick tube,80,526
428,dd5d6f0649f40d49791bbd5c00758e2f,Graco LiteRider Click Connect � Marco,Baby Care,"['connect', 'age', 'group', 'year', 'stroller', 'weight', 'wheel', 'bottom', 'wheel', 'wheel', 'weight', 'height', 'depth', 'system', 'content', 'stroller', 'position', 'cup', 'cup', 'holder', 'lightweight', 'aluminium', 'rest']",connect age group year stroller weight wheel bottom wheel wheel weight height depth system content stroller position cup cup holder lightweight aluminium rest,23,158
429,9fb8662af03c957ade34d4c816d4e903,"Smartpro 19.5v,3.9a Replacement Charger for Vaio Series VGN-CR309E 75 Adapter",Computers,"['charger', 'designed', 'charger', 'power', 'cord', 'included', 'charger', 'connector', 'pin', 'designed', 'power', 'charge', 'made', 'highest', 'part', 'similar', 'pass', 'like', 'rest', 'assured', 'note', 'actual', 'label', 'may', 'place', 'order', 'select', 'right', 'check', 'current', 'output', 'current', 'current', 'output', 'notebook', 'deviation', 'check', 'pin', 'place', 'order', 'charger', 'power', 'cord', 'included', 'designed', 'designed', 'connector', 'pin', 'charger', 'power', 'power', 'input', 'power', 'output', 'current', 'output', 'limited', 'defect', 'month', 'india', 'repair', 'need', 'send', 'repair', 'sent', 'back', 'cover', 'bag', 'due', 'improper', 'normal', 'wear', 'tear', 'magnetic', 'head', 'audio', 'video', 'laser', 'pick', 'tube']",charger designed charger power cord included charger connector pin designed power charge made highest part similar pass like rest assured note actual label may place order select right check current output current current output notebook deviation check pin place order charger power cord included designed designed connector pin charger power power input power output current output limited defect month india repair need send repair sent back cover bag due improper normal wear tear magnetic head audio video laser pick tube,80,526
430,a54b94096938252901d3f7f8de97bffb,ocean VGLASS0051,Kitchen Dining,"['ocean', 'ocean', 'clear', 'ocean', 'one', 'prime', 'focus', 'clear', 'good', 'soda', 'lime', 'new', 'retail', 'represent', 'refreshing', 'ocean', 'meet', 'need', 'use', 'ocean', 'ocean', 'group', 'ocean', 'glass', 'public', 'limited', 'standard', 'ocean', 'glass', 'one', 'glass', 'aspect', 'retail', 'food', 'ocean', 'clear', 'ocean', 'glass', 'clear', 'weight', 'glass', 'glass', 'safe', 'glass']",ocean ocean clear ocean one prime focus clear good soda lime new retail represent refreshing ocean meet need use ocean ocean group ocean glass public limited standard ocean glass one glass aspect retail food ocean clear ocean glass clear weight glass glass safe glass,44,267
431,281dfd9b94b34362c295b3e5f8da5dfa,"Smartpro 19.5v,3.9a Replacement Charger for Vaio Series VGN-CR490EBW 75 Adapter",Computers,"['charger', 'power', 'cord', 'included', 'designed', 'designed', 'connector', 'pin', 'charger', 'power', 'power', 'input', 'power', 'output', 'current', 'output', 'limited', 'defect', 'month', 'india', 'repair', 'need', 'send', 'repair', 'sent', 'back', 'cover', 'bag', 'due', 'improper', 'normal', 'wear', 'tear', 'magnetic', 'head', 'audio', 'video', 'laser', 'pick', 'tube']",charger power cord included designed designed connector pin charger power power input power output current output limited defect month india repair need send repair sent back cover bag due improper normal wear tear magnetic head audio video laser pick tube,40,256
432,7f2f1f3039d1f5bc23226fc36577eab9,"Smartpro 19.5v,3.9a Replacement Charger for Vaio Series VGN-CR13G/L 75 Adapter",Computers,"['charger', 'designed', 'charger', 'power', 'cord', 'included', 'charger', 'connector', 'pin', 'designed', 'power', 'charge', 'made', 'highest', 'part', 'similar', 'pass', 'like', 'rest', 'assured', 'note', 'actual', 'label', 'may', 'place', 'order', 'select', 'right', 'check', 'current', 'output', 'current', 'current', 'output', 'notebook', 'deviation', 'check', 'pin', 'place', 'order', 'charger', 'power', 'cord', 'included', 'designed', 'designed', 'connector', 'pin', 'charger', 'power', 'power', 'input', 'power', 'output', 'current', 'output', 'limited', 'defect', 'month', 'india', 'repair', 'need', 'send', 'repair', 'sent', 'back', 'cover', 'bag', 'due', 'improper', 'normal', 'wear', 'tear', 'magnetic', 'head', 'audio', 'video', 'laser', 'pick', 'tube']",charger designed charger power cord included charger connector pin designed power charge made highest part similar pass like rest assured note actual label may place order select right check current output current current output notebook deviation check pin place order charger power cord included designed designed connector pin charger power power input power output current output limited defect month india repair need send repair sent back cover bag due improper normal wear tear magnetic head audio video laser pick tube,80,526
433,32f24a4303050f500dec7cb3608fe089,"Smartpro 19.5v,3.9a Replacement Charger for Vaio Series VGN-CR305E/L 75 Adapter",Computers,"['charger', 'designed', 'charger', 'power', 'cord', 'included', 'charger', 'connector', 'pin', 'designed', 'power', 'charge', 'made', 'highest', 'part', 'similar', 'pass', 'like', 'rest', 'assured', 'note', 'actual', 'label', 'may', 'place', 'order', 'select', 'right', 'check', 'current', 'output', 'current', 'current', 'output', 'notebook', 'deviation', 'check', 'pin', 'place', 'order', 'charger', 'power', 'cord', 'included', 'designed', 'designed', 'connector', 'pin', 'charger', 'power', 'power', 'input', 'power', 'output', 'current', 'output', 'limited', 'defect', 'month', 'india', 'repair', 'need', 'send', 'repair', 'sent', 'back', 'cover', 'bag', 'due', 'improper', 'normal', 'wear', 'tear', 'magnetic', 'head', 'audio', 'video', 'laser', 'pick', 'tube']",charger designed charger power cord included charger connector pin designed power charge made highest part similar pass like rest assured note actual label may place order select right check current output current current output notebook deviation check pin place order charger power cord included designed designed connector pin charger power power input power output current output limited defect month india repair need send repair sent back cover bag due improper normal wear tear magnetic head audio video laser pick tube,80,526
434,ea199e645da893f2ab0c45cf07face13,"Smartpro 19.5v,3.9a Replacement Charger for Vaio Series VGN-CR190E/R 75 Adapter",Computers,"['charger', 'designed', 'charger', 'power', 'cord', 'included', 'charger', 'connector', 'pin', 'designed', 'power', 'charge', 'made', 'highest', 'part', 'similar', 'pass', 'like', 'rest', 'assured', 'note', 'actual', 'label', 'may', 'place', 'order', 'select', 'right', 'check', 'current', 'output', 'current', 'current', 'output', 'notebook', 'deviation', 'check', 'pin', 'place', 'order', 'charger', 'power', 'cord', 'included', 'designed', 'designed', 'connector', 'pin', 'charger', 'power', 'power', 'input', 'power', 'output', 'current', 'output', 'limited', 'defect', 'month', 'india', 'repair', 'need', 'send', 'repair', 'sent', 'back', 'cover', 'bag', 'due', 'improper', 'normal', 'wear', 'tear', 'magnetic', 'head', 'audio', 'video', 'laser', 'pick', 'tube']",charger designed charger power cord included charger connector pin designed power charge made highest part similar pass like rest assured note actual label may place order select right check current output current current output notebook deviation check pin place order charger power cord included designed designed connector pin charger power power input power output current output limited defect month india repair need send repair sent back cover bag due improper normal wear tear magnetic head audio video laser pick tube,80,526
435,3ccceaae844f34180708cb6cba3441bf,"Smartpro 19.5v,3.9a Replacement Charger for Vaio Series VGN-CR390E/B 75 Adapter",Computers,"['charger', 'designed', 'charger', 'power', 'cord', 'included', 'charger', 'connector', 'pin', 'designed', 'power', 'charge', 'made', 'highest', 'part', 'similar', 'pass', 'like', 'rest', 'assured', 'note', 'actual', 'label', 'may', 'place', 'order', 'select', 'right', 'check', 'current', 'output', 'current', 'current', 'output', 'notebook', 'deviation', 'check', 'pin', 'place', 'order', 'charger', 'power', 'cord', 'included', 'designed', 'designed', 'connector', 'pin', 'charger', 'power', 'power', 'input', 'power', 'output', 'current', 'output', 'limited', 'defect', 'month', 'india', 'repair', 'need', 'send', 'repair', 'sent', 'back', 'cover', 'bag', 'due', 'improper', 'normal', 'wear', 'tear', 'magnetic', 'head', 'audio', 'video', 'laser', 'pick', 'tube']",charger designed charger power cord included charger connector pin designed power charge made highest part similar pass like rest assured note actual label may place order select right check current output current current output notebook deviation check pin place order charger power cord included designed designed connector pin charger power power input power output current output limited defect month india repair need send repair sent back cover bag due improper normal wear tear magnetic head audio video laser pick tube,80,526
436,e921fc17a0ed9a58f76d38558deb9337,Reiki Crystal Products Showpiece  -  8 cm,Home Decor Festive Needs,"['crystal', 'stone', 'crystal', 'crystal', 'white', 'clear', 'quartz', 'known', 'master', 'thought', 'well', 'effect', 'crystal', 'clear', 'quartz', 'kind', 'background', 'mental', 'deep', 'mind', 'clear', 'quartz', 'aid', 'clear', 'quartz', 'stone', 'group', 'stone', 'perfect', 'base', 'clear', 'crystal', 'long', 'used', 'crystal', 'clear', 'quartz', 'strength', 'intellect', 'use', 'crystal', 'crystal', 'white', 'crystal', 'crystal', 'ball', 'crystal', 'white', 'weight', 'height', 'depth']",crystal stone crystal crystal white clear quartz known master thought well effect crystal clear quartz kind background mental deep mind clear quartz aid clear quartz stone group stone perfect base clear crystal long used crystal clear quartz strength intellect use crystal crystal white crystal crystal ball crystal white weight height depth,51,341
437,b6c339777814451815fe7950fd4c8536,HomeEdge Solid Wood King Bed,Beauty and Personal Care,"['solid', 'wood', 'king', 'bed', 'king', 'bed', 'mattress', 'king', 'bed', 'polish', 'solid', 'wood', 'king', 'bed', 'finish', 'made', 'order', 'bed', 'made', 'artisan', 'bed', 'made', 'perfection', 'handicraft', 'made', 'order', 'make', 'sure', 'bed', 'mattress', 'queen', 'bed', 'mattress', 'king', 'bed', 'check', 'mattress', 'order', 'bed', 'polish', 'might', 'wooden', 'grain', 'due', 'grain', 'polish', 'might', 'look', 'dark', 'wooden', 'high', 'level', 'check', 'solid', 'wood', 'king', 'bed', 'finish', 'demo', 'demo', 'demo', 'done', 'cost', 'part', 'within', 'hour', 'king', 'bed', 'condition', 'included', 'style', 'modern', 'bed', 'king', 'included', 'bedroom', 'kid', 'room', 'mattress', 'bed', 'standard', 'finish', 'wipe', 'clean', 'cloth', 'keep', 'away', 'direct', 'sunlight', 'note', 'order', 'limited', 'defect', 'site', 'need', 'call', 'center', 'come', 'site', 'get', 'year', 'domestic', 'normal', 'wear', 'tear', 'part', 'weight', 'floor', 'height', 'depth', 'may', 'screen', 'due', 'check', 'fit', 'desired', 'check', 'fit', 'view', 'may', 'screen', 'due', 'check', 'fit', 'desired', 'check', 'fit', 'door', 'expect', 'due', 'floor', 'level', 'seller', 'take', 'civil', 'work', 'hole', 'wall', 'mount', 'case', 'case', 'lack', 'shine', 'cloth', 'help', 'clear', 'dust', 'brown', 'solid', 'wood', 'finish', 'domestic']",solid wood king bed king bed mattress king bed polish solid wood king bed finish made order bed made artisan bed made perfection handicraft made order make sure bed mattress queen bed mattress king bed check mattress order bed polish might wooden grain due grain polish might look dark wooden high level check solid wood king bed finish demo demo demo done cost part within hour king bed condition included style modern bed king included bedroom kid room mattress bed standard finish wipe clean cloth keep away direct sunlight note order limited defect site need call center come site get year domestic normal wear tear part weight floor height depth may screen due check fit desired check fit view may screen due check fit desired check fit door expect due floor level seller take civil work hole wall mount case case lack shine cloth help clear dust brown solid wood finish domestic,152,884
438,ee78c1e94bdc217d1d0eaef5c567417a,Budding Bees Printed Baby Girl's Jumpsuit,Baby Care,"['bee', 'fabric', 'neck', 'round', 'neck', 'pattern', 'blue', 'fabric', 'similar', 'use']",bee fabric neck round neck pattern blue fabric similar use,10,58
439,26269fd0df12630eec4508c2cf3c94e1,"JewelKraft Designs Brown, Pink Table Linen Set",Home Furnishing,"['brown', 'pink', 'linen', 'code', 'style', 'code', 'brown', 'pink', 'napkin']",brown pink linen code style code brown pink napkin,9,50
440,b90046b67cafcedfd363afba5fafc1c7,Baby Bucket SHERIN MULTI BEAR Sleeping Bag,Baby Care,"['bucket', 'bear', 'bag', 'green', 'bucket', 'space', 'name', 'bear', 'bucket', 'soft', 'bag', 'green', 'weight', 'height', 'depth']",bucket bear bag green bucket space name bear bucket soft bag green weight height depth,15,86
441,f8aa59c4a170e8a90ae832b173b2b2d9,NAMS 06 Fully Automatic Pulse Oximeter,Beauty and Personal Care,"['white', 'auto', 'shut', 'auto', 'shut', 'manual', 'power', 'power', 'life', 'hour', 'cover', 'defect', 'seal', 'broken', 'year', 'limited', 'seal', 'broken', 'display', 'strength', 'bar', 'graph', 'rate', 'display', 'display', 'low', 'display', 'led']",white auto shut auto shut manual power power life hour cover defect seal broken year limited seal broken display strength bar graph rate display display low display led,28,168
442,c6f4475e2385cc16ce83f21f975614b3,Rute Baby Girl's Sleepsuit,Baby Care,"['fabric', 'pink', 'pink', 'age', 'group', 'month', 'pattern', 'fabric', 'neck', 'round', 'neck', 'full', 'hood', 'snap', 'button', 'content', 'fabric', 'similar', 'use', 'full']",fabric pink pink age group month pattern fabric neck round neck full hood snap button content fabric similar use full,20,117
443,2231a6fc63274c46043e353f1728f077,Tidy Printed Cushions Cover,Home Furnishing,"['cushion', 'cover', 'pure', 'high', 'cushion', 'cover', 'cushion', 'code', 'style', 'code', 'pattern', 'height', 'fabric', 'content', 'cushion', 'pillow', 'cover']",cushion cover pure high cushion cover cushion code style code pattern height fabric content cushion pillow cover,17,112
444,cc24426f00c1cf9ae0bf76e8bd23c336,JBC Collection Cotton Printed Single Bedsheet,Home Furnishing,"['collection', 'without', 'pillow', 'cover', 'pure', 'collection', 'collection', 'fitted', 'flat', 'name', 'without', 'pillow', 'cover', 'fabric', 'bleach', 'flat', 'sheet', 'fitted', 'sheet', 'fitted', 'sheet', 'depth', 'fitted', 'sheet', 'flat', 'sheet', 'depth', 'flat', 'sheet', 'content']",collection without pillow cover pure collection collection fitted flat name without pillow cover fabric bleach flat sheet fitted sheet fitted sheet depth fitted sheet flat sheet depth flat sheet content,30,202
445,d8ef80a8ba345dedc9f944cf21201988,Hako 45W Magsafe Laptop Charger For APPLE MacBook Air 13 MB003JA 45 Adapter,Computers,"['hako', 'charger', 'air', 'designed', 'air', 'hako', 'charger', 'air', 'hako', 'come', 'high', 'protection', 'circuit', 'protect', 'come', 'hako', 'charger', 'air', 'hako', 'designed', 'air', 'name', 'air', 'charger', 'air', 'power', 'power', 'defect', 'year', 'claim', 'need', 'contact', 'seller', 'nearest', 'center', 'center', 'area', 'need', 'courier', 'seller', 'send', 'via', 'courier']",hako charger air designed air hako charger air hako come high protection circuit protect come hako charger air hako designed air name air charger air power power defect year claim need contact seller nearest center center area need courier seller send via courier,43,263
446,d7fded8e211b3033e424fb450b97caec,Hako 85W Magsafe Laptop Charger For APPLE MacBook Pro 17 MA897LLA 85 Adapter,Computers,"['hako', 'charger', 'pro', 'designed', 'pro', 'hako', 'charger', 'pro', 'hako', 'come', 'high', 'protection', 'circuit', 'protect', 'come', 'hako', 'charger', 'pro', 'hako', 'designed', 'pro', 'name', 'pro', 'charger', 'pro', 'power', 'power', 'defect', 'year', 'claim', 'need', 'contact', 'seller', 'nearest', 'center', 'center', 'area', 'need', 'courier', 'seller', 'send', 'via', 'courier']",hako charger pro designed pro hako charger pro hako come high protection circuit protect come hako charger pro hako designed pro name pro charger pro power power defect year claim need contact seller nearest center center area need courier seller send via courier,43,263
447,8e961e4fd248c9496ca54808d2d2b25f,Hako 60W Magsafe Laptop Charger For APPLE MacBook Pro13 MB990XA 60 Adapter,Computers,"['hako', 'charger', 'designed', 'hako', 'charger', 'hako', 'come', 'high', 'protection', 'circuit', 'protect', 'come', 'hako', 'charger', 'hako', 'designed', 'name', 'charger', 'power', 'power', 'defect', 'year', 'claim', 'need', 'contact', 'seller', 'nearest', 'center', 'center', 'area', 'need', 'courier', 'seller', 'send', 'via', 'courier']",hako charger designed hako charger hako come high protection circuit protect come hako charger hako designed name charger power power defect year claim need contact seller nearest center center area need courier seller send via courier,36,235
448,750f964cf8e6a16412aaf2b0d0350d0a,3kFactory Baby Shower Cap- Purple,Baby Care,"['shower', 'cap', 'kid', 'cap', 'shampoo', 'head', 'without', 'soap', 'eye', 'use', 'make', 'bath', 'time', 'less', 'fun', 'eye', 'shampoo', 'help', 'get', 'used', 'hair', 'colour', 'head', 'outer', 'inner', 'head', 'shower', 'cap', 'weight', 'soft', 'shower', 'cap', 'shower', 'cap', 'shower', 'cap', 'trait', 'shape', 'round', 'bath', 'shower', 'cap', 'name', 'shower', 'cap', 'shower', 'cap', 'per', 'cap']",shower cap kid cap shampoo head without soap eye use make bath time less fun eye shampoo help get used hair colour head outer inner head shower cap weight soft shower cap shower cap shower cap trait shape round bath shower cap name shower cap shower cap per cap,49,261
449,49f7763dc9c7ece284a1ae27166f8c6c,Saba Garments Baby Girl's Gathered Dress,Baby Care,"['saba', 'garment', 'dress', 'pink', 'wear', 'gown', 'saba', 'garment', 'dress', 'net', 'net', 'stone', 'work', 'saba', 'garment', 'dress', 'full', 'pattern', 'solid', 'occasion', 'dress', 'sleeveless', 'belt', 'included', 'content', 'fabric', 'satin', 'fabric', 'similar', 'use']",saba garment dress pink wear gown saba garment dress net net stone work saba garment dress full pattern solid occasion dress sleeveless belt included content fabric satin fabric similar use,30,189
450,95feec21a9d076cff084159d61bf9b8e,"Upside Down Sleeveless Applique Baby Girl's, Baby Boy's Jacket",Baby Care,"['sleeveless', 'jacket', 'pattern', 'jacket', 'fabric', 'hooded', 'button', 'sleeveless', 'fabric', 'dont', 'garment', 'hand', 'mild', 'dont', 'shade', 'style', 'code', 'pink', 'face', 'jacket', 'sleeveless', 'jacket']",sleeveless jacket pattern jacket fabric hooded button sleeveless fabric dont garment hand mild dont shade style code pink face jacket sleeveless jacket,22,151
451,f0d5e49c1a5aead18d5ff2e8f611de4e,Lushomes Plain Back Cushion,Home Furnishing,"['plain', 'back', 'cushion', 'various', 'option', 'suit', 'every', 'need', 'super', 'soft', 'uber', 'stylish', 'cushion', 'take', 'extra', 'content', 'cushion', 'button', 'plain', 'back', 'cushion', 'brown', 'living', 'cushion', 'come', 'button', 'tone', 'fabric', 'leaf', 'guest', 'amazed', 'fantastic', 'option', 'high', 'perfection', 'vacuum', 'get', 'bag', 'direct', 'air', 'make', 'bedroom', 'look', 'plain', 'back', 'cushion', 'brown', 'velvet', 'back', 'cushion', 'name', 'button', 'filling', 'pillow', 'cushion', 'button', 'brown', 'weight', 'depth', 'content', 'cushion', 'button']",plain back cushion various option suit every need super soft uber stylish cushion take extra content cushion button plain back cushion brown living cushion come button tone fabric leaf guest amazed fantastic option high perfection vacuum get bag direct air make bedroom look plain back cushion brown velvet back cushion name button filling pillow cushion button brown weight depth content cushion button,62,403
452,0b8c4bc35aee94af356cb1fd2dfa0219,Prestige Deluxe Plus 10 L Pressure Cooker,Kitchen Dining,"['cooker', 'cooker']",cooker cooker,2,13
453,e6b483fce5fd910afda67d97dc04e775,Bed & Bath Cotton Floral Double Bedsheet,Home Furnishing,"['bed', 'bath', 'floral', 'pillow', 'cover', 'green', 'superb', 'print', 'pure', 'room', 'summer', 'superb', 'print', 'pure', 'room', 'summer']",bed bath floral pillow cover green superb print pure room summer superb print pure room summer,16,94
454,7cb1ea7b2257aeeeba701a8f6e3e0127,Milton Opaque Series 630 ml Water Bottle,Kitchen Dining,['milton'],milton,1,6
455,3b0f02b3acf1825f8bbc1fb3b860dbb8,Milton School 750 ml Water Bottle,Kitchen Dining,"['milton', 'school']",milton school,2,13
456,8ec6ee9814a27423e66c3c9ea26f77aa,Scalabedding Cotton Striped King sized Double Bedsheet,Home Furnishing,['king'],king,1,4
457,050ea3acb555bf641e7ae9b4f3ba684a,SRP Linen Cotton Plain King sized Double Bedsheet,Home Furnishing,"['linen', 'plain', 'king']",linen plain king,3,16
458,650e27dff8f645649353743f64e03f77,HP v220w 16 GB  Pen Drive,Computers,"['pen', 'drive', 'silver', 'black', 'case', 'metal', 'silver', 'black', 'weight']",pen drive silver black case metal silver black weight,9,53
459,4e09d5a71d46d61de3d4c9c5aedb73f2,TIGI BED HEAD COLOUR GODDESS OIL INFUSED CONDITIONER,Beauty and Personal Care,"['bed', 'head', 'colour', 'goddess', 'oil', 'bed', 'head', 'colour', 'goddess', 'oil', 'trait', 'hair', 'condition', 'hair', 'hair', 'hair', 'repair', 'men', 'trait', 'bed', 'head', 'name', 'colour', 'goddess', 'oil']",bed head colour goddess oil bed head colour goddess oil trait hair condition hair hair hair repair men trait bed head name colour goddess oil,25,141
460,8c62cbbd23958ae380fea906f6b5a994,Beebay Baby Girl's Fit and Flare Dress,Baby Care,"['fit', 'flare', 'dress', 'coral', 'fit', 'flare', 'fit', 'flare', 'dress', 'cute', 'coral', 'lace', 'dress', 'woven', 'fabric', 'summer', 'bottom', 'back', 'button', 'wear', 'fit', 'flare', 'dress', 'knee', 'pattern', 'occasion', 'casual', 'dress', 'sleeveless', 'belt', 'included', 'content', 'fabric', 'fit', 'flare', 'fabric']",fit flare dress coral fit flare fit flare dress cute coral lace dress woven fabric summer bottom back button wear fit flare dress knee pattern occasion casual dress sleeveless belt included content fabric fit flare fabric,36,221
461,3b80ac036843b278083fabfd9a3c84ff,vatika Advance Standard Idli Maker,Kitchen Dining,"['standard', 'idli', 'maker', 'plate', 'standard', 'idli', 'maker', 'plate', 'enjoy', 'clean', 'standard', 'idli', 'maker', 'whether', 'cook', 'idli', 'maker', 'cook', 'high', 'long', 'lasting', 'idli', 'maker', 'come', 'idli', 'cooker', 'plate', 'idli', 'plate', 'plate', 'standard', 'idli', 'maker', 'plate', 'standard', 'name', 'plate', 'silver', 'idli', 'pot', 'plate', 'idli', 'plate', 'plate', 'steam']",standard idli maker plate standard idli maker plate enjoy clean standard idli maker whether cook idli maker cook high long lasting idli maker come idli cooker plate idli plate plate standard idli maker plate standard name plate silver idli pot plate idli plate plate steam,45,272
462,994f1d8ade16b9fddce3c127eb7f38ed,Amit Carpet Polyester Medium Door Mat ACI20160340,Home Furnishing,"['carpet', 'medium', 'door', 'mat', 'anti', 'slip', 'good', 'carpet', 'medium', 'door', 'mat', 'pink', 'mat', 'process', 'carpet', 'stitch', 'pile', 'yarn', 'fabric', 'push', 'yarn', 'fabric', 'loop', 'yarn', 'place', 'form', 'yarn', 'place', 'loop', 'pile', 'carpet', 'cut', 'blade', 'cut', 'pile', 'carpet', 'next', 'various', 'carpet', 'medium', 'door', 'mat', 'pink', 'mat', 'carpet', 'door', 'name', 'pink', 'medium', 'mat', 'bacteria', 'weight', 'depth', 'content', 'mat']",carpet medium door mat anti slip good carpet medium door mat pink mat process carpet stitch pile yarn fabric push yarn fabric loop yarn place form yarn place loop pile carpet cut blade cut pile carpet next various carpet medium door mat pink mat carpet door name pink medium mat bacteria weight depth content mat,55,312
463,17582ae953860b5320683768b8e97d3a,Garnier Nutrisse Haircolor Hair Color,Beauty and Personal Care,"['hair', 'dark', 'golden', 'brown', 'cocoa', 'bean', 'avocado', 'oil', 'rich', 'long', 'lasting', 'avocado', 'used', 'hair', 'hair', 'dark', 'golden', 'brown', 'cocoa', 'bean', 'trait', 'tube', 'dark', 'golden', 'brown', 'cocoa', 'bean', 'cream']",hair dark golden brown cocoa bean avocado oil rich long lasting avocado used hair hair dark golden brown cocoa bean trait tube dark golden brown cocoa bean cream,28,161
464,c063d07d78a55a21bf6c0e7c8ae46a6d,Fs Mini Klub Baby Girl's Fit and Flare Dress,Baby Care,"['mini', 'fit', 'flare', 'dress', 'fit', 'flare', 'mini', 'fit', 'flare', 'dress', 'knee', 'pattern', 'occasion', 'casual', 'dress', 'sleeveless', 'content', 'fabric', 'fit', 'flare', 'fabric', 'similar']",mini fit flare dress fit flare mini fit flare dress knee pattern occasion casual dress sleeveless content fabric fit flare fabric similar,22,137
465,da2ce8d17a17f9d19b368434aedea5e9,"Chokree Baby Girl's, Girl's A-line Dress",Baby Care,"['line', 'dress', 'pink', 'line', 'line', 'dress', 'full', 'occasion', 'dress', 'fabric', 'synthetic', 'line']",line dress pink line line dress full occasion dress fabric synthetic line,12,73
466,3bc98543c7dd0d8fce5b8185b4a58c43,"Shaun Printed Baby Boy's Yellow, Grey, Black Track Pants",Baby Care,"['yellow', 'grey', 'black', 'track', 'pant', 'yellow', 'grey', 'black', 'yellow', 'grey', 'black', 'track', 'pant', 'track', 'pant', 'content', 'fabric', 'pocket', 'side', 'pocket', 'pattern', 'track', 'pant', 'style', 'code', 'fabric', 'lukewarm', 'bleach']",yellow grey black track pant yellow grey black yellow grey black track pant track pant content fabric pocket side pocket pattern track pant style code fabric lukewarm bleach,28,173
467,0bff0eda7a6677dc1acb0477a1f7a121,"Shaun Solid Baby Boy's Grey, Dark Blue Track Pants",Baby Care,"['solid', 'grey', 'dark', 'blue', 'track', 'pant', 'track', 'pant', 'content', 'fabric', 'pocket', 'back', 'pocket', 'pattern', 'solid', 'track', 'pant', 'style', 'code', 'fabric', 'lukewarm', 'bleach']",solid grey dark blue track pant track pant content fabric pocket back pocket pattern solid track pant style code fabric lukewarm bleach,22,135
468,948699ab8c947ce56c256f9cf7996761,Tks Cotton Hair Towel,Baby Care,"['hair', 'towel', 'medium', 'height', 'use', 'hair', 'towel', 'hair', 'towel', 'bath', 'towel', 'check', 'hair', 'towel', 'name', 'hair', 'medium', 'hair', 'towel']",hair towel medium height use hair towel hair towel bath towel check hair towel name hair medium hair towel,19,106
469,0b852704f2002f8865a68818ad4951da,Ocean CPGW087,Kitchen Dining,"['ocean', 'ocean', 'clear', 'ocean', 'one', 'prime', 'focus', 'clear', 'good', 'soda', 'lime', 'new', 'retail', 'represent', 'refreshing', 'ocean', 'meet', 'need', 'use', 'ocean', 'ocean', 'group', 'ocean', 'glass', 'public', 'limited', 'standard', 'ocean', 'glass', 'one', 'glass', 'aspect', 'retail', 'food', 'ocean', 'clear', 'ocean', 'glass', 'clear', 'glass', 'glass']",ocean ocean clear ocean one prime focus clear good soda lime new retail represent refreshing ocean meet need use ocean ocean group ocean glass public limited standard ocean glass one glass aspect retail food ocean clear ocean glass clear glass glass,41,249
470,9b9fc81808086cfd1ce5a2b46e2f9926,OGX Sunkissed Blonde Lemon Highlights Conditioner,Beauty and Personal Care,"['lemon', 'highlight', 'trait', 'hair', 'condition', 'normal', 'hair', 'hair', 'hair', 'hair', 'shine', 'men', 'trait', 'name', 'lemon', 'highlight']",lemon highlight trait hair condition normal hair hair hair hair shine men trait name lemon highlight,16,100
471,10ad262ebfdc8614e847d36e6fe9ecf9,giftsthatwow GTW-G-04,Kitchen Dining,"['white', 'glass', 'white', 'glass', 'glass']",white glass white glass glass,5,29
472,dea88a5f46d5fc19236651e6b3e0b3fa,giftsthatwow GTW-G-06,Kitchen Dining,"['white', 'classic', 'glass', 'royal', 'white', 'glass', 'white', 'glass', 'glass']",white classic glass royal white glass white glass glass,9,55
473,ba9f3a5ab1517a644322d856a7d25946,Allin Exporters Fennel Oil (Co2 Extract),Beauty and Personal Care,"['allin', 'fennel', 'oil', 'extract', 'men', 'area', 'organic', 'organic', 'allin', 'fennel', 'oil', 'extract', 'method', 'fluid', 'process', 'seed', 'fennel', 'plant', 'fennel', 'oil', 'extract', 'bear', 'sweet', 'aroma', 'time', 'symbol', 'strength', 'oil', 'extract', 'condition', 'use', 'oil', 'extract', 'help', 'order', 'radiant', 'allin', 'fennel', 'oil', 'extract', 'oil', 'oil', 'trait', 'men', 'area', 'organic', 'organic', 'organic', 'trait', 'allin', 'name', 'fennel', 'oil', 'extract']",allin fennel oil extract men area organic organic allin fennel oil extract method fluid process seed fennel plant fennel oil extract bear sweet aroma time symbol strength oil extract condition use oil extract help order radiant allin fennel oil extract oil oil trait men area organic organic organic trait allin name fennel oil extract,54,335
474,0f4f761de4224b004402c1f97e871ba4,Art n Beyond 150013,Kitchen Dining,"['art', 'beyond', 'art', 'beyond', 'clear', 'stylish', 'glass', 'art', 'beyond', 'clear', 'glass', 'art', 'beyond', 'glass', 'clear', 'tea', 'glass', 'glass', 'safe', 'break', 'heat', 'height', 'weight']",art beyond art beyond clear stylish glass art beyond clear glass art beyond glass clear tea glass glass safe break heat height weight,23,133
475,1c0fdd598671f6f4e10b21435d766cf3,Allin Exporters Cumin Seed Oil (Co2 Extract),Beauty and Personal Care,"['allin', 'cumin', 'seed', 'oil', 'extract', 'men', 'area', 'organic', 'organic', 'allin', 'cumin', 'seed', 'oil', 'extract', 'cumin', 'seed', 'oil', 'extract', 'seed', 'cumin', 'plant', 'known', 'method', 'method', 'oil', 'use', 'utmost', 'level', 'use', 'oil', 'extract', 'oil', 'carrier', 'oil', 'help', 'soothing', 'feel', 'mind', 'cumin', 'seed', 'oil', 'extract', 'carrier', 'oil', 'allin', 'cumin', 'seed', 'oil', 'extract', 'oil', 'oil', 'trait', 'men', 'area', 'organic', 'organic', 'organic', 'trait', 'allin', 'name', 'cumin', 'seed', 'oil', 'extract']",allin cumin seed oil extract men area organic organic allin cumin seed oil extract cumin seed oil extract seed cumin plant known method method oil use utmost level use oil extract oil carrier oil help soothing feel mind cumin seed oil extract carrier oil allin cumin seed oil extract oil oil trait men area organic organic organic trait allin name cumin seed oil extract,64,370
476,bd14484c68d8a2992a6fecad36bd9f37,"Cotonex Black, White Cotton Kitchen Linen Set",Home Furnishing,"['black', 'white', 'kitchen', 'linen', 'review', 'pure', 'glove', 'black', 'white', 'kitchen', 'linen', 'code', 'style', 'code', 'pattern', 'check', 'black', 'white', 'weight', 'fabric', 'clean', 'bleach', 'content', 'glove']",black white kitchen linen review pure glove black white kitchen linen code style code pattern check black white weight fabric clean bleach content glove,24,152
477,721c1b67f86176f741d43cae1d1c7e93,"Cotonex Blue, White Cotton Kitchen Linen Set",Home Furnishing,"['blue', 'white', 'kitchen', 'linen', 'review', 'pure', 'glove', 'blue', 'white', 'kitchen', 'linen', 'code', 'style', 'code', 'pattern', 'check', 'blue', 'white', 'weight', 'fabric', 'clean', 'bleach', 'content', 'glove']",blue white kitchen linen review pure glove blue white kitchen linen code style code pattern check blue white weight fabric clean bleach content glove,24,149
478,a0133654f3911e47f021da4e49d42926,"Cotonex Yellow, Green Cotton Kitchen Linen Set",Home Furnishing,"['yellow', 'green', 'kitchen', 'linen', 'review', 'pure', 'glove', 'yellow', 'green', 'kitchen', 'linen', 'code', 'pattern', 'style', 'code', 'yellow', 'green', 'weight', 'content', 'glove', 'fabric', 'clean', 'bleach']",yellow green kitchen linen review pure glove yellow green kitchen linen code pattern style code yellow green weight content glove fabric clean bleach,23,149
479,209bf06a732416f1ce5147a8b0524808,Lapguard Toshiba Satellite Pro A200 6 Cell Laptop Battery,Computers,"['pro', 'cell', 'made', 'high', 'grade', 'cell', 'highest', 'part', 'percent', 'term', 'strict', 'control', 'core', 'pass', 'like', 'rest', 'assured', 'note', 'actual', 'label', 'may', 'part', 'may', 'label', 'case', 'doubt', 'request', 'support', 'made', 'high', 'grade', 'cell', 'highest', 'part', 'percent', 'term', 'strict', 'control', 'core', 'pass', 'like', 'rest', 'assured', 'note', 'actual', 'label', 'may', 'part', 'may', 'label', 'case', 'doubt', 'request', 'support']",pro cell made high grade cell highest part percent term strict control core pass like rest assured note actual label may part may label case doubt request support made high grade cell highest part percent term strict control core pass like rest assured note actual label may part may label case doubt request support,54,316
480,88ca277594f22bb7494f2d0bbc51f8ba,HP Pavilion DV7t-6100 Series 6 Cell Laptop Battery,Computers,"['pavilion', 'cell']",pavilion cell,2,13
481,9f9bb0ef3bb8af571bcfbfa1a22150bd,Lapguard HP Pavilion DV7-6000 Series 6 Cell Laptop Battery,Computers,"['pavilion', 'cell']",pavilion cell,2,13
482,a76bf8400b3dbcdbe5a5678f4a8ea0f6,ARB HP Pavilion dv5t-1000 Replacement 6 Cell Laptop Battery,Computers,"['pavilion', 'cell']",pavilion cell,2,13
483,a863d956964ed41b7c90f5138dc69db5,4D Lenovo IdeaPad Y430g 6 Cell Laptop Battery,Computers,['cell'],cell,1,4
484,bb18279e9885136f1dbc8676d4af94e3,Clublaptop Lenovo L08O6C02 6 Cell Laptop Battery,Computers,"['cell', 'life', 'made', 'high', 'grade', 'cell', 'highest', 'part', 'percent', 'term', 'strict', 'control', 'core', 'pass', 'like', 'rest', 'assured', 'work', 'play', 'watch', 'longer', 'hour', 'without', 'iso', 'iso', 'offer', 'high', 'component', 'note', 'actual', 'label', 'may', 'part', 'may', 'label', 'life', 'made', 'high', 'grade', 'cell', 'highest', 'part', 'percent', 'term', 'strict', 'control', 'core', 'pass', 'like', 'rest', 'assured', 'work', 'play', 'watch', 'longer', 'hour', 'without', 'iso', 'iso', 'offer', 'high', 'component', 'note', 'actual', 'label', 'may', 'part', 'may', 'label']",cell life made high grade cell highest part percent term strict control core pass like rest assured work play watch longer hour without iso iso offer high component note actual label may part may label life made high grade cell highest part percent term strict control core pass like rest assured work play watch longer hour without iso iso offer high component note actual label may part may label,69,398
485,44b963eb856b4831dfdd21b666593c95,Lapguard Lenovo IdeaPad V470 6 Cell Laptop Battery,Computers,"['cell', 'made', 'high', 'grade', 'cell', 'highest', 'part', 'percent', 'term', 'strict', 'control', 'core', 'pass', 'like', 'rest', 'assured', 'note', 'actual', 'label', 'may', 'part', 'may', 'label', 'made', 'high', 'grade', 'cell', 'highest', 'part', 'percent', 'term', 'strict', 'control', 'core', 'pass', 'like', 'rest', 'assured', 'note', 'actual', 'label', 'may', 'part', 'may', 'label']",cell made high grade cell highest part percent term strict control core pass like rest assured note actual label may part may label made high grade cell highest part percent term strict control core pass like rest assured note actual label may part may label,45,258
486,77f659d4d18381c991fb9210e05d9c1b,HP Pavilion DV6-2070eo 6 Cell Laptop Battery,Computers,"['pavilion', 'cell']",pavilion cell,2,13
487,98659fb98a4fe903f21f5c315adbaede,Lapguard Dell U661H Compatible Black 6 Cell Laptop Battery,Computers,"['black', 'cell']",black cell,2,10
488,0d02f4703fde00645704e15bba23e77d,Rega IT Hp Pavilion DV6-6080SF DV6-6081EI 12 Cell 12 Cell Laptop Battery,Computers,"['pavilion', 'cell', 'cell']",pavilion cell cell,3,18
489,5a5bb03499009f35759258263fc834a3,Lapguard HP Pavilion DV4129EA Compatible Black 6 Cell Laptop Battery,Computers,"['pavilion', 'black', 'cell']",pavilion black cell,3,19
490,9a8fa4fd6524ada03411b033a9daadc1,HP Compaq Presario CQ43 6 Cell Laptop Battery,Computers,['cell'],cell,1,4
491,964648862f322b2cc153239af04b22ef,ARB Toshiba Dynabook SS MX/395LS Compatible Black 6 Cell Laptop Battery,Computers,"['black', 'cell']",black cell,2,10
492,a8e2698d5bd4347f8136c86104ae03e3,Rega IT Hp Pavilion DV6170EA DV6171CL 12 Cell 12 Cell Laptop Battery,Computers,"['pavilion', 'cell', 'cell']",pavilion cell cell,3,18
493,dfecd0265b899cb36fbb1fddc6f861a4,Lapguard Acer Aspire 4741G-5464G50Mn Replacement 6 Cell Laptop Battery,Computers,['cell'],cell,1,4
494,a124d6e4c30b00918c594289266a383c,Sonata Gold Plated GOLDP Analog Watch  - For Men,Watches,"['sonata', 'gold', 'analog', 'watch', 'men', 'sonata', 'gold', 'analog', 'watch', 'men', 'gold', 'india', 'great', 'discount']",sonata gold analog watch men sonata gold analog watch men gold india great discount,14,83
495,40efb9474b44fba54b5d2a8df121d727,Sonata 7007YL08 Watch,Watches,"['sonata', 'watch', 'sonata', 'watch', 'india', 'great', 'discount']",sonata watch sonata watch india great discount,7,46
496,087e83a2406dc98d941b8555356da477,Sonata 7016YM04 Watch,Watches,"['sonata', 'watch', 'sonata', 'watch', 'india', 'great', 'discount']",sonata watch sonata watch india great discount,7,46
497,75015382e469d36e397c5b47ea613314,Times 284TMS284 Party-Wedding Analog Watch  - For Women,Watches,"['time', 'wedding', 'analog', 'watch', 'time', 'wedding', 'analog', 'watch', 'india', 'great', 'discount']",time wedding analog watch time wedding analog watch india great discount,11,72
498,11502f02601ff063bf7db0a618354652,"Times Times_51 Party-Wedding Analog Watch  - For Women, Girls",Watches,"['time', 'wedding', 'analog', 'watch', 'time', 'wedding', 'analog', 'pink', 'dial', 'watch', 'time', 'wedding', 'analog', 'pink', 'dial', 'watch']",time wedding analog watch time wedding analog pink dial watch time wedding analog pink dial watch,16,97
499,d5d6c94b78fb0875b2894d44e7c46312,Maxima 03918CMLY Analog Watch  - For Women,Watches,"['maximum', 'analog', 'watch', 'maximum', 'analog', 'watch', 'india', 'stainless', 'back', 'case', 'clasp', 'golden', 'strap', 'round', 'dial', 'great', 'discount']",maximum analog watch maximum analog watch india stainless back case clasp golden strap round dial great discount,17,112
500,6776795cc4521a0cb0d54059649f7d72,Nexus NX_7668 Analog Watch  - For Men,Watches,"['analog', 'watch', 'men', 'analog', 'watch', 'men', 'india', 'great', 'discount']",analog watch men analog watch men india great discount,9,54
501,2e474c49a7dfe704c35cf3990740daa3,Sonata 8959YL01 Yuva Gold Analog Watch  - For Women,Watches,"['sonata', 'gold', 'analog', 'watch', 'sonata', 'gold', 'analog', 'watch', 'india', 'round', 'dial', 'white', 'teal', 'strap', 'great', 'discount']",sonata gold analog watch sonata gold analog watch india round dial white teal strap great discount,16,98
502,71ff6abd7764f2a42fcbefc11429be2d,Maxima 01433CMGY Gold Analog Watch  - For Men,Watches,"['maximum', 'gold', 'analog', 'watch', 'men', 'maximum', 'gold', 'analog', 'watch', 'men', 'india', 'brass', 'case', 'golden', 'strap', 'round', 'dial', 'great', 'discount']",maximum gold analog watch men maximum gold analog watch men india brass case golden strap round dial great discount,19,115
503,c36ea960a14f164ee0f39ad6beb3796a,Sonata 77036SM02J Watch,Watches,"['sonata', 'watch', 'sonata', 'watch', 'india', 'great', 'discount']",sonata watch sonata watch india great discount,7,46
504,cd089e2ef349a7f00dcdbf28965914f6,Lapguard HP Pavilion dv5-1008ax 6 Cell Laptop Battery,Computers,"['pavilion', 'cell']",pavilion cell,2,13
505,8284c10b2890ed53e17de5cfc33cdb96,Maxima 24990LMLI Swarovski Analog Watch  - For Women,Watches,"['maximum', 'analog', 'watch', 'maximum', 'analog', 'watch', 'india', 'round', 'dial', 'clasp', 'black', 'strap', 'great', 'discount']",maximum analog watch maximum analog watch india round dial clasp black strap great discount,14,91
506,8ccc970bf4c55e9b2710d5319161c357,Rega IT Gateway MD7822 MD-7822 MD7822U 6 Cell Laptop Battery,Computers,"['gateway', 'cell']",gateway cell,2,12
507,2580f7559802e4e5e3695fda6cbfc317,Rega IT Hp Pavilion DV2535TX DV2536TX 12 Cell 12 Cell Laptop Battery,Computers,"['pavilion', 'cell', 'cell', 'cell', 'extended', 'pavilion', 'made', 'highest', 'part', 'similar', 'meet', 'exceed', 'minimum', 'pass', 'like', 'rest', 'assured', 'make', 'sure', 'correct', 'per', 'old', 'old', 'power', 'volt', 'mah', 'cell', 'cell', 'extended', 'pavilion', 'made', 'highest', 'part', 'similar', 'meet', 'exceed', 'minimum', 'pass', 'like', 'rest', 'assured', 'make', 'sure', 'correct', 'per', 'old', 'old', 'power', 'volt', 'mah', 'cell']",pavilion cell cell cell extended pavilion made highest part similar meet exceed minimum pass like rest assured make sure correct per old old power volt mah cell cell extended pavilion made highest part similar meet exceed minimum pass like rest assured make sure correct per old old power volt mah cell,51,302
508,379ebeb2ad76333ab67afe292688512d,Lapguard HP Pavilion dv5-1015nr 6 Cell Laptop Battery,Computers,"['pavilion', 'cell']",pavilion cell,2,13
509,8fc61e0dae2460bc6e8f152283d20173,Maxima 17321CMLY Gold Analog Watch  - For Women,Watches,"['maximum', 'gold', 'analog', 'watch', 'maximum', 'gold', 'analog', 'watch', 'india', 'golden', 'strap', 'round', 'dial', 'brass', 'case', 'clasp', 'great', 'discount']",maximum gold analog watch maximum gold analog watch india golden strap round dial brass case clasp great discount,18,113
510,88650de379b6ecb085ecb3c2e6b42d4c,Logues LGSWATCHES760SL Analog Watch  - For Women,Watches,"['analog', 'watch', 'analog', 'watch', 'india', 'great', 'discount']",analog watch analog watch india great discount,7,46
511,9dc48a756ba86bbf6934ec6ddf9da03d,Lapguard HP Pavilion dv5-1014tx 6 Cell Laptop Battery,Computers,"['pavilion', 'cell']",pavilion cell,2,13
512,4e57e21d903b752a6b5aa496a43f1590,Lapguard HP Pavilion dv5-1020el 6 Cell Laptop Battery,Computers,"['pavilion', 'cell', 'made', 'high', 'grade', 'cell', 'highest', 'part', 'percent', 'term', 'strict', 'control', 'core', 'pass', 'like', 'rest', 'assured', 'made', 'high', 'grade', 'cell', 'highest', 'part', 'percent', 'term', 'strict', 'control', 'core', 'pass', 'like', 'rest', 'assured']",pavilion cell made high grade cell highest part percent term strict control core pass like rest assured made high grade cell highest part percent term strict control core pass like rest assured,32,193
513,93f01d6cd167fa549928a9b649f87ccc,Global Nomad GNLBBL0314 Analog Watch  - For Men,Watches,"['global', 'nomad', 'analog', 'watch', 'men', 'global', 'nomad', 'analog', 'watch', 'men', 'india', 'round', 'dial', 'black', 'strap', 'stainless', 'back', 'case', 'clasp', 'great', 'discount']",global nomad analog watch men global nomad analog watch men india round dial black strap stainless back case clasp great discount,21,129
514,c9531b92270ef77516d5b5b7ba2568e9,Maxima 04615CMGY Gold Analog Watch  - For Men,Watches,"['maximum', 'gold', 'analog', 'watch', 'men', 'maximum', 'gold', 'analog', 'watch', 'men', 'india', 'round', 'dial', 'golden', 'strap', 'brass', 'case', 'great', 'discount']",maximum gold analog watch men maximum gold analog watch men india round dial golden strap brass case great discount,19,115
515,9823c07cc256788556e424307f5ae9b6,"Noise NOSWW032 I M Famous Analog Watch  - For Women, Men",Watches,"['famous', 'analog', 'watch', 'men', 'famous', 'analog', 'watch', 'men', 'india', 'clasp', 'round', 'dial', 'sky', 'blue', 'strap', 'great', 'discount']",famous analog watch men famous analog watch men india clasp round dial sky blue strap great discount,17,100
516,d77279c8268e231b685cdbaf299e83f2,Sonata 7016YM09 Watch,Watches,"['sonata', 'watch', 'sonata', 'watch', 'india', 'great', 'discount']",sonata watch sonata watch india great discount,7,46
517,86b358a265312c139e5714e663daff05,Sonata 87001SL01 Analog Watch  - For Women,Watches,"['sonata', 'analog', 'watch', 'sonata', 'analog', 'watch', 'india', 'dial', 'white', 'strap', 'great', 'discount']",sonata analog watch sonata analog watch india dial white strap great discount,12,77
518,c0a7134d52d4aa3eb5874aef112f809f,Maxima 23952LMLI Swarovski Analog Watch  - For Women,Watches,"['maximum', 'analog', 'watch', 'maximum', 'analog', 'watch', 'india', 'rectangular', 'dial', 'clasp', 'pink', 'strap', 'brass', 'case', 'great', 'discount']",maximum analog watch maximum analog watch india rectangular dial clasp pink strap brass case great discount,16,107
519,dbcaa93cc0542079e9c88db51ec23676,Maxima 21131CPGI Mac Attivo Analog Watch  - For Men,Watches,"['maximum', 'mac', 'analog', 'watch', 'men', 'maximum', 'mac', 'analog', 'watch', 'men', 'india', 'dial', 'silver', 'strap', 'great', 'discount']",maximum mac analog watch men maximum mac analog watch men india dial silver strap great discount,16,96
520,b64149a8a9235f5199c6d8225d5dc602,Maxima 29923LPGY Analog Watch  - For Men,Watches,"['maximum', 'analog', 'watch', 'men', 'maximum', 'analog', 'watch', 'men', 'india', 'stainless', 'back', 'case', 'brown', 'strap', 'clasp', 'round', 'dial', 'great', 'discount']",maximum analog watch men maximum analog watch men india stainless back case brown strap clasp round dial great discount,19,119
521,66b75f053cb7626f49f1a9bffe77b451,Maxima 20981LMGI Attivo Analog Watch  - For Men,Watches,"['maximum', 'analog', 'watch', 'men', 'maximum', 'analog', 'watch', 'men', 'india', 'round', 'dial', 'clasp', 'black', 'strap', 'brass', 'case', 'great', 'discount']",maximum analog watch men maximum analog watch men india round dial clasp black strap brass case great discount,18,110
522,c7d81193e868b50355412ced7a67f8f3,Maxima 24742LMGY Gold Analog Watch  - For Men,Watches,"['maximum', 'gold', 'analog', 'watch', 'men', 'maximum', 'gold', 'analog', 'watch', 'men', 'india', 'black', 'strap', 'round', 'dial', 'great', 'discount']",maximum gold analog watch men maximum gold analog watch men india black strap round dial great discount,17,103
523,8d1abb3504a19ab41e7d8b8b1d5dd839,Maxima 09321CMGY Gold Analog Watch  - For Men,Watches,"['maximum', 'gold', 'analog', 'watch', 'men', 'maximum', 'gold', 'analog', 'watch', 'men', 'india', 'dial', 'golden', 'strap', 'brass', 'case', 'great', 'discount']",maximum gold analog watch men maximum gold analog watch men india dial golden strap brass case great discount,18,109
524,797d10fe966b3aa35933669c3425525b,"Noise NOSWW001 Analog Watch  - For Men, Women",Watches,"['analog', 'watch', 'men', 'analog', 'watch', 'men', 'india', 'round', 'dial', 'blue', 'strap', 'great', 'discount']",analog watch men analog watch men india round dial blue strap great discount,13,76
525,d21409978f5e404b53f89e444f7893fe,SF by Sonata 7991PP02 Ocean Digital Watch  - For Men,Watches,"['sonata', 'ocean', 'watch', 'men', 'sonata', 'ocean', 'watch', 'men', 'india', 'round', 'dial', 'black', 'strap', 'great', 'discount']",sonata ocean watch men sonata ocean watch men india round dial black strap great discount,15,89
526,9059227d71995f88a1f48ff63830f716,Fluid FU203-GR01 Analog-Digital Watch  - For Men,Watches,"['fluid', 'analog', 'watch', 'men', 'fluid', 'analog', 'watch', 'men', 'india', 'rectangular', 'dial', 'green', 'strap', 'great', 'discount']",fluid analog watch men fluid analog watch men india rectangular dial green strap great discount,15,95
527,41ae5a7304f3dc1dc8bc2dfc7765ae4d,Maxima 06362CMGY Gold Analog Watch  - For Men,Watches,"['maximum', 'gold', 'analog', 'watch', 'men', 'maximum', 'gold', 'analog', 'watch', 'men', 'india', 'round', 'dial', 'clasp', 'golden', 'strap', 'great', 'discount']",maximum gold analog watch men maximum gold analog watch men india round dial clasp golden strap great discount,18,110
528,4a4ccd1ac291cfc8b3894e691a1c0f7a,Sonata 8944SL03 Analog Watch  - For Women,Watches,"['sonata', 'analog', 'watch', 'sonata', 'analog', 'watch', 'india', 'round', 'dial', 'clasp', 'pink', 'strap', 'stainless', 'back', 'case', 'great', 'discount']",sonata analog watch sonata analog watch india round dial clasp pink strap stainless back case great discount,17,108
529,c8c7385b1b9589f009aa836f0590e646,Times 317TMS317 Party-Wedding Analog Watch  - For Men,Watches,"['time', 'wedding', 'analog', 'watch', 'men', 'time', 'wedding', 'analog', 'watch', 'men', 'india', 'great', 'discount']",time wedding analog watch men time wedding analog watch men india great discount,13,80
530,1e15dbd9f59a8b2001f91d18ddc84b5a,Maxima 12011PPGW Analog Watch  - For Men,Watches,"['maximum', 'analog', 'watch', 'men', 'maximum', 'analog', 'watch', 'men', 'india', 'round', 'dial', 'black', 'strap', 'stainless', 'back', 'case', 'clasp', 'great', 'discount']",maximum analog watch men maximum analog watch men india round dial black strap stainless back case clasp great discount,19,119
531,b4e829e38d69d299a923abf8d11ac18d,Times 333TMS333 Party-Wedding Analog Watch  - For Women,Watches,"['time', 'wedding', 'analog', 'watch', 'time', 'wedding', 'analog', 'watch', 'india', 'great', 'discount']",time wedding analog watch time wedding analog watch india great discount,11,72
532,64247967cbf6cd8bb2e243ac53aa5928,HMT HMTWHQ Analog Watch  - For Men,Watches,"['analog', 'watch', 'men', 'analog', 'watch', 'men', 'india', 'great', 'discount']",analog watch men analog watch men india great discount,9,54
533,5db6bd89da44841c1a5b686e67137704,Sonata 1141YM22 Analog Watch  - For Men,Watches,"['sonata', 'analog', 'watch', 'men', 'sonata', 'analog', 'watch', 'men', 'india', 'round', 'dial', 'golden', 'strap', 'clasp', 'great', 'discount']",sonata analog watch men sonata analog watch men india round dial golden strap clasp great discount,16,98
534,4019ad332ca3ce22449ff54fdd49a273,Timewel 1100-N1685 Analog Watch  - For Men,Watches,"['analog', 'watch', 'men', 'analog', 'watch', 'men', 'india', 'great', 'discount']",analog watch men analog watch men india great discount,9,54
535,b19c9174113c2b9288157e14c48a8250,Maxima 24864LMGY Analog Watch  - For Men,Watches,"['maximum', 'analog', 'watch', 'men', 'maximum', 'analog', 'watch', 'men', 'india', 'stainless', 'back', 'case', 'clasp', 'black', 'strap', 'round', 'dial', 'great', 'discount']",maximum analog watch men maximum analog watch men india stainless back case clasp black strap round dial great discount,19,119
536,2b278ad355318a87c336285689d214f0,Times 280TMS280 Party-Wedding Analog Watch  - For Women,Watches,"['time', 'wedding', 'analog', 'watch', 'time', 'wedding', 'analog', 'watch', 'india', 'great', 'discount']",time wedding analog watch time wedding analog watch india great discount,11,72
537,f242a2cf1525f7700770cf1262b4b660,Maxima 01784BMLY Gold Analog Watch  - For Women,Watches,"['maximum', 'gold', 'analog', 'watch', 'maximum', 'gold', 'analog', 'watch', 'india', 'golden', 'strap', 'brass', 'case', 'oval', 'dial', 'great', 'discount']",maximum gold analog watch maximum gold analog watch india golden strap brass case oval dial great discount,17,106
538,3864ab10ef7006452fef45513de8f868,Sonata 7092SL01 Yuva Analog Watch  - For Men,Watches,"['sonata', 'analog', 'watch', 'men', 'sonata', 'analog', 'watch', 'men', 'india', 'dial', 'black', 'strap', 'stainless', 'back', 'case', 'clasp', 'great', 'discount']",sonata analog watch men sonata analog watch men india dial black strap stainless back case clasp great discount,18,111
539,052559ede419996737893eb47568ee7f,Maxima 26512PPGN FIBER COLLECTION Analog Watch  - For Men,Watches,"['maximum', 'fiber', 'collection', 'analog', 'watch', 'men', 'maximum', 'fiber', 'collection', 'analog', 'watch', 'men', 'india', 'round', 'dial', 'black', 'strap', 'stainless', 'back', 'case', 'clasp', 'great', 'discount']",maximum fiber collection analog watch men maximum fiber collection analog watch men india round dial black strap stainless back case clasp great discount,23,153
540,19a570b6717955a8c48e5f280617ef24,Times 109B0109 Sports Analog Watch  - For Boys,Watches,"['time', 'sport', 'analog', 'watch', 'time', 'sport', 'analog', 'watch', 'india', 'great', 'discount']",time sport analog watch time sport analog watch india great discount,11,68
541,54749618b728306f9b3dc518dec315ee,Petrol PCWBL68 Analog Watch  - For Men,Watches,"['petrol', 'analog', 'watch', 'men', 'petrol', 'analog', 'watch', 'men', 'india', 'round', 'dial', 'black', 'strap', 'stainless', 'back', 'case', 'great', 'discount']",petrol analog watch men petrol analog watch men india round dial black strap stainless back case great discount,18,111
542,3fa21f35257649e1513ca4ce22c6a68c,Maxima 01741LPLN Analog Watch  - For Women,Watches,"['maximum', 'analog', 'watch', 'maximum', 'analog', 'watch', 'india', 'clasp', 'oval', 'dial', 'black', 'strap', 'great', 'discount']",maximum analog watch maximum analog watch india clasp oval dial black strap great discount,14,90
543,d98fac46793639eceaaa2e74cadd4973,Sonata 7052YM07 Watch,Watches,"['sonata', 'watch', 'sonata', 'watch', 'india', 'great', 'discount']",sonata watch sonata watch india great discount,7,46
544,894904e26516d491bf1c7711fe800e78,"Only Kidz 20600 Digital Watch  - For Boys, Girls",Watches,"['watch', 'watch', 'india', 'round', 'dial', 'clasp', 'blue', 'red', 'strap', 'great', 'discount']",watch watch india round dial clasp blue red strap great discount,11,64
545,5f8ebf77ba4064b68ea23a41cda71d97,"Kool Kidz DMK-011-PK 01 Analog Watch  - For Boys, Girls",Watches,"['analog', 'watch', 'analog', 'watch', 'india', 'strap', 'round', 'dial', 'metal', 'case', 'great', 'discount']",analog watch analog watch india strap round dial metal case great discount,12,74
546,797bb7813ec0bbc99e8b6f1b32c32e52,Maxima 19431CMGY Gold Analog Watch  - For Men,Watches,"['maximum', 'gold', 'analog', 'watch', 'men', 'maximum', 'gold', 'analog', 'watch', 'men', 'india', 'golden', 'strap', 'brass', 'case', 'round', 'dial', 'great', 'discount']",maximum gold analog watch men maximum gold analog watch men india golden strap brass case round dial great discount,19,115
547,987e13b445c34bfedb9796d2bb78d593,Maxima 01727LPLN Mac Gold Analog Watch  - For Women,Watches,"['maximum', 'mac', 'gold', 'analog', 'watch', 'maximum', 'mac', 'gold', 'analog', 'watch', 'india', 'plastic', 'case', 'brass', 'clasp', 'oval', 'dial', 'black', 'strap', 'great', 'discount']",maximum mac gold analog watch maximum mac gold analog watch india plastic case brass clasp oval dial black strap great discount,21,127
548,2541b59d54a3a9f2681c0049f7ddd85c,Timewel 1100-N145 Analog Watch  - For Men,Watches,"['analog', 'watch', 'men', 'analog', 'watch', 'men', 'india', 'great', 'discount']",analog watch men analog watch men india great discount,9,54
549,8a15fa23b8c39ac1c7eaac94cbbe6fc6,HMT S3648 Analog Watch  - For Men,Watches,"['analog', 'watch', 'men', 'analog', 'watch', 'men', 'india', 'round', 'dial', 'brown', 'strap', 'stainless', 'back', 'case', 'clasp', 'great', 'discount']",analog watch men analog watch men india round dial brown strap stainless back case clasp great discount,17,103
550,321f2ab0dd243778c87ac63ace6639f4,Sonata 8098YM01 Analog Watch  - For Women,Watches,"['sonata', 'analog', 'watch', 'sonata', 'analog', 'watch', 'india', 'round', 'dial', 'stainless', 'back', 'case', 'clasp', 'golden', 'strap', 'great', 'discount']",sonata analog watch sonata analog watch india round dial stainless back case clasp golden strap great discount,17,110
551,d98147c96d2eebf723b2b67d791bcdaa,Timewel 1100-N2017 Analog Watch  - For Women,Watches,"['analog', 'watch', 'analog', 'watch', 'india', 'great', 'discount']",analog watch analog watch india great discount,7,46
552,f2aaeda52ac1f77c2886af013fded02b,Olvin 1697 SM05 Analog Watch  - For Women,Watches,"['analog', 'watch', 'analog', 'watch', 'india', 'great', 'discount']",analog watch analog watch india great discount,7,46
553,235410c63d373e2fe141c129de2f624f,Sonata 8974PP01 Analog Watch  - For Women,Watches,"['sonata', 'analog', 'watch', 'sonata', 'analog', 'watch', 'india', 'dial', 'white', 'strap', 'great', 'discount']",sonata analog watch sonata analog watch india dial white strap great discount,12,77
554,b144a363c107c7bdd91f32d6e28ba6f2,Timewel 1100-N1192 Analog Watch  - For Men,Watches,"['analog', 'watch', 'men', 'analog', 'watch', 'men', 'india', 'great', 'discount']",analog watch men analog watch men india great discount,9,54
555,51c9062e6538c787b14a75a6a7cb7fb3,Sonata 7007SL02 Analog Watch  - For Men,Watches,"['sonata', 'analog', 'watch', 'men', 'sonata', 'analog', 'watch', 'men', 'india', 'rectangular', 'dial', 'black', 'strap', 'clasp', 'great', 'discount']",sonata analog watch men sonata analog watch men india rectangular dial black strap clasp great discount,16,103
556,9d2d833bf63095902417c2a35f72432a,Timewel 1100-N1639 Analog Watch  - For Women,Watches,"['analog', 'watch', 'analog', 'watch', 'india', 'great', 'discount']",analog watch analog watch india great discount,7,46
557,1fcff864d6e397e1424d5366e6c6b8fa,HMT Sonata Gold Plated Watch For Men Sonata Analog Watch  - For Men,Watches,"['sonata', 'gold', 'watch', 'men', 'sonata', 'analog', 'watch', 'men', 'sonata', 'gold', 'watch', 'men', 'sonata', 'analog', 'watch', 'men', 'sonata', 'gold', 'watch', 'men', 'india', 'great', 'discount']",sonata gold watch men sonata analog watch men sonata gold watch men sonata analog watch men sonata gold watch men india great discount,23,134
558,ae03731c3482a5e42d040dbf723c49af,Times SD_147 Casual Analog Watch  - For Women,Watches,"['time', 'casual', 'analog', 'watch', 'time', 'casual', 'analog', 'watch', 'india', 'great', 'discount']",time casual analog watch time casual analog watch india great discount,11,70
559,8c81ed9792bee1c2d6c3b8289d80eece,Times 101B0101 Sports Analog Watch  - For Boys,Watches,"['time', 'sport', 'analog', 'watch', 'time', 'sport', 'analog', 'watch', 'india', 'great', 'discount']",time sport analog watch time sport analog watch india great discount,11,68
560,c205b200b10aab43be31df8fc1db6d86,Fastrack 9913PP03 Tees Analog Watch  - For Women,Watches,"['tee', 'analog', 'watch', 'tee', 'analog', 'watch', 'india', 'red', 'strap', 'stainless', 'back', 'case', 'dial', 'clasp', 'great', 'discount']",tee analog watch tee analog watch india red strap stainless back case dial clasp great discount,16,95
561,49658948b5f4eb06a3ddc2fa75eb41d0,Hourglass HG 006 Analog Watch  - For Men,Watches,"['hourglass', 'analog', 'watch', 'men', 'hourglass', 'analog', 'watch', 'men', 'india', 'great', 'discount']",hourglass analog watch men hourglass analog watch men india great discount,11,74
562,3693c4e7f7efb47edb3d9eec067ffd93,Maxima 19413PPSN FIBER COLLECTION Digital Watch  - For Men,Watches,"['maximum', 'fiber', 'collection', 'watch', 'men', 'maximum', 'fiber', 'collection', 'watch', 'men', 'india', 'rectangular', 'dial', 'green', 'strap', 'great', 'discount']",maximum fiber collection watch men maximum fiber collection watch men india rectangular dial green strap great discount,17,119
563,e15195f2a5ebaa2168ccd65324e65e8e,Fluid FS201-BL01 Analog-Digital Watch  - For Women,Watches,"['fluid', 'analog', 'watch', 'fluid', 'analog', 'watch', 'india', 'round', 'dial', 'blue', 'strap', 'great', 'discount']",fluid analog watch fluid analog watch india round dial blue strap great discount,13,80
564,7037dbd17682322c89bdf7203b403381,Gift Island SW13388E Fashionin Digital Watch  - For Men,Watches,"['island', 'watch', 'men', 'island', 'watch', 'men', 'india', 'great', 'discount']",island watch men island watch men india great discount,9,54
565,51eb5d22eda4be2a409a336651c50bb1,Sonata 8097YM03 Analog Watch  - For Women,Watches,"['sonata', 'analog', 'watch', 'sonata', 'analog', 'watch', 'india', 'round', 'dial', 'golden', 'strap', 'great', 'discount']",sonata analog watch sonata analog watch india round dial golden strap great discount,13,84
566,ac209ee3c602efed4ff093854a4ade06,Maxima 19883BMLI Swarovski Analog Watch  - For Women,Watches,"['maximum', 'analog', 'watch', 'maximum', 'analog', 'watch', 'india', 'silver', 'strap', 'dial', 'great', 'discount']",maximum analog watch maximum analog watch india silver strap dial great discount,12,80
567,97fba8a02361aa56eaa9fa51bc1d7661,Sonata 8925YM06 Analog Watch  - For Women,Watches,"['sonata', 'analog', 'watch', 'sonata', 'analog', 'watch', 'india', 'round', 'dial', 'golden', 'strap', 'great', 'discount']",sonata analog watch sonata analog watch india round dial golden strap great discount,13,84
568,f559fdabbcc1f4980f215f847bfdd589,Flippd FD15102 Analog Watch  - For Men,Watches,"['analog', 'watch', 'men', 'analog', 'watch', 'men', 'india', 'round', 'dial', 'black', 'strap', 'clasp', 'great', 'discount']",analog watch men analog watch men india round dial black strap clasp great discount,14,83
569,9412b6fe7b97e405def91f24f064c547,Neo Classic NC11-5004_G Analog Watch  - For Women,Watches,"['neo', 'classic', 'analog', 'watch', 'neo', 'classic', 'analog', 'watch', 'india', 'great', 'discount']",neo classic analog watch neo classic analog watch india great discount,11,70
570,7616c21074fe889defce033dcd0d7cb6,Now Q710-SOS07 NOW Analog Watch  - For Girls,Watches,"['analog', 'watch', 'analog', 'watch', 'india', 'great', 'discount']",analog watch analog watch india great discount,7,46
571,d0e09eaa7fcc9e7de3349959800d2141,HMT OLSS 01 Analog Watch  - For Women,Watches,"['analog', 'watch', 'analog', 'watch', 'india', 'round', 'dial', 'stainless', 'back', 'case', 'clasp', 'silver', 'strap', 'great', 'discount']",analog watch analog watch india round dial stainless back case clasp silver strap great discount,15,96
572,2cbad7ead8eb8dd92823b9f525c87b9c,Times 327TMS327 Party-Wedding Analog Watch  - For Women,Watches,"['time', 'wedding', 'analog', 'watch', 'time', 'wedding', 'analog', 'watch', 'india', 'great', 'discount']",time wedding analog watch time wedding analog watch india great discount,11,72
573,8fffcfe66dfde658580f98f6e28a6a46,Gift Island AST906 Analog Watch  - For Women,Watches,"['island', 'analog', 'watch', 'island', 'analog', 'watch', 'india', 'great', 'discount']",island analog watch island analog watch india great discount,9,60
574,a1a266a37d38f7ce41d11f1868d8c9bf,Neo Classic NC11-5004_W Analog Watch  - For Women,Watches,"['neo', 'classic', 'analog', 'watch', 'neo', 'classic', 'analog', 'watch', 'india', 'great', 'discount']",neo classic analog watch neo classic analog watch india great discount,11,70
575,144a5e05bd6e69535c53366a805a8b5f,Sonata 7926SL01 Watch,Watches,"['sonata', 'watch', 'sonata', 'watch', 'india', 'great', 'discount']",sonata watch sonata watch india great discount,7,46
576,c7207128c680a437e1cad834a8880007,"Sonata super fiber Digital Watch  - For Boys, Men, Girls",Watches,"['sonata', 'super', 'fiber', 'watch', 'men', 'sonata', 'super', 'fiber', 'watch', 'men', 'super', 'fiber', 'india', 'display', 'alarm', 'great', 'discount']",sonata super fiber watch men sonata super fiber watch men super fiber india display alarm great discount,17,104
577,059bc43e03e1824a9ab6466e32e5f137,Maxima 05712LMLY Analog Watch  - For Women,Watches,"['maximum', 'analog', 'watch', 'maximum', 'analog', 'watch', 'india', 'oval', 'dial', 'clasp', 'brass', 'case', 'brown', 'strap', 'great', 'discount']",maximum analog watch maximum analog watch india oval dial clasp brass case brown strap great discount,16,101
578,5338c00e0ddaec0f3af737077e0bbd91,Timewel 1100-N1949_B Analog Watch  - For Women,Watches,"['analog', 'watch', 'analog', 'watch', 'india', 'great', 'discount']",analog watch analog watch india great discount,7,46
579,6c53dbd7a9d43744920bfae3bc06327f,Timewel 1100-N31 Analog Watch  - For Men,Watches,"['analog', 'watch', 'men', 'analog', 'watch', 'men', 'india', 'great', 'discount']",analog watch men analog watch men india great discount,9,54
580,6f9c169adda9b562a841a9cf54b16f06,Sonata 7085YL01 Analog Watch  - For Men,Watches,"['sonata', 'analog', 'watch', 'men', 'sonata', 'analog', 'watch', 'men', 'india', 'great', 'discount']",sonata analog watch men sonata analog watch men india great discount,11,68
581,15a0364d0efc54d4e272a49f85b149fc,"Times TIMES_98 Formal Analog Watch  - For Women, Girls",Watches,"['time', 'formal', 'analog', 'watch', 'time', 'formal', 'analog', 'watch', 'india', 'great', 'discount']",time formal analog watch time formal analog watch india great discount,11,70
582,a7bd63ef1d3b345d7f9a162865bb7c0d,"Flippd FD040149 Casual Analog Watch  - For Women, Girls",Watches,"['casual', 'analog', 'watch', 'casual', 'analog', 'watch', 'india', 'great', 'discount']",casual analog watch casual analog watch india great discount,9,60
583,35a68b44bef47a809314493d28535b9d,Timewel 1100-N1944_B Analog Watch  - For Women,Watches,"['analog', 'watch', 'analog', 'watch', 'india', 'great', 'discount']",analog watch analog watch india great discount,7,46
584,8748b6cd9f03afc539f246c55e230502,"Fastrack 9912PP09 Tees Analog Watch  - For Men, Women",Watches,"['tee', 'analog', 'watch', 'men', 'tee', 'analog', 'watch', 'men', 'india', 'round', 'dial', 'stainless', 'back', 'case', 'clasp', 'blue', 'strap', 'great', 'discount']",tee analog watch men tee analog watch men india round dial stainless back case clasp blue strap great discount,19,110
585,a70ea60f971825b2eb57261029f317ec,Flippd FDRBB1614 Fibre Analog Watch  - For Men,Watches,"['analog', 'watch', 'men', 'analog', 'watch', 'men', 'india', 'clasp', 'round', 'dial', 'black', 'strap', 'great', 'discount']",analog watch men analog watch men india clasp round dial black strap great discount,14,83
586,87e0ba259a84a10580bd659466e73e23,SF by Sonata 7963PP02 Dean Analog Watch  - For Men,Watches,"['sonata', 'dean', 'analog', 'watch', 'men', 'sonata', 'dean', 'analog', 'watch', 'men', 'india', 'dial', 'blue', 'strap', 'great', 'discount']",sonata dean analog watch men sonata dean analog watch men india dial blue strap great discount,16,94
587,6b04c746cac2aa811d7a8753e54dc96e,Maxima 07034LMLI Attivo Analog Watch  - For Women,Watches,"['maximum', 'analog', 'watch', 'maximum', 'analog', 'watch', 'india', 'brass', 'case', 'clasp', 'rectangular', 'dial', 'white', 'pink', 'strap', 'great', 'discount']",maximum analog watch maximum analog watch india brass case clasp rectangular dial white pink strap great discount,17,113
588,156bcd3aba1838a2b6bad856654db964,Timewel N1536(GW)_1 Analog Watch  - For Men,Watches,"['analog', 'watch', 'men', 'analog', 'watch', 'men', 'india', 'great', 'discount']",analog watch men analog watch men india great discount,9,54
589,621a88993a7033df3440ec816c2e386f,"Shopfloor.XYZ Vacuum Cleaner for Computers, Laptops, Mobiles",Computers,"['vacuum', 'cleaner', 'power', 'plug', 'straight', 'port', 'use', 'brush', 'suction', 'tube', 'air', 'monitor', 'area', 'dust', 'use', 'keyboard', 'rubber', 'vacuum', 'dust', 'underneath', 'keyboard', 'press', 'high', 'power', 'button', 'suction', 'power', 'vacuum', 'cleaner', 'keyboard', 'connect', 'vacuum', 'port', 'two', 'vacuum', 'one', 'brush', 'one', 'plastic', 'tube', 'brush', 'tool', 'keep', 'clean', 'new', 'high', 'connect', 'vacuum', 'port', 'process', 'get', 'dust', 'make', 'look', 'two', 'vacuum', 'included', 'one', 'brush', 'one', 'rubber', 'keyboard', 'tool', 'two', 'switch', 'level', 'switch', 'first', 'level', 'turn', 'slide', 'switch', 'second', 'level', 'turn', 'vacuum', 'cleaner', 'power', 'press', 'high', 'power', 'button', 'suction', 'power', 'dirt', 'dust', 'use', 'keyboard', 'rubber', 'vacuum', 'dust', 'underneath', 'keyboard', 'sliding', 'tube', 'use', 'brush', 'suction', 'tube', 'air', 'fan', 'monitor', 'area', 'dust', 'power', 'plug', 'straight', 'port', 'vacuum', 'cleaner', 'port', 'keyboard', 'brush', 'connect', 'vacuum', 'port', 'two', 'vacuum', 'included', 'one', 'brush', 'one', 'rubber', 'keyboard', 'tool', 'vacuum', 'cleaner', 'designed', 'name', 'vacuum', 'cleaner', 'vacuum', 'cleaner']",vacuum cleaner power plug straight port use brush suction tube air monitor area dust use keyboard rubber vacuum dust underneath keyboard press high power button suction power vacuum cleaner keyboard connect vacuum port two vacuum one brush one plastic tube brush tool keep clean new high connect vacuum port process get dust make look two vacuum included one brush one rubber keyboard tool two switch level switch first level turn slide switch second level turn vacuum cleaner power press high power button suction power dirt dust use keyboard rubber vacuum dust underneath keyboard sliding tube use brush suction tube air fan monitor area dust power plug straight port vacuum cleaner port keyboard brush connect vacuum port two vacuum included one brush one rubber keyboard tool vacuum cleaner designed name vacuum cleaner vacuum cleaner,133,838
590,25ce025c38c55f28fd0ea3bb0200df79,Babyoye Premium Baby Girl's Grey Leggings,Baby Care,"['premium', 'grey', 'legging', 'legging', 'content', 'fabric', 'legging', 'pattern', 'occasion', 'casual']",premium grey legging legging content fabric legging pattern occasion casual,10,75
591,62a1044ba64031b9e40f98a4fb890d9d,Furnishing Zone Printed Back Cushion,Home Furnishing,"['zone', 'back', 'cushion', 'colour', 'fiber', 'great', 'zone', 'back', 'cushion', 'gold', 'soft', 'fur', 'cushion', 'one', 'item', 'zone', 'back', 'cushion', 'gold', 'velvet', 'pillow', 'cover', 'velvet', 'zone', 'pillow', 'cover', 'two', 'sided', 'designed', 'fabric', 'back', 'cushion', 'name', 'filling', 'hand', 'pillow', 'gold', 'weight', 'depth', 'content', 'cushion']",zone back cushion colour fiber great zone back cushion gold soft fur cushion one item zone back cushion gold velvet pillow cover velvet zone pillow cover two sided designed fabric back cushion name filling hand pillow gold weight depth content cushion,41,251
592,9ec6285cc619688d787d641cb87c10d6,Babyoye Premium Baby Girl's Multicolor Leggings,Baby Care,"['premium', 'legging', 'legging', 'premium', 'legging', 'legging', 'lace', 'bottom', 'great', 'dress', 'one', 'park', 'made', 'soft', 'fabric', 'legging', 'keep', 'long', 'pair', 'basic', 'tee', 'look', 'colour', 'yellow', 'blue', 'pattern', 'solid', 'fit', 'regular', 'elastic', 'waistband', 'cute', 'lace', 'hem', 'cold', 'low', 'iron', 'medium', 'heat', 'bleach', 'clean', 'premium', 'legging', 'legging', 'content', 'fabric', 'legging', 'pattern', 'solid', 'occasion', 'casual']",premium legging legging premium legging legging lace bottom great dress one park made soft fabric legging keep long pair basic tee look colour yellow blue pattern solid fit regular elastic waistband cute lace hem cold low iron medium heat bleach clean premium legging legging content fabric legging pattern solid occasion casual,51,328
593,87f256eeace1a0c2b1f934f061646da5,GREENWICH Baby Girl's Black Jeggings,Baby Care,"['greenwich', 'black', 'black', 'greenwich', 'black', 'premium', 'rich', 'full', 'use', 'make', 'fabric', 'colour', 'comfort', 'denim', 'greenwich', 'black', 'content', 'fabric', 'pattern', 'solid', 'occasion', 'casual', 'fabric', 'lukewarm', 'bleach']",greenwich black black greenwich black premium rich full use make fabric colour comfort denim greenwich black content fabric pattern solid occasion casual fabric lukewarm bleach,25,176
594,3589e80e8f7f3f3a5b65447389b90c2e,Miracle Retail Bonsai Wild Plant Artificial Plant  with Pot,Home Decor Festive Needs,"['retail', 'bonsai', 'wild', 'plant', 'plant', 'pot', 'premium', 'soft', 'plastic', 'bonsai', 'plant', 'high', 'wooden', 'pot', 'used', 'outdoor', 'garden', 'side', 'retail', 'bonsai', 'wild', 'plant', 'plant', 'pot', 'yellow', 'let', 'refresh', 'interior', 'bring', 'bonsai', 'plant', 'wooden', 'pot', 'retail', 'side', 'item', 'minimum', 'made', 'premium', 'plastic', 'bonsai', 'plant', 'non', 'environment', 'hand', 'base', 'yet', 'lightweight', 'want', 'brighten', 'living', 'space', 'without', 'dirt', 'must', 'bonsai', 'plant', 'wooden', 'pot', 'add', 'colour', 'interior', 'order', 'bonsai', 'plant', 'retail', 'place', 'keep', 'need', 'make', 'great', 'option', 'friend', 'well', 'retail', 'bonsai', 'wild', 'plant', 'plant', 'pot', 'yellow', 'retail', 'plastic', 'bonsai', 'wild', 'plant', 'plant', 'plastic', 'yellow', 'pot', 'pot', 'wood', 'pot', 'brown', 'pot', 'included', 'pot', 'medium', 'pot', 'weight', 'total', 'height', 'pot', 'height', 'total', 'decor', 'garden', 'decor', 'decor', 'premium', 'bonsai', 'plant', 'wooden', 'pot']",retail bonsai wild plant plant pot premium soft plastic bonsai plant high wooden pot used outdoor garden side retail bonsai wild plant plant pot yellow let refresh interior bring bonsai plant wooden pot retail side item minimum made premium plastic bonsai plant non environment hand base yet lightweight want brighten living space without dirt must bonsai plant wooden pot add colour interior order bonsai plant retail place keep need make great option friend well retail bonsai wild plant plant pot yellow retail plastic bonsai wild plant plant plastic yellow pot pot wood pot brown pot included pot medium pot weight total height pot height total decor garden decor decor premium bonsai plant wooden pot,114,705
595,dde89969aecfa2c5245e8059c660b139,"Mayursflora Bonsai Aloe, Maple, Arecaceae, Palm, Maguey Artificial Plant  with Pot",Home Decor Festive Needs,"['bonsai', 'palm', 'maguey', 'plant', 'pot', 'yellow', 'green', 'flower', 'plant', 'yellow', 'bucket', 'yellow', 'green', 'palm', 'maguey', 'bonsai', 'pot', 'pot', 'included', 'total', 'height']",bonsai palm maguey plant pot yellow green flower plant yellow bucket yellow green palm maguey bonsai pot pot included total height,21,130
596,e4922f01eda047582cd72e9d1063ab7a,V Creations Bonsai Cactus Artificial Plant  with Pot,Home Decor Festive Needs,"['creation', 'bonsai', 'plant', 'pot', 'green', 'creation', 'red', 'green', 'bonsai', 'pot', 'pot', 'included', 'total', 'height']",creation bonsai plant pot green creation red green bonsai pot pot included total height,14,87
597,30ab693b54e99a469a1152b5db14aa40,LITTLE FEETZ Baby Girl's Solid Top & Skirt Set,Baby Care,"['solid', 'top', 'skirt', 'fabric', 'blue', 'pink', 'green', 'yellow', 'solid', 'top', 'skirt', 'check', 'short', 'foot', 'great', 'pick', 'garment', 'made', 'make', 'one', 'wear', 'long', 'designed', 'perfection', 'elastic', 'waist', 'band', 'short', 'allow', 'diaper', 'neck', 'hole', 'one', 'like', 'fold', 'great', 'sliding', 'new', 'born', 'head', 'solid', 'top', 'skirt', 'pattern', 'solid', 'night', 'suit', 'content', 'fabric', 'top', 'skirt', 'neck', 'round', 'neck', 'frock', 'skirt', 'print', 'assorted', 'may', 'shown', 'mixed', 'batch', 'represent', 'actual', 'though', 'may', 'differ', 'age', 'group', 'may', 'view', 'print', 'assorted', 'may', 'shown', 'mixed', 'batch', 'represent', 'actual', 'though', 'may', 'differ', 'age', 'group', 'may', 'height', 'weight']",solid top skirt fabric blue pink green yellow solid top skirt check short foot great pick garment made make one wear long designed perfection elastic waist band short allow diaper neck hole one like fold great sliding new born head solid top skirt pattern solid night suit content fabric top skirt neck round neck frock skirt print assorted may shown mixed batch represent actual though may differ age group may view print assorted may shown mixed batch represent actual though may differ age group may height weight,87,516
598,291d5ff1e50dac3058cf10578f692085,Saco Karbonn Smart Ta Fone A37 Hd Tablet Wired USB Tablet Keyboard,Computers,"['smart', 'tablet', 'tablet', 'keyboard']",smart tablet tablet keyboard,4,28
599,84b2e623a4a4327b88f7fe197a09be31,Next Steps Baby Girl's Layered Dress,Baby Care,"['next', 'step', 'dress', 'dress', 'dress']",next step dress dress dress,5,27
600,20a06aad5f04727dd54bf13dd5923518,R&Mshoppee MDF Wall Shelf,Home Decor Festive Needs,"['wall', 'shelf', 'stylish', 'wall', 'shelf', 'shelf', 'black', 'shape', 'wall', 'shelf', 'wall', 'use', 'book', 'shelf', 'shelf', 'keep', 'show', 'wall', 'shelf', 'shelf', 'black', 'living', 'room', 'bedroom', 'black', 'shelf', 'shelf', 'screw', 'included']",wall shelf stylish wall shelf shelf black shape wall shelf wall use book shelf shelf keep show wall shelf shelf black living room bedroom black shelf shelf screw included,29,170
601,5e52d6ce133e5307814f9f3eedc5806d,posterchacha Ishita Personalised Custom Name Happy Birthday Gift Tea And Coffee  For Gift Use Ceramic Mug,Kitchen Dining,"['custom', 'name', 'birthday', 'tea', 'use', 'mug', 'custom', 'name', 'birthday', 'tea', 'use', 'mug', 'give', 'mug', 'warm', 'touch', 'one', 'present', 'dear', 'one', 'sure', 'love', 'back', 'custom', 'name', 'birthday', 'tea', 'use', 'mug', 'mug', 'mug', 'freezer', 'safe', 'safe', 'defect', 'weight', 'height', 'depth', 'mug']",custom name birthday tea use mug custom name birthday tea use mug give mug warm touch one present dear one sure love back custom name birthday tea use mug mug mug freezer safe safe defect weight height depth mug,39,211
602,c91f9dc1fdd8b4d60c6b2a2b607e3e8f,"Curren Nx Blue Dial Stiched Strap Analog Watch  - For Men, Boys",Watches,"['blue', 'dial', 'strap', 'analog', 'watch', 'men', 'dial', 'blue', 'dial', 'shape', 'round', 'strap', 'blue', 'blue', 'dial', 'strap', 'analog', 'watch', 'men', 'function', 'chronograph', 'chronograph', 'non', 'analog', 'style', 'code', 'blue', 'dial', 'strap', 'occasion', 'casual', 'wedding', 'men', 'power', 'month', 'domestic', 'dial', 'shape', 'round', 'strap', 'blue', 'dial', 'blue']",blue dial strap analog watch men dial blue dial shape round strap blue blue dial strap analog watch men function chronograph chronograph non analog style code blue dial strap occasion casual wedding men power month domestic dial shape round strap blue dial blue,43,261
603,baa093d149982b010ab72ecbeec6110f,Kosher Kadhai 1 L,Kitchen Dining,"['kosher', 'kosher']",kosher kosher,2,13
604,85aec4bf3185da7ebcc45003429cbfe2,HP 15-ac116TX (Notebook) (Core i3 (5th Gen)/ 4GB/ 1TB/ Win10/ 2GB Graph) (N8M19PA),Computers,"['notebook', 'core', 'gen', 'graph', 'get', 'notebook', 'core', 'gen', 'graph']",notebook core gen graph get notebook core gen graph,9,51
605,bcb8e456728013a90ba66ab3b1b783ad,HP 15-ac121tu (Notebook) (Core i3 (5th Gen)/ 4GB/ 1TB/ Win10) (N8M17PA),Computers,"['notebook', 'core', 'gen', 'get', 'notebook', 'core', 'gen']",notebook core gen get notebook core gen,7,39
606,afc829d45be38102afaa20f4bce2f627,Soulful Threads Red Thread Aari Embroidered Black Net Clips Vanity Multi Purpose,Beauty and Personal Care,"['thread', 'red', 'thread', 'black', 'net', 'clip', 'hand', 'thread', 'red', 'thread', 'black', 'net', 'clip', 'black', 'clip', 'made', 'net', 'fabric', 'green', 'thread', 'work', 'move', 'get', 'art', 'like', 'ethnic', 'work', 'like', 'empower', 'entrepreneur', 'artist', 'right', 'place', 'thread', 'entrepreneur', 'artist', 'art', 'world', 'thread', 'red', 'thread', 'black', 'net', 'clip', 'black', 'case', 'weight', 'height', 'depth', 'fabric', 'drawer', 'drawer', 'compartment', 'compartment']",thread red thread black net clip hand thread red thread black net clip black clip made net fabric green thread work move get art like ethnic work like empower entrepreneur artist right place thread entrepreneur artist art world thread red thread black net clip black case weight height depth fabric drawer drawer compartment compartment,54,336
607,1fb0fc88acf0dc6ab9528c26252447e6,Aapno Rajasthan Lovely Jewellery Vanity Jewellery,Beauty and Personal Care,"['compartment', 'pure', 'sand', 'stone', 'creation', 'make', 'perfect', 'case', 'height', 'depth', 'compartment', 'compartment', 'stone']",compartment pure sand stone creation make perfect case height depth compartment compartment stone,13,97
608,42a8fef62716772c391fbdd148cc9c16,MohanJodero Jewellery Box Jewellery Vanity Jewellery,Beauty and Personal Care,"['case', 'weight', 'height', 'depth', 'wood']",case weight height depth wood,5,29
609,08bdf59c9dcb241e3a57eb4f3729ec70,Rrsskids Swing King Cotton Hammock,Home Decor Festive Needs,"['swing', 'king', 'hammock', 'swing', 'king', 'hammock', 'white', 'perfect', 'moment', 'feel', 'like', 'along', 'white', 'hammock', 'comfort', 'soft', 'hammock', 'feel', 'may', 'upon', 'soft', 'rope', 'hammock', 'conform', 'rest', 'swing', 'king', 'hammock', 'white', 'maximum', 'hammock', 'shade', 'sober', 'white', 'name', 'swing', 'king', 'white', 'weight', 'may', 'screen', 'due', 'check', 'fit', 'desired', 'check', 'fit', 'view', 'may', 'screen', 'due', 'check', 'fit', 'desired', 'check', 'fit', 'door', 'expect', 'due', 'floor', 'level', 'seller', 'take', 'civil', 'work', 'hole', 'wall', 'mount', 'case', 'case', 'lack', 'shine', 'cloth', 'help', 'clear', 'dust', 'pillow', 'hammock']",swing king hammock swing king hammock white perfect moment feel like along white hammock comfort soft hammock feel may upon soft rope hammock conform rest swing king hammock white maximum hammock shade sober white name swing king white weight may screen due check fit desired check fit view may screen due check fit desired check fit door expect due floor level seller take civil work hole wall mount case case lack shine cloth help clear dust pillow hammock,78,458
610,2414e4b7e5948263b8dbb4843557be4d,Smart Wall Guru Large Adhesive Sticker Sticker,Home Decor Festive Needs,"['smart', 'wall', 'guru', 'sticker', 'sticker', 'make', 'smart', 'bedroom', 'room', 'living', 'room', 'bath', 'room', 'guest', 'room', 'kitchen', 'clean', 'wall', 'decal', 'front', 'finish', 'two', 'layer', 'smart', 'wall', 'guru', 'sticker', 'sticker', 'smart', 'wall', 'guru', 'give', 'pure', 'wall', 'sticker', 'wall', 'decal', 'kind', 'sticker', 'made', 'self', 'vinyl', 'plane', 'great', 'wall', 'method', 'smart', 'wall', 'guru', 'sticker', 'sticker', 'content', 'sticker', 'use', 'child', 'bedroom', 'bedroom', 'smart', 'wall', 'guru', 'scratch', 'sticker', 'sticker', 'self', 'vinyl', 'height']",smart wall guru sticker sticker make smart bedroom room living room bath room guest room kitchen clean wall decal front finish two layer smart wall guru sticker sticker smart wall guru give pure wall sticker wall decal kind sticker made self vinyl plane great wall method smart wall guru sticker sticker content sticker use child bedroom bedroom smart wall guru scratch sticker sticker self vinyl height,66,403
611,e0e261a0d4fd2ffdcbcad324e91a0dd4,Ally The Creations Printed Cushions Cover,Home Furnishing,"['creation', 'cushion', 'cover', 'style', 'cushion', 'creation', 'cushion', 'cover', 'creation', 'cushion', 'cover', 'cushion', 'cover', 'reflect', 'style', 'cushion', 'cover', 'made', 'dupion', 'silk', 'thus', 'bring', 'cushion', 'cover', 'give', 'new', 'life', 'interior', 'creation', 'cushion', 'cover', 'zipper', 'creation', 'cushion', 'code', 'dupion', 'silk', 'style', 'code', 'pattern', 'height', 'fabric', 'normal', 'content', 'cushion']",creation cushion cover style cushion creation cushion cover creation cushion cover cushion cover reflect style cushion cover made dupion silk thus bring cushion cover give new life interior creation cushion cover zipper creation cushion code dupion silk style code pattern height fabric normal content cushion,45,309
612,44218245b37581c534038cc27d081093,Cheeky Chompers The Neckerchew - Simple Classic,Baby Care,"['classic', 'sky', 'loop', 'button', 'name', 'classic', 'sky', 'strip', 'imprint', 'content', 'bib']",classic sky loop button name classic sky strip imprint content bib,11,66
613,4e03d4e81e6a876f512536f6a57c053e,Piyo Piyo Four Stage Waterproof Bib,Baby Care,"['four', 'stage', 'waterproof', 'bib', 'yellow', 'loop', 'plastic', 'name', 'four', 'stage', 'waterproof', 'bib', 'yellow', 'animal', 'content', 'bib']",four stage waterproof bib yellow loop plastic name four stage waterproof bib yellow animal content bib,16,102
614,4589c5021b21525b4779260f7e86f355,Innovative Single Corner Stainless Steel Wall Shelf,Home Decor Festive Needs,"['corner', 'stainless', 'wall', 'shelf', 'living', 'room', 'bedroom', 'wall', 'rust', 'proof', 'corner', 'stainless', 'wall', 'shelf', 'shelf', 'silver', 'shelf', 'corner', 'corner', 'stainless', 'wall', 'shelf', 'shelf', 'silver', 'living', 'room', 'bedroom', 'name', 'corner', 'stainless', 'silver', 'height', 'shelf', 'shelf', 'rust', 'proof']",corner stainless wall shelf living room bedroom wall rust proof corner stainless wall shelf shelf silver shelf corner corner stainless wall shelf shelf silver living room bedroom name corner stainless silver height shelf shelf rust proof,36,237
615,5ea8ddb8a5104c5d47c708e8a351e701,Boreal Plastic rectangular hair brush 633D,Baby Care,"['plastic', 'rectangular', 'hair', 'brush', 'brush', 'trait', 'brush', 'flat', 'brush', 'brush', 'content', 'small', 'brush', 'nylon', 'round', 'tip', 'plastic', 'brush', 'brush', 'small', 'brush', 'hair', 'medium', 'long', 'hair', 'wet', 'hair', 'hair', 'brush', 'trait']",plastic rectangular hair brush brush trait brush flat brush brush content small brush nylon round tip plastic brush brush small brush hair medium long hair wet hair hair brush trait,30,181
616,99b5905a1079edc2744b06a4049719e0,Pokizo Baby Girl's A-line Dress,Baby Care,"['line', 'dress', 'line', 'line', 'dress', 'knee', 'occasion', 'dress', 'fabric', 'line']",line dress line line dress knee occasion dress fabric line,10,58
617,6e812fbc03331ab363789b0f2d6b3ff2,Titrit Baby Girl's Gathered Dress,Baby Care,"['dress', 'frock', 'shrug', 'legging', 'pattern', 'print', 'soft', 'fabric', 'full', 'dress', 'make', 'three', 'daughter', 'touch', 'vibrant', 'pink', 'dress', 'comfort', 'style', 'dress', 'frock', 'shrug', 'legging', 'knee', 'pattern', 'occasion', 'casual', 'dress', 'full', 'content', 'fabric', 'neck', 'round', 'fabric', 'similar', 'colour']",dress frock shrug legging pattern print soft fabric full dress make three daughter touch vibrant pink dress comfort style dress frock shrug legging knee pattern occasion casual dress full content fabric neck round fabric similar colour,36,235
618,aa41433dfba2c7561fa30be3fed1e8f0,Young Birds Baby Girl's Fit and Flare Dress,Baby Care,"['young', 'bird', 'fit', 'flare', 'dress', 'mini', 'short', 'pattern', 'solid', 'floral', 'print', 'occasion', 'casual', 'formal', 'dress', 'sleeveless', 'fabric', 'fit', 'flare', 'neck', 'neck', 'front', 'strap', 'button', 'fabric', 'normal']",young bird fit flare dress mini short pattern solid floral print occasion casual formal dress sleeveless fabric fit flare neck neck front strap button fabric normal,26,164
619,4e5ebfc871992e7e22365c0c036a1b89,FS Mini Klub Baby Boy's Bodysuit,Baby Care,"['mini', 'fabric', 'mini', 'short', 'content', 'age', 'group', 'month', 'fabric', 'pattern', 'neck', 'round', 'neck']",mini fabric mini short content age group month fabric pattern neck round neck,13,77
620,8a184fe2c82ba6a17fbe07f94d0dd875,"chota packet Baby Boy's, Baby Girl's Bodysuit",Baby Care,"['half', 'button', 'age', 'group', 'month', 'content', 'fabric', 'pattern', 'solid', 'hood', 'fabric', 'normal', 'iron', 'print']",half button age group month content fabric pattern solid hood fabric normal iron print,14,86
621,46ca672fdfff8a1b3641642a9795344a,"You Got Plan B Baby Boy's, Baby Girl's Romper",Baby Care,"['got', 'plan', 'romper', 'fabric', 'got', 'plan', 'romper', 'much', 'know', 'made', 'got', 'plan', 'romper', 'age', 'group', 'month', 'fabric', 'pattern', 'solid', 'fabric', 'warm', 'bleach', 'warm', 'dark', 'colour']",got plan romper fabric got plan romper much know made got plan romper age group month fabric pattern solid fabric warm bleach warm dark colour,25,142
622,672d1c3272eae4586eb5994fe408c12a,Mee Mee Multifunctional Nursery Diaper Bag,Baby Care,"['nursery', 'diaper', 'bag', 'dark', 'blue', 'health', 'nursery', 'bag', 'made', 'highest', 'standard', 'nursery', 'bag', 'designed', 'help', 'parent', 'item', 'time', 'safe', 'parent', 'pocket', 'access', 'pocket', 'shoulder', 'strap', 'waterproof', 'throughout', 'nursery', 'diaper', 'bag', 'dark', 'blue', 'bag', 'diaper', 'bag', 'name', 'nursery', 'dark', 'blue', 'diaper', 'bag']",nursery diaper bag dark blue health nursery bag made highest standard nursery bag designed help parent item time safe parent pocket access pocket shoulder strap waterproof throughout nursery diaper bag dark blue bag diaper bag name nursery dark blue diaper bag,41,260
623,0991e8d8f884003ab18890971191085d,Zero Baby Girl's Leggings,Baby Care,"['zero', 'legging', 'content', 'fabric', 'legging', 'pattern', 'self']",zero legging content fabric legging pattern self,7,48
624,e10cbc680042d27fb747db2ac8e7a585,Oxolloxo Solid Single Breasted Casual Women's Blazer,Baby Care,"['solid', 'casual', 'blazer', 'pattern', 'solid', 'occasion', 'casual', 'blazer', 'sleeveless', 'content', 'fabric', 'linen', 'fabric', 'bleach', 'warm', 'iron', 'style', 'code']",solid casual blazer pattern solid occasion casual blazer sleeveless content fabric linen fabric bleach warm iron style code,18,123
625,0a3b5fdf77a361c2d7d9b29c259b8c4e,SHOPOJ Blue Paper Sky Lantern,Home Decor Festive Needs,"['blue', 'paper', 'sky', 'lantern', 'paper', 'blue', 'paper', 'sky', 'lantern', 'sky', 'lantern', 'known', 'lantern', 'lantern', 'small', 'hot', 'air', 'made', 'paper', 'bottom', 'small', 'fire', 'write', 'wish', 'come', 'true', 'lantern', 'great', 'wish', 'christmas', 'new', 'year', 'birthday', 'blue', 'paper', 'sky', 'lantern', 'shade', 'blue', 'sky', 'lantern', 'maximum', 'outdoor', 'blue', 'paper', 'finish', 'plain', 'weight', 'height']",blue paper sky lantern paper blue paper sky lantern sky lantern known lantern lantern small hot air made paper bottom small fire write wish come true lantern great wish christmas new year birthday blue paper sky lantern shade blue sky lantern maximum outdoor blue paper finish plain weight height,49,296
626,73901494efea71869576898c68b5eee4,Ville Style Polyester Maroon Floral Eyelet Door Curtain,Home Furnishing,"['style', 'maroon', 'floral', 'eyelet', 'door', 'curtain', 'height', 'style', 'maroon', 'floral', 'eyelet', 'door', 'curtain', 'height', 'curtain', 'curtain', 'premium', 'fabric', 'pattern', 'give', 'finish', 'curtain', 'come', 'standard', 'foot', 'curtain', 'easier', 'put', 'take', 'one', 'style', 'maroon', 'floral', 'eyelet', 'door', 'curtain', 'height', 'curtain', 'style', 'designed', 'door', 'eyelet', 'name', 'floral', 'maroon', 'warm', 'content', 'curtain']",style maroon floral eyelet door curtain height style maroon floral eyelet door curtain height curtain curtain premium fabric pattern give finish curtain come standard foot curtain easier put take one style maroon floral eyelet door curtain height curtain style designed door eyelet name floral maroon warm content curtain,48,321
627,e47b9f88b773b3fd97ab3b51642ff6fb,Sarah Stylish Hair Claw,Beauty and Personal Care,"['stylish', 'hair', 'brown', 'plastic', 'finish', 'content']",stylish hair brown plastic finish content,6,41
628,6ed4eb71c0707f1d6fdddcf62562cb02,Wonderchef Windsor Roaster 26cm Pot 3.4 L,Kitchen Dining,"['windsor', 'roaster', 'pot', 'bottom', 'pot', 'windsor', 'roaster', 'pot', 'aluminium', 'classic', 'get', 'new', 'die', 'cast', 'cook', 'dual', 'tone', 'finish', 'add', 'kitchen', 'special', 'lid', 'better', 'offer', 'heat', 'die', 'cast', 'aluminium', 'health', 'clean', 'maintain', 'use', 'cast', 'stainless', 'look', 'food', 'effect', 'low', 'bottom', 'heat', 'windsor', 'roaster', 'pot', 'aluminium', 'pan', 'non', 'stick', 'bottom', 'pot', 'aluminium', 'name', 'windsor', 'roaster', 'lid', 'included', 'roaster', 'safe']",windsor roaster pot bottom pot windsor roaster pot aluminium classic get new die cast cook dual tone finish add kitchen special lid better offer heat die cast aluminium health clean maintain use cast stainless look food effect low bottom heat windsor roaster pot aluminium pan non stick bottom pot aluminium name windsor roaster lid included roaster safe,57,354
629,9d3ca83f7017d6e9e129964e88503ff0,Kushies baby Baby Girl's Shrug,Baby Care,"['shrug', 'pattern', 'occasion', 'casual', 'shrug', 'full', 'fabric', 'pattern', 'shrug']",shrug pattern occasion casual shrug full fabric pattern shrug,9,61
630,d774c05556d3de1f991d1a46e204a0ad,Wow! Baby Girl's Gathered Yellow Dress,Baby Care,"['wow', 'yellow', 'dress', 'summer', 'frock', 'front', 'open', 'put', 'wear', 'layer', 'wow', 'yellow', 'dress', 'special', 'garment', 'wow', 'kid', 'look', 'stylish', 'cute', 'wow', 'garment', 'follow', 'latest', 'fashion', 'trend', 'must', 'one', 'wow', 'yellow', 'dress', 'mini', 'short', 'pattern', 'occasion', 'casual', 'dress', 'sleeveless', 'fabric', 'neck', 'round', 'neck']",wow yellow dress summer frock front open put wear layer wow yellow dress special garment wow kid look stylish cute wow garment follow latest fashion trend must one wow yellow dress mini short pattern occasion casual dress sleeveless fabric neck round neck,42,255
631,e40e9b4ae48e452dc407d299b467d0c3,"CHOCOBERRY Baby Girl's Printed White, Dark Blue Top, Capri & Shorts Set",Baby Care,"['white', 'dark', 'blue', 'top', 'capri', 'short', 'premium', 'white', 'dark', 'blue', 'top', 'capri', 'short', 'premium', 'wear', 'white', 'dark', 'blue', 'top', 'capri', 'short', 'pattern', 'night', 'suit', 'half', 'content', 'fabric', 'top', 'capri', 'short', 'neck', 'round', 'neck', 'top', 'capri', 'short']",white dark blue top capri short premium white dark blue top capri short premium wear white dark blue top capri short pattern night suit half content fabric top capri short neck round neck top capri short,36,203
632,96bc1fbb83ad5a2c0441d132fe8bcf97,Lilliput Solid Baby Boy's Blue Cargo Shorts,Baby Care,"['lilliput', 'solid', 'blue', 'cargo', 'short', 'blue', 'lilliput', 'solid', 'blue', 'cargo', 'short', 'capri', 'new', 'collection', 'stylish', 'pocket', 'front', 'pocket', 'fabric', 'straight', 'cut', 'bottom', 'logo', 'button', 'front', 'back', 'waistband', 'pocket', 'panel', 'front', 'back', 'side', 'cool', 'casual', 'summer', 'wear', 'lilliput', 'solid', 'blue', 'cargo', 'short', 'short', 'fabric', 'cargo', 'short', 'pattern', 'solid', 'fabric', 'cold', 'like', 'use', 'non', 'bleach', 'low', 'warm', 'iron', 'style', 'code', 'cargo', 'short']",lilliput solid blue cargo short blue lilliput solid blue cargo short capri new collection stylish pocket front pocket fabric straight cut bottom logo button front back waistband pocket panel front back side cool casual summer wear lilliput solid blue cargo short short fabric cargo short pattern solid fabric cold like use non bleach low warm iron style code cargo short,60,370
633,a51b2c34b3d5a6e5d0591ee6e0b4d335,Jacadi Paris Baby Girl's Gathered Dark Blue Dress,Baby Care,"['dark', 'blue', 'dress', 'dress', 'dark', 'blue', 'dress', 'dress', 'flap', 'neck', 'bow', 'snap', 'back', 'neck', 'dark', 'blue', 'dress', 'flap', 'neck', 'dress', 'knee', 'pattern', 'solid', 'occasion', 'casual', 'dress', 'content', 'fabric']",dark blue dress dress dark blue dress dress flap neck bow snap back neck dark blue dress flap neck dress knee pattern solid occasion casual dress content fabric,28,160
634,32da1bbf4f523bc8a8735701ce4b7726,Wow! Baby Girl's Gathered Pink Dress,Baby Care,"['wow', 'pink', 'dress', 'summer', 'frock', 'soft', 'jersey', 'fabric', 'wear', 'diaper', 'cover', 'layer', 'wow', 'pink', 'dress', 'special', 'garment', 'wow', 'kid', 'look', 'stylish', 'cute', 'wow', 'garment', 'follow', 'latest', 'fashion', 'trend', 'must', 'one', 'wow', 'pink', 'dress', 'mini', 'short', 'pattern', 'geometric', 'print', 'occasion', 'formal', 'dress', 'sleeveless', 'fabric', 'neck', 'round', 'neck']",wow pink dress summer frock soft jersey fabric wear diaper cover layer wow pink dress special garment wow kid look stylish cute wow garment follow latest fashion trend must one wow pink dress mini short pattern geometric print occasion formal dress sleeveless fabric neck round neck,46,282
635,e3ae62ed831fd8b4c20e1742c30d35b5,Wow! Baby Girl's Gathered Red Dress,Baby Care,"['wow', 'red', 'dress', 'summer', 'frock', 'front', 'open', 'put', 'wear', 'layer', 'wow', 'red', 'dress', 'special', 'garment', 'wow', 'kid', 'look', 'stylish', 'cute', 'wow', 'garment', 'follow', 'latest', 'fashion', 'trend', 'must', 'one', 'wow', 'red', 'dress', 'mini', 'short', 'pattern', 'polka', 'print', 'occasion', 'formal', 'dress', 'sleeveless', 'fabric', 'neck', 'round', 'neck']",wow red dress summer frock front open put wear layer wow red dress special garment wow kid look stylish cute wow garment follow latest fashion trend must one wow red dress mini short pattern polka print occasion formal dress sleeveless fabric neck round neck,44,258
636,a378736c1510a13966b42c2d6462f526,Jacadi Paris Baby Girl's Gathered Blue Dress,Baby Care,"['blue', 'dress', 'two', 'pocket', 'dress', 'blue', 'dress', 'wool', 'bow', 'left', 'chest', 'top', 'along', 'trim', 'two', 'patch', 'pocket', 'adorn', 'front', 'shell', 'button', 'back', 'blue', 'dress', 'wool', 'dress', 'knee', 'pattern', 'occasion', 'casual', 'dress', 'content', 'fabric', 'wool']",blue dress two pocket dress blue dress wool bow left chest top along trim two patch pocket adorn front shell button back blue dress wool dress knee pattern occasion casual dress content fabric wool,34,197
637,dc0b5ef48b4c132d0651613a9c1e8e40,FS Mini Klub Printed Baby Boy's Multicolor Basic Shorts,Baby Care,"['mini', 'basic', 'short', 'mini', 'basic', 'short', 'short', 'content', 'fabric', 'basic', 'short', 'pattern', 'occasion', 'casual', 'short', 'style', 'code']",mini basic short mini basic short short content fabric basic short pattern occasion casual short style code,17,107
638,aa68675f50a0551b8dadb954017a50a1,Geol Wooden Wet and Dry Broom,Kitchen Dining,"['wooden', 'wet', 'broom', 'brown', 'wet', 'broom', 'brown', 'brush', 'wooden', 'wood']",wooden wet broom brown wet broom brown brush wooden wood,10,56
639,aeb421e416716d5f037d50e8c3b14cd7,Sunlast 16 inch Laptop Backpack,Computers,"['solar', 'panel', 'back', 'panel', 'air', 'flow', 'strap', 'outer', 'mesh', 'side', 'pocket', 'top', 'shoulder', 'strap', 'charge', 'solar', 'power', 'power', 'option', 'long', 'life', 'use', 'yellow', 'new', 'solar', 'panel', 'high', 'built', 'wide', 'built', 'bag', 'rest', 'assured', 'well', 'made', 'nylon', 'long', 'lasting', 'come', 'solar', 'panel', 'charge', 'phone', 'solar', 'panel', 'great', 'field', 'similar', 'solar', 'panel', 'output', 'pin', 'phone', 'great', 'solar', 'charger', 'bag', 'bag', 'solar', 'charger', 'smart', 'phone', 'time', 'mah', 'charge', 'phone', 'way', 'cost', 'environment', 'along', 'nylon', 'rugged', 'outdoor', 'use', 'thus', 'wear', 'bag', 'keep', 'safe', 'wet', 'damp', 'condition', 'perfect', 'top', 'lightweight', 'bag', 'come', 'strap', 'weight', 'shoulder', 'without', 'back', 'shoulder', 'strap', 'snug', 'fit', 'made', 'suit', 'style', 'used', 'goer', 'goer', 'offer', 'enough', 'space', 'along', 'compartment', 'big', 'enough', 'hold', 'one', 'front', 'pocket', 'use', 'store', 'charger', 'pen', 'drive', 'pen', 'two', 'mesh', 'side', 'pocket', 'keep', 'item', 'quick', 'access', 'enough', 'store', 'one', 'well', 'style', 'yellow', 'name', 'yellow', 'solar', 'charger', 'nylon', 'style', 'code', 'yellow', 'code', 'yellow', 'yellow', 'exterior', 'weight', 'exterior', 'height', 'solar', 'panel', 'strap', 'compartment', 'waterproof', 'cover', 'shoulder', 'strap', 'compartment']",solar panel back panel air flow strap outer mesh side pocket top shoulder strap charge solar power power option long life use yellow new solar panel high built wide built bag rest assured well made nylon long lasting come solar panel charge phone solar panel great field similar solar panel output pin phone great solar charger bag bag solar charger smart phone time mah charge phone way cost environment along nylon rugged outdoor use thus wear bag keep safe wet damp condition perfect top lightweight bag come strap weight shoulder without back shoulder strap snug fit made suit style used goer goer offer enough space along compartment big enough hold one front pocket use store charger pen drive pen two mesh side pocket keep item quick access enough store one well style yellow name yellow solar charger nylon style code yellow code yellow yellow exterior weight exterior height solar panel strap compartment waterproof cover shoulder strap compartment,157,957
640,6d460d2e12ff7c84cb6b9af783d465ae,NammaBaby Baby Girl's Animal Print Top & Pyjama Set,Baby Care,"['animal', 'print', 'top', 'pyjama', 'pattern', 'animal', 'print', 'night', 'suit', 'content', 'fabric', 'top', 'pyjama', 'top', 'bottom']",animal print top pyjama pattern animal print night suit content fabric top pyjama top bottom,15,92
641,eaed0897074ee52230ff6c6d73c18dd4,Thakkar Baby Girl's Printed Top & Pyjama Set,Baby Care,"['top', 'pyjama', 'pattern', 'night', 'suit', 'content', 'fabric', 'top', 'pyjama', 'neck', 'round', 'neck', 'pyjama', 'button', 'front']",top pyjama pattern night suit content fabric top pyjama neck round neck pyjama button front,15,91
642,4d638f7a608a76db27cd7bab13582a93,next steps Baby Girl's Striped Top & Pyjama Set,Baby Care,"['next', 'step', 'top', 'pyjama', 'pattern', 'night', 'suit', 'content', 'fabric', 'top', 'pyjama', 'neck', 'round', 'neck', 'top', 'pyjama']",next step top pyjama pattern night suit content fabric top pyjama neck round neck top pyjama,16,92
643,86a39f77de21aa9654e8ea03335244fc,Intel 3.2 GHz LGA 1150 3250 Processor,Computers,"['processor', 'black', 'dual', 'core', 'processor', 'maximum', 'speed', 'maximum', 'turbo', 'speed', 'maximum', 'power', 'thread', 'thread', 'core', 'core', 'year', 'site', 'graphic', 'base', 'graphic', 'bit']",processor black dual core processor maximum speed maximum turbo speed maximum power thread thread core core year site graphic base graphic bit,22,142
644,68b32e026c109c1bae017d024dd8f590,MKB Baby Girl's Empire Waist Dress,Baby Care,"['waist', 'dress', 'yellow', 'flower', 'print', 'waist', 'dress', 'yellow', 'flower', 'made', 'perfect', 'wear', 'dress', 'angel', 'waist', 'dress', 'dress', 'knee', 'pattern', 'occasion', 'casual', 'dress', 'sleeveless', 'content', 'fabric', 'waist', 'fabric', 'hand', 'bleach']",waist dress yellow flower print waist dress yellow flower made perfect wear dress angel waist dress dress knee pattern occasion casual dress sleeveless content fabric waist fabric hand bleach,29,191
645,31376e77d4621c06a45440d42b9fe2ac,NeedyBee Baby Girl's Layered Dress,Baby Care,"['dress', 'dress', 'mini', 'short', 'pattern', 'occasion', 'casual', 'dress', 'sleeveless', 'content', 'fabric', 'net', 'neck', 'round', 'neck', 'fabric']",dress dress mini short pattern occasion casual dress sleeveless content fabric net neck round neck fabric,16,105
646,f79ad10ae634dcfdab6625790d5c5d54,Seals Baby Girl's A-line Dress,Baby Care,"['seal', 'line', 'dress', 'line', 'seal', 'line', 'dress', 'wear', 'dress', 'seal', 'line', 'dress', 'dress', 'knee', 'pattern', 'polka', 'print', 'occasion', 'dress', 'sleeveless', 'content', 'belt', 'included', 'fabric', 'synthetic', 'line', 'neck', 'neck', 'fabric', 'similar', 'use']",seal line dress line seal line dress wear dress seal line dress dress knee pattern polka print occasion dress sleeveless content belt included fabric synthetic line neck neck fabric similar use,31,193
647,3dfd14b667357e26ff6d66761cdc203f,Chokree Baby Girl's A-line Dress,Baby Care,"['line', 'dress', 'green', 'line', 'line', 'dress', 'knee', 'occasion', 'dress', 'fabric', 'synthetic', 'line']",line dress green line line dress knee occasion dress fabric synthetic line,12,74
648,9656b0a52d364da5eed38a4bb2d9f6e5,Esteem Baby Boy's Drawer,Baby Care,"['drawer', 'pattern', 'drawer', 'fabric', 'content', 'fabric', 'hand', 'bleach', 'cold', 'wring', 'iron', 'elastic', 'drawer']",drawer pattern drawer fabric content fabric hand bleach cold wring iron elastic drawer,13,86
649,7cf36a3f1f2bd785954cc876a941da40,KLOCX Analog Wall Clock,Home Decor Festive Needs,"['analog', 'wall', 'clock', 'black', 'round', 'height', 'analog', 'wall', 'clock', 'black', 'glass', 'height', 'dial', 'shape', 'round']",analog wall clock black round height analog wall clock black glass height dial shape round,15,90
650,43f4a023dd92830ab5b26886c496f23e,HomeeHub Polyester Multicolor Self Design Eyelet Window Curtain,Home Furnishing,"['self', 'eyelet', 'window', 'curtain']",self eyelet window curtain,4,26
651,705b90361aeda1849a728d80625a78a9,Marvel Cotton Bath Towel,Baby Care,"['marvel', 'bath', 'towel']",marvel bath towel,3,17
652,0dc4d2767fe8424a3263ab141884f83d,"Romex Ultimate Urban Analog Watch  - For Boys, Men",Watches,"['urban', 'analog', 'watch', 'men', 'classic', 'satin', 'watch', 'men', 'watch', 'offer', 'priceless', 'look', 'class', 'black', 'strap', 'silicon', 'watch', 'offer', 'true', 'craftsmanship', 'distinct', 'watch', 'designed', 'round', 'silver', 'dial', 'sand', 'blast', 'case', 'wrist', 'leather', 'strap', 'watch', 'offer', 'long', 'life', 'would', 'look', 'sure', 'watch', 'meeting', 'event', 'outing', 'special', 'occasion', 'watch', 'classic', 'satin', 'watch', 'men', 'watch', 'offer', 'priceless', 'look', 'class', 'black', 'strap', 'silicon', 'watch', 'offer', 'true', 'craftsmanship', 'distinct', 'watch', 'designed', 'round', 'silver', 'dial', 'sand', 'blast', 'case', 'wrist', 'leather', 'strap', 'watch', 'offer', 'long', 'life', 'would', 'look', 'sure', 'watch', 'meeting', 'event', 'outing', 'special', 'occasion', 'watch']",urban analog watch men classic satin watch men watch offer priceless look class black strap silicon watch offer true craftsmanship distinct watch designed round silver dial sand blast case wrist leather strap watch offer long life would look sure watch meeting event outing special occasion watch classic satin watch men watch offer priceless look class black strap silicon watch offer true craftsmanship distinct watch designed round silver dial sand blast case wrist leather strap watch offer long life would look sure watch meeting event outing special occasion watch,88,570
653,f89ebd1d0889fbafa7c9453dbb0dfffd,Home Creations Polyester Blue Floral Eyelet Door Curtain,Home Furnishing,"['creation', 'blue', 'floral', 'eyelet', 'door', 'curtain']",creation blue floral eyelet door curtain,6,40
654,e1d8c5b60f9157f8e21c77cf795952f2,"The Intellect Bazaar Cotton Bath Towel, Baby Towel",Baby Care,"['intellect', 'bazaar', 'bath', 'towel', 'towel']",intellect bazaar bath towel towel,5,33
655,f79c9db3abd7faca714c92aeba9b6728,Wood Beauty Wood Photo Frame,Baby Care,"['wood', 'wood', 'photo', 'frame', 'wood', 'wood', 'photo', 'frame']",wood wood photo frame wood wood photo frame,8,43
656,260c74b5a09272dec1a8207db3541a0d,BornBabyKids Cotton Bath Towel,Baby Care,"['bath', 'towel']",bath towel,2,10
657,51b6809d527ea36798bddc2bb8557bc2,Munchkin Mighty Grip Trainer Cup,Baby Care,"['grip', 'trainer', 'cup', 'grip', 'trainer', 'cup']",grip trainer cup grip trainer cup,6,33
658,5ae4626271e8eefe5eb2aaf42c00724f,Creative Width Decor Medium Vinyl Sticker Sticker,Home Decor Festive Needs,"['decor', 'medium', 'vinyl', 'sticker', 'sticker', 'decor', 'medium', 'vinyl', 'sticker', 'sticker']",decor medium vinyl sticker sticker decor medium vinyl sticker sticker,10,69
659,90453db0386931707b256dfa1e32c404,Handloomhub Polyester Pink Self Design Eyelet Door Curtain,Home Furnishing,"['pink', 'self', 'eyelet', 'door', 'curtain']",pink self eyelet door curtain,5,29
660,bd2a71a635bf307de0056b74205918b7,"Fabutex Polyester Black, White Abstract Eyelet Window & Door Curtain",Home Furnishing,"['black', 'white', 'abstract', 'eyelet', 'window', 'door', 'curtain', 'height', 'high', 'curtain', 'add', 'rich', 'feel', 'fill', 'warmth', 'love', 'high', 'curtain', 'add', 'rich', 'feel', 'fill', 'warmth', 'love']",black white abstract eyelet window door curtain height high curtain add rich feel fill warmth love high curtain add rich feel fill warmth love,24,142
661,8c90f3ca64ea1a8ce104c3c3f5fc173f,Divine Gifts & Artificial Jewellery Shanker Blue Showpiece  -  7.5 cm,Home Decor Festive Needs,"['shanker', 'blue', 'shanker', 'blue']",shanker blue shanker blue,4,25
662,70d571a25d37e16d5d5f4e94faccf454,"Hargunz Polyester Brown, White Motif Eyelet Long Door Curtain",Home Furnishing,"['brown', 'white', 'eyelet', 'long', 'door', 'curtain', 'height', 'eyelet', 'style', 'metal', 'ring', 'anti', 'anti', 'fabric', 'sober', 'well', 'pattern', 'eyelet', 'style', 'metal', 'ring', 'anti', 'anti', 'fabric', 'sober', 'well', 'pattern']",brown white eyelet long door curtain height eyelet style metal ring anti anti fabric sober well pattern eyelet style metal ring anti anti fabric sober well pattern,27,163
663,dd9a5979c32bbdd836984529af862303,Galaxy Decorations Polyester Royalblue Plain Eyelet Door Curtain,Home Furnishing,"['plain', 'eyelet', 'door', 'curtain']",plain eyelet door curtain,4,25
664,c9c4720bca91b8ce27d8190a7c4c139c,Blue Bell Popfun Sipper,Baby Care,"['blue', 'bell', 'sipper', 'blue', 'bell', 'sipper']",blue bell sipper blue bell sipper,6,33
665,d6a50203fad654981605a70a7bde52b7,Welhouse Cotton Hand & Face Towel Set,Baby Care,"['hand', 'face', 'towel']",hand face towel,3,15
666,f9a8320c182841024f47ebcba284085a,Portia Polka Print Trendy Cap,Baby Care,"['portia', 'polka', 'print', 'cap', 'portia', 'polka', 'print', 'cap', 'india', 'shop', 'apparel', 'huge', 'collection']",portia polka print cap portia polka print cap india shop apparel huge collection,13,80
667,5eec66ec172ce096cd4e5c947686b56a,RTD Baby Girl's Kurta and Pyjama Set,Baby Care,"['pyjama', 'yellow', 'pyjama', 'india', 'shop', 'apparel', 'huge', 'collection']",pyjama yellow pyjama india shop apparel huge collection,8,55
668,3f025b9dc8065fe5a155573e5b21a70d,Ornate 7 W LED Bulb,Kitchen Dining,"['led', 'bulb', 'led', 'bulb']",led bulb led bulb,4,17
669,d0fee79693c7dc3132d30491323b6407,Shrikant Traders Cotton Bath Towel,Baby Care,"['trader', 'bath', 'towel']",trader bath towel,3,17
670,d06bb04b096c77dc3302eaf2db336f96,MH MDF Photo Frame,Baby Care,"['photo', 'frame', 'photo', 'frame']",photo frame photo frame,4,23
671,0ca8e323551dd7107ef57ef7c3e77aee,NIKsales 7 W LED Bulb,Kitchen Dining,"['led', 'bulb', 'led', 'bulb']",led bulb led bulb,4,17
672,6eabdbbbffdfae86c3c5177ba0f96ea7,Indha Craft Cloth Photo Frame,Baby Care,"['craft', 'cloth', 'photo', 'frame', 'photo', 'photo', 'outer', 'shell', 'frame', 'made', 'bland', 'fabric', 'hard', 'board', 'fabric', 'inner', 'photo', 'frame', 'outer', 'shell', 'frame', 'made', 'bland', 'fabric', 'hard', 'board', 'fabric', 'inner', 'photo', 'frame']",craft cloth photo frame photo photo outer shell frame made bland fabric hard board fabric inner photo frame outer shell frame made bland fabric hard board fabric inner photo frame,30,179
673,c997312abfa36281d41366cb4a3b908e,VRCT 5 W LED Bulb,Kitchen Dining,"['led', 'bulb', 'led', 'bulb']",led bulb led bulb,4,17
674,2bf0ca6d25501c067cd12a2a4939443f,Home Fashion Gallery Polyester Black Plain Eyelet Door Curtain,Home Furnishing,"['fashion', 'black', 'plain', 'eyelet', 'door', 'curtain']",fashion black plain eyelet door curtain,6,39
675,7f6678a6217c831b716feca796f689fd,BabyBucket Cotton Bath Towel,Baby Care,"['bath', 'towel']",bath towel,2,10
676,ce9cb60201f1cdc33e4b58d3583c7a5c,Handloomhub Polyester Baby Pink Self Design Eyelet Long Door Curtain,Home Furnishing,"['pink', 'self', 'eyelet', 'long', 'door', 'curtain']",pink self eyelet long door curtain,6,34
677,5518124b75d6c6dfee4c2e4c0cfa716a,"Simoco 7 W, 9 W, 12 W LED Bulb",Kitchen Dining,"['led', 'bulb', 'led', 'bulb']",led bulb led bulb,4,17
678,22ac36ba254a68d7dd6173f099771147,Neyth Cotton Set of Towels,Baby Care,['towel'],towel,1,5
679,6c441a6ca8eb4e5ca882c9c0df03ff0c,AsiaCraft Goddess of Wealth Laxmi Brass Statue Showpiece  -  7.62 cm,Home Decor Festive Needs,"['goddess', 'wealth', 'brass', 'goddess', 'wealth', 'brass']",goddess wealth brass goddess wealth brass,6,41
680,025a85a3d1cddc6307f7dc075d8d2132,Soy Impulse LED Bulb,Kitchen Dining,"['soy', 'led', 'bulb', 'soy', 'led', 'bulb']",soy led bulb soy led bulb,6,25
681,fd10586bf7f01bc57e0c5364d4b2c3f7,Cocovey Metal Photo Frame,Baby Care,"['metal', 'photo', 'frame', 'photo', 'photo', 'add', 'stylish', 'look', 'photo', 'frame', 'photo', 'frame', 'made', 'brass', 'tribal', 'style', 'indian', 'stylish', 'time', 'interior', 'effort', 'help', 'wide', 'handicraft', 'item', 'find', 'way', 'hand', 'craftsman', 'precious', 'place', 'add', 'stylish', 'look', 'photo', 'frame', 'photo', 'frame', 'made', 'brass', 'tribal', 'style', 'indian', 'stylish', 'time', 'interior', 'effort', 'help', 'wide', 'handicraft', 'item', 'find', 'way', 'hand', 'craftsman', 'precious', 'place']",metal photo frame photo photo add stylish look photo frame photo frame made brass tribal style indian stylish time interior effort help wide handicraft item find way hand craftsman precious place add stylish look photo frame photo frame made brass tribal style indian stylish time interior effort help wide handicraft item find way hand craftsman precious place,57,361
682,91795f4b0e4aac27314477a91b63bfb7,VLCC Natural Sciences Oil Free Sunscreen Gel SPF 15 (Pack of 2) - SPF 15,Beauty and Personal Care,"['oil', 'gel']",oil gel,2,7
683,ead122f4b1da293eb2d719baf104dfc9,Lotus Safe Sun UV Screen MatteGel - SPF 50 PA+++,Beauty and Personal Care,"['safe', 'sun', 'screen']",safe sun screen,3,15
684,8396537a124f502d11ab99972c816129,Oshea Herbals UVSHIELD - Sunscreen Gel - SPF 20 PA+,Beauty and Personal Care,['gel'],gel,1,3
686,911a6efe69bde398fbbddcb0b4bb466f,Keya Seth Umbrella Protex Heat Proof Sunscreen Solution - SPF 75 PA+++,Beauty and Personal Care,"['heat', 'proof', 'solution']",heat proof solution,3,19
688,bc2aaae47829fd5825f6cc2ec51c2c5f,Whiteherbs Ultra Protection Sunscreen Lotion - SPF 30 PA+,Beauty and Personal Care,"['ultra', 'protection', 'lotion']",ultra protection lotion,3,23
689,55195de3873fffaa9e37b041533d7305,Philips 9.5 W LED B22 3000K A55 IND Bulb,Kitchen Dining,"['philip', 'led', 'ind', 'bulb', 'philip', 'led', 'ind', 'bulb']",philip led ind bulb philip led ind bulb,8,39
690,cdc33ed715261b08e315a2a19427bc23,Oriflame Sweden Sun Zone UV Protector Face and Exposed Areas High - SPF 50 PA++,Beauty and Personal Care,"['sun', 'zone', 'protector', 'face', 'area', 'high']",sun zone protector face area high,6,33
691,c65fa0b38ab99792630468bd7dd26416,Aveeno Protect + Hydrate Broad Spectrum Spf 70 Sunscreen Lotion - SPF 70 PA+,Beauty and Personal Care,"['protect', 'broad', 'lotion']",protect broad lotion,3,20
692,142994b421c052a6193052c6c8c3d076,La Roche-Posay Anthelios XL Fluid Dry Touch Gel-Cream - SPF 50 PA+,Beauty and Personal Care,"['fluid', 'touch', 'gel', 'cream']",fluid touch gel cream,4,21
693,c6adf41cd378b1f6a7ac62675b060411,Wallmantra Christ The Redeemer Framed Print Canvas Painting,Home Decor Festive Needs,"['print', 'painting', 'jewel', 'scheme', 'interior', 'photo', 'paper', 'perfection', 'frame', 'keen', 'pride', 'created', 'mind', 'trend', 'order', 'sit', 'back', 'relax', 'complement', 'interior', 'decor', 'one', 'print', 'contact', 'jewel', 'scheme', 'interior', 'photo', 'paper', 'perfection', 'frame', 'keen', 'pride', 'created', 'mind', 'trend', 'order', 'sit', 'back', 'relax', 'complement', 'interior', 'decor', 'one', 'print', 'contact']",print painting jewel scheme interior photo paper perfection frame keen pride created mind trend order sit back relax complement interior decor one print contact jewel scheme interior photo paper perfection frame keen pride created mind trend order sit back relax complement interior decor one print contact,46,306
694,0ae859a69c7608d8197c3ba8c37bc6ec,Tallenge Christmas Collection - Echoes Of Winter - Gallery Wrap Canvas Painting,Home Decor Festive Needs,"['christmas', 'collection', 'winter', 'wrap', 'painting', 'time', 'select', 'friend', 'something', 'store', 'christmas', 'art', 'collection', 'make', 'season', 'spreading', 'holiday', 'cheer', 'christmas', 'abstract', 'art', 'fresh', 'collection', 'say', 'art', 'lasting', 'impression', 'photo', 'high', 'gloss', 'finish', 'high', 'resolution', 'format', 'printer', 'museum', 'print', 'come', 'hook', 'perfect', 'desk', 'top', 'store', 'art', 'photograph', 'artist', 'across', 'world', 'art', 'print', 'give', 'artist', 'work', 'get', 'every', 'make', 'love', 'art', 'time', 'select', 'friend', 'something', 'store', 'christmas', 'art', 'collection', 'make', 'season', 'spreading', 'holiday', 'cheer', 'christmas', 'abstract', 'art', 'fresh', 'collection', 'say', 'art', 'lasting', 'impression', 'photo', 'high', 'gloss', 'finish', 'high', 'resolution', 'format', 'printer', 'museum', 'print', 'come', 'hook', 'perfect', 'desk', 'top', 'store', 'art', 'photograph', 'artist', 'across', 'world', 'art', 'print', 'give', 'artist', 'work', 'get', 'every', 'make', 'love', 'art']",christmas collection winter wrap painting time select friend something store christmas art collection make season spreading holiday cheer christmas abstract art fresh collection say art lasting impression photo high gloss finish high resolution format printer museum print come hook perfect desk top store art photograph artist across world art print give artist work get every make love art time select friend something store christmas art collection make season spreading holiday cheer christmas abstract art fresh collection say art lasting impression photo high gloss finish high resolution format printer museum print come hook perfect desk top store art photograph artist across world art print give artist work get every make love art,111,741
695,3bf09b28e3bf526c2dfebfe591921103,Wallmantra Golden Buddha On Red Background Framed Print Canvas Painting,Home Decor Festive Needs,"['golden', 'buddha', 'red', 'background', 'print', 'painting', 'golden', 'buddha', 'red', 'background', 'print', 'painting']",golden buddha red background print painting golden buddha red background print painting,12,87
696,82fbc93cd45ab747e7e606f2c52c7335,Tallenge Christmas Collection - Nativity Art - Gallery Wrap Canvas Painting,Home Decor Festive Needs,"['christmas', 'collection', 'art', 'wrap', 'painting', 'time', 'select', 'friend', 'something', 'store', 'christmas', 'art', 'collection', 'make', 'season', 'spreading', 'holiday', 'cheer', 'christmas', 'abstract', 'art', 'fresh', 'collection', 'say', 'art', 'lasting', 'impression', 'photo', 'high', 'gloss', 'finish', 'high', 'resolution', 'format', 'printer', 'museum', 'print', 'come', 'hook', 'perfect', 'desk', 'top', 'store', 'art', 'photograph', 'artist', 'across', 'world', 'art', 'print', 'give', 'artist', 'work', 'get', 'every', 'make', 'love', 'art', 'time', 'select', 'friend', 'something', 'store', 'christmas', 'art', 'collection', 'make', 'season', 'spreading', 'holiday', 'cheer', 'christmas', 'abstract', 'art', 'fresh', 'collection', 'say', 'art', 'lasting', 'impression', 'photo', 'high', 'gloss', 'finish', 'high', 'resolution', 'format', 'printer', 'museum', 'print', 'come', 'hook', 'perfect', 'desk', 'top', 'store', 'art', 'photograph', 'artist', 'across', 'world', 'art', 'print', 'give', 'artist', 'work', 'get', 'every', 'make', 'love', 'art']",christmas collection art wrap painting time select friend something store christmas art collection make season spreading holiday cheer christmas abstract art fresh collection say art lasting impression photo high gloss finish high resolution format printer museum print come hook perfect desk top store art photograph artist across world art print give artist work get every make love art time select friend something store christmas art collection make season spreading holiday cheer christmas abstract art fresh collection say art lasting impression photo high gloss finish high resolution format printer museum print come hook perfect desk top store art photograph artist across world art print give artist work get every make love art,111,738
697,07912328f580cf080d721e6466287896,Wallmantra Abstract Colors Modern Art Wall Hanging Canvas Painting,Home Decor Festive Needs,"['abstract', 'modern', 'art', 'wall', 'painting', 'abstract', 'modern', 'art', 'wall', 'painting']",abstract modern art wall painting abstract modern art wall painting,10,67
698,10b6738d7058738a9a7d107bbb2833f4,HouseAttire Abstract Cushions Cover,Home Furnishing,"['abstract', 'cushion', 'cover']",abstract cushion cover,3,22
699,59247d4024d85bfaf9e48368cba6d870,Moonleaf Geometric Cushions Cover,Home Furnishing,"['geometric', 'cushion', 'cover']",geometric cushion cover,3,23
700,7d99ac27ad194bc62000c46779c42732,Vgstore Rectangular Pack of 6 Table Placemat,Home Furnishing,"['rectangular', 'dark', 'blue', 'shape', 'rectangular', 'code', 'style', 'code', 'dark', 'blue', 'content']",rectangular dark blue shape rectangular code style code dark blue content,11,73
701,14bc693d9b86c58696e5917045e9d4de,Sapatos Plain Single Duvet White,Home Furnishing,"['plain', 'duvet', 'white']",plain duvet white,3,17
702,1218fd9be42d45a81846db9f65a983bd,Jaipur Raga Lord Krishna Showpiece  -  14 cm,Home Decor Festive Needs,"['raga', 'lord', 'krishna', 'raga', 'lord', 'krishna']",raga lord krishna raga lord krishna,6,35
703,3f9f12fa8fc6d7ebef136040f179a201,Sapatos Plain Single Dohar Fushia,Home Furnishing,"['plain', 'brown', 'add', 'spunk', 'decor', 'designed', 'utmost', 'comfort', 'quilt', 'look', 'forward', 'crash', 'bed', 'add', 'spunk', 'decor', 'designed', 'utmost', 'comfort', 'quilt', 'look', 'forward', 'crash', 'bed']",plain brown add spunk decor designed utmost comfort quilt look forward crash bed add spunk decor designed utmost comfort quilt look forward crash bed,24,149
704,7915f1c0703450d4b1446c06066d9a59,"Home Originals Abstract, Abstract Double Blanket Multicolor",Home Furnishing,"['abstract', 'abstract', 'blanket']",abstract abstract blanket,3,25
705,595f508cdfbfa162d0fe7b97cc99ef42,RajasthaniKart Floral Double Quilts & Comforters Multicolor,Home Furnishing,"['floral', 'quilt']",floral quilt,2,12
707,ff24511994fc459d04145231c8876d6c,"Home Originals Polka, Abstract Double Blanket Multicolor",Home Furnishing,"['polka', 'abstract', 'blanket']",polka abstract blanket,3,22
708,ce9207944cedeaa82e4ea6269586af2a,Indigocart Plain Double Dohar Grey,Home Furnishing,"['plain', 'grey']",plain grey,2,10
709,dbca6ab4ebf827884073e2890388b744,U & ME Cotton Plastic Diaper Reuseable Pad Small -Blue,Baby Care,"['plastic', 'diaper', 'pad', 'small', 'blue', 'plastic', 'diaper', 'name', 'tell', 'one', 'fabric', 'plastic', 'pad', 'make', 'feel', 'child', 'month', 'hand', 'plastic', 'diaper', 'name', 'tell', 'one', 'fabric', 'plastic', 'pad', 'make', 'feel', 'child', 'month', 'hand']",plastic diaper pad small blue plastic diaper name tell one fabric plastic pad make feel child month hand plastic diaper name tell one fabric plastic pad make feel child month hand,31,179
711,28401ff0dbc191d34c2f1103e78e082a,Frabjous Floral Single Quilts & Comforters Multicolor,Home Furnishing,"['floral', 'quilt', 'lightweight', 'blanket', 'used', 'cold', 'winter', 'night', 'side', 'delay', 'lightweight', 'blanket', 'used', 'cold', 'winter', 'night', 'side', 'delay']",floral quilt lightweight blanket used cold winter night side delay lightweight blanket used cold winter night side delay,18,120
713,841b14271aa4c29f291f600c9556145c,"Home Originals Abstract, Geometric Double Blanket Multicolor",Home Furnishing,"['abstract', 'geometric', 'blanket']",abstract geometric blanket,3,26
714,6acca991d2353781779b866e4f96edd9,"Home Originals Abstract, Checkered Double Blanket Multicolor",Home Furnishing,"['abstract', 'blanket']",abstract blanket,2,16
715,d68b774e9529a4b94a5c6c8943a1b8b3,Pioneer Pragati Floral Single Duvet Orange,Home Furnishing,"['pioneer', 'floral', 'duvet', 'duvet', 'world', 'famous', 'jaipuri', 'pure', 'bed', 'gold', 'print', 'cover', 'layer', 'high', 'grade', 'flannel', 'sheet', 'two', 'layer', 'fabric', 'weight', 'envelop', 'fold', 'drift', 'exotic', 'land', 'within', 'fold', 'soft', 'sleep', 'sweet', 'deep', 'whether', 'spend', 'night', 'warm', 'slumber', 'afternoon', 'siesta', 'item', 'bed', 'cloth', 'gold', 'print', 'floral', 'quilt', 'filling', 'high', 'grade', 'flannel', 'sheet', 'fabric', 'item', 'fine', 'pattern', 'tone', 'may', 'shown', 'would', 'return', 'question', 'return', 'satisfied', 'pioneer', 'world', 'famous', 'jaipuri', 'pure', 'bed', 'gold', 'print', 'cover', 'layer', 'high', 'grade', 'flannel', 'sheet', 'two', 'layer', 'fabric', 'weight', 'envelop', 'fold', 'drift', 'exotic', 'land', 'within', 'fold', 'soft', 'sleep', 'sweet', 'deep', 'whether', 'spend', 'night', 'warm', 'slumber', 'afternoon', 'siesta', 'item', 'bed', 'cloth', 'gold', 'print', 'floral', 'quilt', 'filling', 'high', 'grade', 'flannel', 'sheet', 'fabric', 'item', 'fine', 'pattern', 'tone', 'may', 'shown', 'would', 'return', 'question', 'return', 'satisfied', 'pioneer']",pioneer floral duvet duvet world famous jaipuri pure bed gold print cover layer high grade flannel sheet two layer fabric weight envelop fold drift exotic land within fold soft sleep sweet deep whether spend night warm slumber afternoon siesta item bed cloth gold print floral quilt filling high grade flannel sheet fabric item fine pattern tone may shown would return question return satisfied pioneer world famous jaipuri pure bed gold print cover layer high grade flannel sheet two layer fabric weight envelop fold drift exotic land within fold soft sleep sweet deep whether spend night warm slumber afternoon siesta item bed cloth gold print floral quilt filling high grade flannel sheet fabric item fine pattern tone may shown would return question return satisfied pioneer,124,778
716,83b7c331ebdd018bea7cecb6171eda96,"Home Originals Geometric, Striped Double Blanket Multicolor",Home Furnishing,"['geometric', 'blanket']",geometric blanket,2,17
717,a371cfcae8c6ec3b82ae37a83a8ae9b9,Sapatos Plain Single Duvet Blue,Home Furnishing,"['plain', 'duvet', 'blue', 'brown', 'duvet', 'add', 'spunk', 'decor', 'designed', 'duvet', 'utmost', 'comfort', 'quilt', 'look', 'forward', 'crash', 'bed', 'add', 'spunk', 'decor', 'designed', 'duvet', 'utmost', 'comfort', 'quilt', 'look', 'forward', 'crash', 'bed']",plain duvet blue brown duvet add spunk decor designed duvet utmost comfort quilt look forward crash bed add spunk decor designed duvet utmost comfort quilt look forward crash bed,29,178
718,b33d82c619bf88c3e3bb8f53beab0c4b,Home Originals Abstract Double Quilts & Comforters Multicolor,Home Furnishing,"['abstract', 'quilt']",abstract quilt,2,14
719,3dfdf277bccb74532c0387adfed2897d,Pompom Sweethearts Velcro U Shape Nappy Set Of 5,Baby Care,['shape'],shape,1,5
720,5cd3d274d71e1e0d6bf075421461b2d5,Sapatos Geometric Single Duvet Purple & Pink,Home Furnishing,"['geometric', 'duvet', 'pink', 'duvet', 'add', 'spunk', 'decor', 'designed', 'duvet', 'utmost', 'comfort', 'duvet', 'look', 'forward', 'crash', 'bed', 'add', 'spunk', 'decor', 'designed', 'duvet', 'utmost', 'comfort', 'duvet', 'look', 'forward', 'crash', 'bed']",geometric duvet pink duvet add spunk decor designed duvet utmost comfort duvet look forward crash bed add spunk decor designed duvet utmost comfort duvet look forward crash bed,28,176
721,52a8d66e466da645e413d2cecc294bd9,SPANGLE Floral King Blanket CC0070001,Home Furnishing,"['floral', 'king', 'blanket', 'mink', 'blanket', 'blanket', 'bag', 'soft', 'mink', 'blanket', 'made', 'yarn', 'keep', 'warm', 'soft', 'mink', 'blanket', 'made', 'yarn', 'keep', 'warm']",floral king blanket mink blanket blanket bag soft mink blanket made yarn keep warm soft mink blanket made yarn keep warm,21,120
722,7091af252a785131c5a124fb90705fda,Sapatos Plain Single Duvet Red,Home Furnishing,"['plain', 'duvet', 'red', 'duvet', 'add', 'spunk', 'decor', 'designed', 'duvet', 'utmost', 'comfort', 'duvet', 'look', 'forward', 'crash', 'bed', 'add', 'spunk', 'decor', 'designed', 'duvet', 'utmost', 'comfort', 'duvet', 'look', 'forward', 'crash', 'bed']",plain duvet red duvet add spunk decor designed duvet utmost comfort duvet look forward crash bed add spunk decor designed duvet utmost comfort duvet look forward crash bed,28,171
723,7c785e9e26092c0b6ed038085e90d89d,House This Yellow 150 cm Table Runner,Home Furnishing,"['yellow', 'runner']",yellow runner,2,13
724,00cbbc837d340fa163d11e169fbdb952,Flazee Home Trends Beige 144.78 cm Table Runner,Home Furnishing,"['trend', 'runner']",trend runner,2,12
725,282102897daa1c2513cf76837a8d5a4c,Craftartz Buddha Brass Idol Dhyan Mudra Showpiece  -  14 cm,Home Decor Festive Needs,"['buddha', 'brass', 'idol', 'brass', 'gold', 'give', 'feel', 'brass', 'lord', 'buddha', 'god', 'hinduism', 'buddhism', 'lord', 'buddha', 'hindu', 'known', 'bring', 'buddha', 'mean', 'one', 'enlightened', 'one', 'buddha', 'used', 'first', 'era', 'made', 'yellow', 'brass', 'metal', 'make', 'vibrant', 'place', 'point', 'draw', 'inner', 'strength', 'puja', 'hindu', 'way', 'idol', 'fine', 'work', 'art', 'help', 'brass', 'buddha', 'used', 'would', 'make', 'item', 'give', 'feel', 'brass', 'lord', 'buddha', 'god', 'hinduism', 'buddhism', 'lord', 'buddha', 'hindu', 'known', 'bring', 'buddha', 'mean', 'one', 'enlightened', 'one', 'buddha', 'used', 'first', 'era', 'made', 'yellow', 'brass', 'metal', 'make', 'vibrant', 'place', 'point', 'draw', 'inner', 'strength', 'puja', 'hindu', 'way', 'idol', 'fine', 'work', 'art', 'help', 'brass', 'buddha', 'used', 'would', 'make', 'item']",buddha brass idol brass gold give feel brass lord buddha god hinduism buddhism lord buddha hindu known bring buddha mean one enlightened one buddha used first era made yellow brass metal make vibrant place point draw inner strength puja hindu way idol fine work art help brass buddha used would make item give feel brass lord buddha god hinduism buddhism lord buddha hindu known bring buddha mean one enlightened one buddha used first era made yellow brass metal make vibrant place point draw inner strength puja hindu way idol fine work art help brass buddha used would make item,99,580
726,eda00df2c5e1d006a8608e881bfcf300,HoA Baby Nappy Set of 6 - Plain Pure Cotton - Assorted,Baby Care,"['plain', 'pure', 'assorted']",plain pure assorted,3,19
727,fd75569f00649bda69d490d54e01378c,Gift Studios Ganesha Stone Showpiece  -  17.6 cm,Home Decor Festive Needs,"['studio', 'stone', 'studio', 'stone']",studio stone studio stone,4,25
728,cc2acb156df3202f172b280132ab459a,Dhrohar Red 72 cm Table Runner,Home Furnishing,"['red', 'runner']",red runner,2,10
729,984983d05e18e63d1a314e86cb362ae5,VRCT 196 inch Green Rice Lights,Home Decor Festive Needs,"['green', 'rice', 'bulb', 'bulb', 'led', 'green', 'rice', 'function', 'green', 'bulb', 'led', 'bulb', 'green', 'rice', 'adaptor']",green rice bulb bulb led green rice function green bulb led bulb green rice adaptor,15,83
730,cabeeb2c7f68a833964bf7329d360886,Foolzy Pack of 24 Lipsticks 84 g,Beauty and Personal Care,['lipstick'],lipstick,1,8
731,ed1a2a831475966a779524ba67ae2ac7,Tidy Green Cotton Kitchen Linen Set,Home Furnishing,"['green', 'kitchen', 'linen', 'code', 'style', 'code', 'glove', 'green', 'weight', 'fabric', 'content', 'hand', 'glove', 'pot', 'holder']",green kitchen linen code style code glove green weight fabric content hand glove pot holder,15,91
732,2bf95e5f8c4d7d0126de92e476d4fc8b,Sonpra Baby Boy's Bodysuit,Baby Care,"['romper', 'solid', 'stripe', 'five', 'kid', 'made', 'premium', 'soft', 'fabric', 'save', 'pie', 'avoid', 'kid', 'protect', 'kid', 'romper', 'solid', 'stripe', 'five', 'kid', 'made', 'premium', 'soft', 'fabric', 'save', 'pie', 'avoid', 'kid', 'protect', 'kid']",romper solid stripe five kid made premium soft fabric save pie avoid kid protect kid romper solid stripe five kid made premium soft fabric save pie avoid kid protect kid,30,169
733,470ff3c4e22d237f5a75ac07225e513e,Canon Toner Cartridge 416 Black,Computers,"['canon', 'toner', 'black']",canon toner black,3,17
734,f28dbe6996336f063e804f353d7de4ce,Radhika's World of Crafts Ganesha with Prabhavali Showpiece  -  19 cm,Home Decor Festive Needs,"['world', 'craft', 'brass', 'yellow', 'idol', 'lord', 'yet', 'balanced', 'like', 'correct', 'ratio', 'art', 'room', 'work', 'place', 'lord', 'symbol', 'take', 'made', 'brass', 'finish', 'master', 'craftsman', 'height', 'weight', 'gram', 'artifact', 'idol', 'lord', 'yet', 'balanced', 'like', 'correct', 'ratio', 'art', 'room', 'work', 'place', 'lord', 'symbol', 'take', 'made', 'brass', 'finish', 'master', 'craftsman', 'height', 'weight', 'gram', 'artifact']",world craft brass yellow idol lord yet balanced like correct ratio art room work place lord symbol take made brass finish master craftsman height weight gram artifact idol lord yet balanced like correct ratio art room work place lord symbol take made brass finish master craftsman height weight gram artifact,50,308
735,aa82b75da7579007963e53b6f818281b,AntiqueShop ABKL_GRN_GRN_GRN,Beauty and Personal Care,"['soft', 'rope', 'loop', 'long', 'lasting', 'great', 'liquid', 'soap', 'soft', 'warm', 'shower', 'new', 'nylon', 'shower', 'bath', 'puff', 'loofah', 'scrubber', 'reach', 'made', 'soft', 'mesh', 'away', 'dead', 'soft', 'rope', 'loop', 'long', 'lasting', 'great', 'liquid', 'soap', 'soft', 'warm', 'shower', 'search', 'note', 'colour', 'received', 'may', 'depend', 'upon', 'stock', 'back', 'loofah', 'loofah', 'trait', 'nylon', 'medium', 'trait', 'great', 'liquid', 'soap']",soft rope loop long lasting great liquid soap soft warm shower new nylon shower bath puff loofah scrubber reach made soft mesh away dead soft rope loop long lasting great liquid soap soft warm shower search note colour received may depend upon stock back loofah loofah trait nylon medium trait great liquid soap,53,311
736,e33795f66b2a42ac56095ae704ab25b6,AntiqueShop ABKL_PL_PNK_PNK,Beauty and Personal Care,"['soft', 'rope', 'loop', 'long', 'lasting', 'great', 'liquid', 'soap', 'soft', 'warm', 'shower', 'new', 'nylon', 'shower', 'bath', 'puff', 'loofah', 'scrubber', 'reach', 'made', 'soft', 'mesh', 'away', 'dead', 'soft', 'rope', 'loop', 'long', 'lasting', 'great', 'liquid', 'soap', 'soft', 'warm', 'shower', 'search', 'note', 'colour', 'received', 'may', 'depend', 'upon', 'stock', 'back', 'loofah', 'loofah', 'trait', 'nylon', 'medium', 'trait', 'great', 'liquid', 'soap']",soft rope loop long lasting great liquid soap soft warm shower new nylon shower bath puff loofah scrubber reach made soft mesh away dead soft rope loop long lasting great liquid soap soft warm shower search note colour received may depend upon stock back loofah loofah trait nylon medium trait great liquid soap,53,311
737,1dbe1f3ba28460dffef4a1d664549621,AntiqueShop ABKL_PL_PL_PNK,Beauty and Personal Care,"['soft', 'rope', 'loop', 'long', 'lasting', 'great', 'liquid', 'soap', 'soft', 'warm', 'shower', 'new', 'nylon', 'shower', 'bath', 'puff', 'loofah', 'scrubber', 'reach', 'made', 'soft', 'mesh', 'away', 'dead', 'soft', 'rope', 'loop', 'long', 'lasting', 'great', 'liquid', 'soap', 'soft', 'warm', 'shower', 'search', 'note', 'colour', 'received', 'may', 'depend', 'upon', 'stock', 'back', 'loofah', 'loofah', 'trait', 'nylon', 'medium', 'trait', 'great', 'liquid', 'soap']",soft rope loop long lasting great liquid soap soft warm shower new nylon shower bath puff loofah scrubber reach made soft mesh away dead soft rope loop long lasting great liquid soap soft warm shower search note colour received may depend upon stock back loofah loofah trait nylon medium trait great liquid soap,53,311
738,5fdb912462da9891e5b21c677ceb15e4,brass gift center Showpiece  -  48 cm,Home Decor Festive Needs,"['brass', 'center', 'brass', 'height', 'weight', 'brass', 'center', 'brass', 'brass', 'center', 'human', 'brass', 'weight', 'height', 'depth', 'one']",brass center brass height weight brass center brass brass center human brass weight height depth one,16,100
739,52877a6306aef18af67ab54c8233c931,Buyer's Beach BB349,Kitchen Dining,"['buyer', 'beach', 'brown', 'stylish', 'every', 'compliment', 'buyer', 'beach', 'brown', 'buyer', 'beach', 'tea', 'safe', 'brown']",buyer beach brown stylish every compliment buyer beach brown buyer beach tea safe brown,14,87
740,fd53c8ed19e77c3e65d767e6aee5fad7,Pindia Apple Macbook Pro 13 13.3 Inch Mb990hn/A & Mb990ll/A USB Yellow Anti-dust Plug,Computers,"['pro', 'yellow', 'anti', 'dust', 'plug', 'pro', 'yellow', 'anti', 'dust', 'plug']",pro yellow anti dust plug pro yellow anti dust plug,10,51
741,62cbea6012792cdbe5ff7cac2a6b76d0,Fogg Fashion Store 3003-PK Modish Analog Watch  - For Women,Watches,"['fashion', 'store', 'modish', 'analog', 'watch', 'fashion', 'store', 'modish', 'analog', 'watch', 'india', 'great', 'discount']",fashion store modish analog watch fashion store modish analog watch india great discount,13,88
742,a97b85d31d715c65b2970c4177eb0fda,Nutcase Sticker Wrap Design - North 800 ml Bottle,Kitchen Dining,"['sticker', 'wrap', 'north', 'reflect', 'style', 'aluminium', 'come', 'harness', 'hook', 'waterproof', 'sticker', 'wrap', 'fresh', 'reflect', 'style', 'aluminium', 'come', 'harness', 'hook', 'waterproof', 'sticker', 'wrap', 'fresh']",sticker wrap north reflect style aluminium come harness hook waterproof sticker wrap fresh reflect style aluminium come harness hook waterproof sticker wrap fresh,23,162
743,d47f1cb78db4a23e2516e2d34da34c8a,Nutcase Sticker Wrap Design - Pineapple 800 ml Bottle,Kitchen Dining,"['sticker', 'wrap', 'reflect', 'style', 'aluminium', 'come', 'harness', 'hook', 'waterproof', 'sticker', 'wrap', 'fresh', 'reflect', 'style', 'aluminium', 'come', 'harness', 'hook', 'waterproof', 'sticker', 'wrap', 'fresh']",sticker wrap reflect style aluminium come harness hook waterproof sticker wrap fresh reflect style aluminium come harness hook waterproof sticker wrap fresh,22,156
744,73523a8cc9a5c04a010d0307f2f2827a,Nutcase Sticker Wrap Design - Gummy Bears 800 ml Bottle,Kitchen Dining,"['sticker', 'wrap', 'bear', 'reflect', 'style', 'aluminium', 'come', 'harness', 'hook', 'waterproof', 'sticker', 'wrap', 'fresh', 'reflect', 'style', 'aluminium', 'come', 'harness', 'hook', 'waterproof', 'sticker', 'wrap', 'fresh']",sticker wrap bear reflect style aluminium come harness hook waterproof sticker wrap fresh reflect style aluminium come harness hook waterproof sticker wrap fresh,23,161
745,daf06eb2b9613900299539558e287701,Nutcase Sticker Wrap Design - Mint & Grey Chevron 800 ml Bottle,Kitchen Dining,"['sticker', 'wrap', 'mint', 'grey', 'reflect', 'style', 'aluminium', 'come', 'harness', 'hook', 'waterproof', 'sticker', 'wrap', 'fresh', 'reflect', 'style', 'aluminium', 'come', 'harness', 'hook', 'waterproof', 'sticker', 'wrap', 'fresh']",sticker wrap mint grey reflect style aluminium come harness hook waterproof sticker wrap fresh reflect style aluminium come harness hook waterproof sticker wrap fresh,24,166
746,037c2402fee39fbc80433935711d1383,eCraftIndia Floral Cushions Cover,Home Furnishing,"['floral', 'cushion', 'cover']",floral cushion cover,3,20
747,5321f76936848ccc0003f6c11e923fb5,Mxofere Combo Papaya Aloevera Jasmine Rose Almond Honey Soap Kit,Beauty and Personal Care,"['papaya', 'rose', 'almond', 'honey', 'soap', 'kit', 'papaya', 'rose', 'almond', 'honey', 'soap', 'kit']",papaya rose almond honey soap kit papaya rose almond honey soap kit,12,67
748,532fd66d24261d77d9d8b18cfd1ca0f2,Mxofere Combo Lavender Rose Jasmine Papaya Aloevera Soap Kit,Beauty and Personal Care,"['rose', 'papaya', 'soap', 'kit', 'rose', 'papaya', 'soap', 'kit']",rose papaya soap kit rose papaya soap kit,8,41
749,b2e4a7feb6bbca9cca2c0c1e18acbcfc,Rajasthan Crafts Abstract Single Quilts & Comforters Maroon,Home Furnishing,"['craft', 'abstract', 'quilt', 'maroon']",craft abstract quilt maroon,4,27
750,a18d4ddb1a1c3463d6719e526573c4ba,Rajasthan Crafts Abstract Single Quilts & Comforters Multicolor,Home Furnishing,"['craft', 'abstract', 'quilt']",craft abstract quilt,3,20
751,a5e1b49a1ddf038888e6de3523b475fb,Rajasthan Crafts Abstract Single Quilts & Comforters Pink,Home Furnishing,"['craft', 'abstract', 'quilt', 'pink']",craft abstract quilt pink,4,25
752,83cef279f0ea5d772523d0d8b2923fbe,Rajasthan Crafts Abstract Single Quilts & Comforters Green,Home Furnishing,"['craft', 'abstract', 'quilt', 'green']",craft abstract quilt green,4,26
753,998a39dca0ef610c3a0ea4e9cc6e1681,Tuktuk Abstract Single Dohar Black,Home Furnishing,"['abstract', 'black']",abstract black,2,14
754,08e8af585235d7403ca2b7b56a51a6d4,Onlinemaniya Abstract Single Quilts & Comforters Multicolor,Home Furnishing,"['abstract', 'quilt']",abstract quilt,2,14
755,8872dd7ca802f56c1c3ee07e22e84cfd,Buy Clues Abstract Single Quilts & Comforters Gold,Home Furnishing,"['abstract', 'quilt', 'gold']",abstract quilt gold,3,19
756,8ed6faebe087745cc1a3ed5aec2a57cf,Rajlaxmi Checkered Single Quilts & Comforters Multicolor,Home Furnishing,['quilt'],quilt,1,5
757,44a6d9f64668b004c3254f3904142064,"SVM Navratri Special 7 Analog Watch  - For Girls, Women",Watches,"['special', 'analog', 'watch', 'special', 'analog', 'watch', 'special', 'india', 'great', 'discount']",special analog watch special analog watch special india great discount,10,70
758,49852d7f69839e0b1006adc55d56938a,Bajya Abstract Single Quilts & Comforters MultiColour,Home Furnishing,"['abstract', 'quilt']",abstract quilt,2,14
759,e80e5151787eb21b0cca0d7dc3b0c338,Fighter FIGH_008 Digital Watch  - For Couple,Watches,"['fighter', 'watch', 'fighter', 'watch', 'india', 'great', 'discount']",fighter watch fighter watch india great discount,7,48
760,79e6b64a09ec7d393be193430ea732fe,Luba rk526 Rked Analog Watch  - For Women,Watches,"['luba', 'analog', 'watch', 'luba', 'analog', 'watch', 'india', 'great', 'discount']",luba analog watch luba analog watch india great discount,9,56
761,294a26262643797cb07f72f1b55262ae,Perucci PC-301 Analog Watch  - For Men,Watches,"['analog', 'watch', 'men', 'analog', 'watch', 'men', 'india', 'great', 'discount']",analog watch men analog watch men india great discount,9,54
762,53b9357d16d4db0a1f9ec4e8ac91e743,Perucci PC-303 Analog Watch  - For Men,Watches,"['analog', 'watch', 'men', 'analog', 'watch', 'men', 'india', 'great', 'discount']",analog watch men analog watch men india great discount,9,54
763,fc93a41f31c4e997fbfcc5bd0a63ee65,Perucci PC-310 Analog Watch  - For Men,Watches,"['analog', 'watch', 'men', 'analog', 'watch', 'men', 'india', 'great', 'discount']",analog watch men analog watch men india great discount,9,54
764,e24ef34ede03630207f0d367f633d8ea,Chappin & Nellson CNL-50-White-RG Analog Watch  - For Women,Watches,"['chappin', 'white', 'analog', 'watch', 'chappin', 'white', 'analog', 'watch', 'white', 'india', 'great', 'discount']",chappin white analog watch chappin white analog watch white india great discount,12,80
765,3d8222014ec36292c1c143c5f5e12c29,Nutcase Sticker Wrap Design - Teal & Pink Watercolors 800 ml Bottle,Kitchen Dining,"['sticker', 'wrap', 'teal', 'pink']",sticker wrap teal pink,4,22
766,503bb08f7bdf6a395ec564dd1dc83619,Nutcase Sticker Wrap Design - Lucky Elements 800 ml Bottle,Kitchen Dining,"['sticker', 'wrap', 'reflect', 'style', 'aluminium', 'come', 'harness', 'hook', 'waterproof', 'sticker', 'wrap', 'fresh', 'reflect', 'style', 'aluminium', 'come', 'harness', 'hook', 'waterproof', 'sticker', 'wrap', 'fresh']",sticker wrap reflect style aluminium come harness hook waterproof sticker wrap fresh reflect style aluminium come harness hook waterproof sticker wrap fresh,22,156
767,2abb35d6affd2796e664349a747bd302,Oxyglow Fruit Massage Cream With Vitamin-E & Almond Under Eye Repair Care,Beauty and Personal Care,"['fruit', 'cream', 'vitamin', 'almond', 'eye', 'repair', 'one', 'stop', 'solution', 'need', 'wide', 'like', 'face', 'bleach', 'face', 'oil', 'lotion', 'gel', 'lip', 'eye', 'many', 'beat', 'problem', 'help', 'glow', 'one', 'stop', 'solution', 'need', 'wide', 'like', 'face', 'bleach', 'face', 'oil', 'lotion', 'gel', 'lip', 'eye', 'many', 'beat', 'problem', 'help', 'glow']",fruit cream vitamin almond eye repair one stop solution need wide like face bleach face oil lotion gel lip eye many beat problem help glow one stop solution need wide like face bleach face oil lotion gel lip eye many beat problem help glow,44,239
768,4f8f64f93f789af51bb07296639acbd2,Oxyglow Saffron with vitamin-E Gold Massage Cream & Almond Under Eye Repair Care,Beauty and Personal Care,"['saffron', 'vitamin', 'gold', 'cream', 'almond', 'eye', 'repair', 'saffron', 'vitamin', 'gold', 'cream', 'almond', 'eye', 'repair']",saffron vitamin gold cream almond eye repair saffron vitamin gold cream almond eye repair,14,89
769,8aa19c1f26ee1f256d4c3ab5f2f849be,Xemex ST1025SL07 New Generation Analog Watch  - For Women,Watches,"['new', 'generation', 'analog', 'watch', 'new', 'generation', 'analog', 'watch', 'india', 'great', 'discount']",new generation analog watch new generation analog watch india great discount,11,76
770,63523a600ab69f276664d0eade9d076e,Offspring Solid Single Blanket Pink,Baby Care,"['solid', 'blanket', 'pink']",solid blanket pink,3,18
771,42643c1c9403f67921a18654bcf45ead,Offspring Printed Single Blanket Blue,Baby Care,"['blanket', 'blue', 'blanket', 'made', 'soft', 'keep', 'warm', 'made', 'soft', 'keep', 'warm']",blanket blue blanket made soft keep warm made soft keep warm,11,60
772,8818424349b75a67775353d1feef2635,Offspring Printed Single Wrapper Multicolor,Baby Care,['wrapper'],wrapper,1,7
773,109e235d4838002246599f987d935c21,Ireeya Abstract Single Coral Blanket Blue,Baby Care,"['abstract', 'coral', 'blanket', 'blue']",abstract coral blanket blue,4,27
774,093bcad64d11c0aed903a8dd787ef069,"Offspring Embroidered, Solid Single Wrapper White, Pink",Baby Care,"['solid', 'wrapper', 'white', 'pink', 'wrap', 'hooded', 'wrap', 'made', 'soft', 'wrap', 'used', 'wrap', 'burp', 'cloth', 'much', 'hooded', 'wrap', 'made', 'soft', 'wrap', 'used', 'wrap', 'burp', 'cloth', 'much']",solid wrapper white pink wrap hooded wrap made soft wrap used wrap burp cloth much hooded wrap made soft wrap used wrap burp cloth much,25,135
775,93618b8a998782d4d847ee5cba5c7de2,Carter'S Self Design Single Blanket Multicolor,Baby Care,"['self', 'blanket']",self blanket,2,12
776,c1e9b5875e442203073211c522072973,My NewBorn Solid Single Wrapper Assorted Muti Colors,Baby Care,"['solid', 'wrapper', 'assorted']",solid wrapper assorted,3,22
777,46c7cb82a768ad8811db821d8649f6e0,RRTC RRTC1105SM00 Basic Analog Watch  - For Women,Watches,"['basic', 'analog', 'watch', 'basic', 'analog', 'watch', 'india', 'great', 'discount']",basic analog watch basic analog watch india great discount,9,58
778,dbb55b8da8c30cb67014d81405d98a41,Mxofere Combo Orange Papaya Jasmine Lemongrass Almond Honey Soap Kit,Beauty and Personal Care,"['papaya', 'almond', 'honey', 'soap', 'kit', 'papaya', 'almond', 'honey', 'soap', 'kit']",papaya almond honey soap kit papaya almond honey soap kit,10,57
779,141ab1fbe0f943463d4971098647000c,Mxofere Combo Rose Jasmine Almond Honey Aloevera Mixfruit Soap Kit,Beauty and Personal Care,"['rose', 'almond', 'honey', 'soap', 'kit', 'rose', 'almond', 'honey', 'soap', 'kit']",rose almond honey soap kit rose almond honey soap kit,10,53
780,35b5dfdda9214c94ab15bf5390e07de9,Perucci PCC-501C Decker Analog Watch  - For Men,Watches,"['decker', 'analog', 'watch', 'men', 'decker', 'analog', 'watch', 'men', 'india', 'watch', 'special', 'wrist', 'watch', 'watch', 'watch', 'men', 'great', 'discount']",decker analog watch men decker analog watch men india watch special wrist watch watch watch men great discount,18,110
781,9924fba9b2a738e5a141995952e73104,Perucci PC-222 Decker Analog Watch  - For Men,Watches,"['decker', 'analog', 'watch', 'men', 'decker', 'analog', 'watch', 'men', 'india', 'watch', 'watch', 'stylish', 'watch', 'great', 'discount']",decker analog watch men decker analog watch men india watch watch stylish watch great discount,15,94
782,30305ade337a4dde171afb90141bcaaa,Perucci Pc-122 & Pc-126 Decker Analog Watch  - For Men,Watches,"['decker', 'analog', 'watch', 'men', 'decker', 'analog', 'watch', 'men', 'india', 'watch', 'watch', 'stylish', 'watch', 'watch', 'men', 'watch', 'great', 'discount']",decker analog watch men decker analog watch men india watch watch stylish watch watch men watch great discount,18,110
783,9a0413117aa91c668ba5944770347cc5,Funcart Party Time  - Food Grade Plastic,Baby Care,"['small', 'time', 'food', 'grade', 'plastic']",small time food grade plastic,5,29
784,fb435889d257c924c7bf77396a555e04,"EZ Life Funky 3-Pc Kids Cutlery Set-Pleasing Panda  - Stainless Steel, Food Grade Plastic",Baby Care,"['life', 'kid', 'pleasing', 'stainless', 'food', 'grade', 'plastic']",life kid pleasing stainless food grade plastic,7,46
785,29d7a1b4d4f658fc3082905f65e1b009,Funcart Frolic Birthday  - Food Grade Plastic,Baby Care,"['small', 'birthday', 'food', 'grade', 'plastic']",small birthday food grade plastic,5,33
786,c705a5735a94aeee547d1798e3e46ec4,Perucci PC-122 Decker Analog Watch  - For Men,Watches,"['decker', 'analog', 'watch', 'men', 'decker', 'analog', 'watch', 'men', 'india', 'watch', 'watch', 'stylish', 'watch', 'great', 'discount']",decker analog watch men decker analog watch men india watch watch stylish watch great discount,15,94
787,7264f56639c8c54158b94ced769082c8,Perucci PC-218 Decker Analog Watch  - For Men,Watches,"['decker', 'analog', 'watch', 'men', 'decker', 'analog', 'watch', 'men', 'india', 'watch', 'watch', 'stylish', 'watch', 'great', 'discount']",decker analog watch men decker analog watch men india watch watch stylish watch great discount,15,94
788,b5aafdb7cfde56f3e9e1364eb1efb691,Perucci PC-414W Decker Analog Watch  - For Men,Watches,"['decker', 'analog', 'watch', 'men', 'decker', 'analog', 'watch', 'men', 'india', 'watch', 'watch', 'stylish', 'watch', 'great', 'discount']",decker analog watch men decker analog watch men india watch watch stylish watch great discount,15,94
789,389197b67a189c703f3deb9ca6f1f678,Love Baby Cartoon Set of Towels,Baby Care,"['love', 'cartoon', 'towel']",love cartoon towel,3,18
790,75549ef6adc47e9b6dc2b69f530d9097,LUBA HF45 Stylo Analog Watch  - For Men,Watches,"['luba', 'stylo', 'analog', 'watch', 'men', 'luba', 'stylo', 'analog', 'watch', 'men', 'india', 'great', 'discount']",luba stylo analog watch men luba stylo analog watch men india great discount,13,76
791,4676a8f96abb86c5d1dc5b06c7a11d95,Wild Ferns Manuka Honey Intensive Eye Creme,Beauty and Personal Care,"['wild', 'fern', 'manuka', 'honey', 'eye', 'wild', 'fern', 'manuka', 'honey', 'eye']",wild fern manuka honey eye wild fern manuka honey eye,10,53
792,a67d4b8df18ac476cd1b0bbd80e589a4,"Wild Ferns Lanolin Eye Creme with Collagen, Vitamins A & E",Beauty and Personal Care,"['wild', 'fern', 'lanolin', 'eye', 'collagen', 'vitamin', 'wild', 'fern', 'lanolin', 'eye', 'collagen', 'vitamin']",wild fern lanolin eye collagen vitamin wild fern lanolin eye collagen vitamin,12,77
793,fda0890dba67c93a7c80b0993651caec,Ollington St. Collection Baby Reusable Diaper With One Insert,Baby Care,"['collection', 'diaper', 'one', 'insert', 'form', 'fitting', 'diaper', 'insert', 'diaper', 'snap', 'fit', 'trim', 'snug', 'keep', 'one', 'stain', 'front', 'panel', 'insert', 'pad', 'insert', 'one', 'diaper', 'colour', 'green', 'pink', 'red', 'blue', 'blue', 'dark', 'blue', 'diaper', 'insert', 'first', 'use', 'avoid', 'fabric', 'bleach', 'line', 'age', 'group', 'month', 'form', 'fitting', 'diaper', 'insert', 'diaper', 'snap', 'fit', 'trim', 'snug', 'keep', 'one', 'stain', 'front', 'panel', 'insert', 'pad', 'insert', 'one', 'diaper', 'colour', 'green', 'pink', 'red', 'blue', 'blue', 'dark', 'blue', 'diaper', 'insert', 'first', 'use', 'avoid', 'fabric', 'bleach', 'line', 'age', 'group', 'month']",collection diaper one insert form fitting diaper insert diaper snap fit trim snug keep one stain front panel insert pad insert one diaper colour green pink red blue blue dark blue diaper insert first use avoid fabric bleach line age group month form fitting diaper insert diaper snap fit trim snug keep one stain front panel insert pad insert one diaper colour green pink red blue blue dark blue diaper insert first use avoid fabric bleach line age group month,80,460
794,aba92798c4b2723e23131478d6c97293,Mxofere Combo Mix Fruit Soap And Aloevera Lemon Facewash Kit,Beauty and Personal Care,"['mix', 'fruit', 'soap', 'lemon', 'kit', 'mix', 'fruit', 'soap', 'lemon', 'kit']",mix fruit soap lemon kit mix fruit soap lemon kit,10,49
795,22146eaca9aee0223a4302d87cb3e122,Rana Watches Bw-Prsmd Barbie Analog Watch  - For Girls,Watches,"['rana', 'watch', 'analog', 'watch', 'rana', 'watch', 'analog', 'watch', 'india', 'great', 'discount']",rana watch analog watch rana watch analog watch india great discount,11,68
796,170fdf050c7a1f8d30ef5a98c4216f9c,R.S D&G16 Analog Watch  - For Men,Watches,"['analog', 'watch', 'men', 'analog', 'watch', 'men', 'india', 'great', 'discount']",analog watch men analog watch men india great discount,9,54
797,9d20743a61f62fe6f9cdc5ff24d46d23,Oxyglow Golden Glow Oxy Bleach & Fruit Massage Cream With Vitamin-E 200gm,Beauty and Personal Care,"['golden', 'glow', 'bleach', 'fruit', 'cream', 'vitamin', 'one', 'stop', 'solution', 'need', 'wide', 'like', 'face', 'bleach', 'face', 'oil', 'lotion', 'gel', 'lip', 'eye', 'many', 'beat', 'problem', 'help', 'glow', 'one', 'stop', 'solution', 'need', 'wide', 'like', 'face', 'bleach', 'face', 'oil', 'lotion', 'gel', 'lip', 'eye', 'many', 'beat', 'problem', 'help', 'glow']",golden glow bleach fruit cream vitamin one stop solution need wide like face bleach face oil lotion gel lip eye many beat problem help glow one stop solution need wide like face bleach face oil lotion gel lip eye many beat problem help glow,44,240
798,9993de7e2bcced43dc9edb3b2c81f23d,Oxyglow Golden Glow Radiance Anti Acne Facial Kit & Fruit Massage Cream With Vitamin-E 200gm,Beauty and Personal Care,"['golden', 'glow', 'anti', 'facial', 'kit', 'fruit', 'cream', 'vitamin', 'golden', 'glow', 'anti', 'facial', 'kit', 'fruit', 'cream', 'vitamin']",golden glow anti facial kit fruit cream vitamin golden glow anti facial kit fruit cream vitamin,16,95
799,5188dd28a627807407d93549580afb74,Rajrang Animal Cushions Cover,Home Furnishing,"['animal', 'cushion', 'cover']",animal cushion cover,3,20
800,93f45475c82bdee6df73c6e08011b7da,Lapguard SONY VAIO VGN-NW270DB_90 90 Adapter,Computers,"['power', 'cord', 'included', 'designed', 'power', 'charge', 'made', 'highest', 'part', 'similar', 'pass', 'like', 'rest', 'assured', 'note', 'actual', 'label', 'may', 'place', 'order', 'make', 'sure', 'correct', 'per', 'old', 'charger', 'old', 'power', 'volt', 'amp', 'watt', 'pin', 'tip', 'connector', 'designed', 'power', 'charge', 'made', 'highest', 'part', 'similar', 'pass', 'like', 'rest', 'assured', 'note', 'actual', 'label', 'may', 'place', 'order', 'make', 'sure', 'correct', 'per', 'old', 'charger', 'old', 'power', 'volt', 'amp', 'watt', 'pin', 'tip', 'connector']",power cord included designed power charge made highest part similar pass like rest assured note actual label may place order make sure correct per old charger old power volt amp watt pin tip connector designed power charge made highest part similar pass like rest assured note actual label may place order make sure correct per old charger old power volt amp watt pin tip connector,65,381
801,95ea40dc6c0e81407e13d70bd52a5c95,"Oxyglow Fruit Massage Cream With Vitamin-E & Aleo Vera, Apple Face Massage Gel",Beauty and Personal Care,"['fruit', 'cream', 'vitamin', 'vera', 'face', 'gel', 'fruit', 'cream', 'vitamin', 'vera', 'face', 'gel']",fruit cream vitamin vera face gel fruit cream vitamin vera face gel,12,67
802,020d2daba55a723128e4e07c0b0393a9,Oxyglow Fruit Massage Cream With Vitamin-E & Gold Facial Kit,Beauty and Personal Care,"['fruit', 'cream', 'vitamin', 'gold', 'facial', 'kit', 'fruit', 'cream', 'vitamin', 'gold', 'facial', 'kit']",fruit cream vitamin gold facial kit fruit cream vitamin gold facial kit,12,71
803,9f141b3c3d9096f5a897d01b48e3b360,Rega IT Hp Pavilion G6-1240SG G6-1241EA (65) 65 Adapter,Computers,['pavilion'],pavilion,1,8
804,648b52926285610670a756923b8a6f99,Oxyglow Fruit Massage Cream With Vitamin-E & Lip Balm,Beauty and Personal Care,"['fruit', 'cream', 'vitamin', 'lip', 'balm', 'fruit', 'cream', 'vitamin', 'lip', 'balm']",fruit cream vitamin lip balm fruit cream vitamin lip balm,10,57
805,0b793c1727ef52285a25dedf8b86626b,Oxyglow Bearberry Face Wash & Fruit Massage Cream With Vitamin-E,Beauty and Personal Care,"['face', 'fruit', 'cream', 'vitamin', 'face', 'fruit', 'cream', 'vitamin']",face fruit cream vitamin face fruit cream vitamin,8,49
806,9c06a95a82c3bd6635b9fe6e92b15902,Mxofere Combo Papaya Mixfruit Almond Honey Orange Rose Soap Kit,Beauty and Personal Care,"['papaya', 'almond', 'honey', 'rose', 'soap', 'kit', 'papaya', 'almond', 'honey', 'rose', 'soap', 'kit']",papaya almond honey rose soap kit papaya almond honey rose soap kit,12,67
807,d0af95243e993331c4357fdf90dc4692,Mxofere Combo Sandal Turmeric Almond Honey Jasmine Aloevera Mixfruit Soap Kit,Beauty and Personal Care,"['almond', 'honey', 'soap', 'kit', 'make', 'fresh', 'youthful', 'anti', 'septic', 'affect', 'anti', 'anti', 'fight', 'ray', 'blemish', 'oil', 'prevent', 'cell', 'keep', 'condition', 'clear', 'tone', 'note', 'soap', 'may', 'variant', 'stock', 'variant', 'without', 'prior', 'consult', 'doctor', 'used', 'kind', 'refund', 'make', 'fresh', 'youthful', 'anti', 'septic', 'affect', 'anti', 'anti', 'fight', 'ray', 'blemish', 'oil', 'prevent', 'cell', 'keep', 'condition', 'clear', 'tone', 'note', 'soap', 'may', 'variant', 'stock', 'variant', 'without', 'prior', 'consult', 'doctor', 'used', 'kind', 'refund']",almond honey soap kit make fresh youthful anti septic affect anti anti fight ray blemish oil prevent cell keep condition clear tone note soap may variant stock variant without prior consult doctor used kind refund make fresh youthful anti septic affect anti anti fight ray blemish oil prevent cell keep condition clear tone note soap may variant stock variant without prior consult doctor used kind refund,66,405
808,f9f9cd4297b6667488785c2794a754f5,Mxofere Combo Jasmine Papaya Almond Honey Orange Mixfruit Soap Kit,Beauty and Personal Care,"['papaya', 'almond', 'honey', 'soap', 'kit', 'make', 'fresh', 'youthful', 'anti', 'septic', 'affect', 'anti', 'anti', 'fight', 'ray', 'blemish', 'oil', 'prevent', 'cell', 'keep', 'condition', 'clear', 'tone', 'note', 'soap', 'may', 'variant', 'stock', 'variant', 'without', 'prior', 'consult', 'doctor', 'used', 'kind', 'refund', 'make', 'fresh', 'youthful', 'anti', 'septic', 'affect', 'anti', 'anti', 'fight', 'ray', 'blemish', 'oil', 'prevent', 'cell', 'keep', 'condition', 'clear', 'tone', 'note', 'soap', 'may', 'variant', 'stock', 'variant', 'without', 'prior', 'consult', 'doctor', 'used', 'kind', 'refund']",papaya almond honey soap kit make fresh youthful anti septic affect anti anti fight ray blemish oil prevent cell keep condition clear tone note soap may variant stock variant without prior consult doctor used kind refund make fresh youthful anti septic affect anti anti fight ray blemish oil prevent cell keep condition clear tone note soap may variant stock variant without prior consult doctor used kind refund,67,412
809,1d1be744e491ed61e705c20e4a72320d,Oxyglow Lacto Bleach & Fruit Massage Cream With Vitamin-E,Beauty and Personal Care,"['bleach', 'fruit', 'cream', 'vitamin', 'one', 'stop', 'solution', 'need', 'wide', 'like', 'face', 'bleach', 'face', 'oil', 'lotion', 'gel', 'lip', 'eye', 'many', 'beat', 'problem', 'help', 'glow', 'one', 'stop', 'solution', 'need', 'wide', 'like', 'face', 'bleach', 'face', 'oil', 'lotion', 'gel', 'lip', 'eye', 'many', 'beat', 'problem', 'help', 'glow']",bleach fruit cream vitamin one stop solution need wide like face bleach face oil lotion gel lip eye many beat problem help glow one stop solution need wide like face bleach face oil lotion gel lip eye many beat problem help glow,42,228
810,a1fa0e24b2249ffa81f688c4840f1eb8,Oxyglow Fruit Massage Cream With Vitamin-E & Shea Butter & Kokum Butter,Beauty and Personal Care,"['fruit', 'cream', 'vitamin', 'shea', 'butter', 'kokum', 'butter', 'fruit', 'cream', 'vitamin', 'shea', 'butter', 'kokum', 'butter']",fruit cream vitamin shea butter kokum butter fruit cream vitamin shea butter kokum butter,14,89
811,285075cfac3036e8d51591dfe5ba24ab,Raymond Abstract Double Blanket Pink,Home Furnishing,"['raymond', 'abstract', 'blanket', 'pink']",raymond abstract blanket pink,4,29
812,ffc2e1fc7c886ec09a331040ada038aa,Raymond Abstract Double Blanket Grey,Home Furnishing,"['raymond', 'abstract', 'blanket', 'grey']",raymond abstract blanket grey,4,29
813,39242e5488cf65d8d59eccb2b80e4a65,Raymond Abstract Double Blanket Green,Home Furnishing,"['raymond', 'abstract', 'blanket', 'green']",raymond abstract blanket green,4,30
814,414d2065e1aed847064bcf14538eabc8,Raymond Abstract Double Blanket Blue,Home Furnishing,"['raymond', 'abstract', 'blanket', 'blue']",raymond abstract blanket blue,4,29
815,ee6d5fe464237e85f61cc9128710ce32,Regent Analog 28 cm Dia Wall Clock,Home Decor Festive Needs,"['regent', 'analog', 'wall', 'clock', 'regent', 'analog', 'wall', 'clock']",regent analog wall clock regent analog wall clock,8,49
816,b362b56f7ee80dcfe9d8bb643df87007,eCraftIndia Analog 2.5 cm Dia Wall Clock,Home Decor Festive Needs,"['analog', 'wall', 'clock', 'analog', 'wall', 'clock']",analog wall clock analog wall clock,6,35
817,fc59187b2e011cf098ce420a0ee02e10,Raymond Abstract Double Blanket Red,Home Furnishing,"['raymond', 'abstract', 'blanket', 'red']",raymond abstract blanket red,4,28
818,7436c011ebdfd24b56a77893f210ed3b,Raymond Abstract Single Blanket Orange,Home Furnishing,"['raymond', 'abstract', 'blanket']",raymond abstract blanket,3,24
819,dcab5c08ed8e6c2fa039e01367390071,Raymond Abstract Single Blanket Purple,Home Furnishing,"['raymond', 'abstract', 'blanket']",raymond abstract blanket,3,24
820,00d84a518e0550612fcfcba3b02b6255,Mxofere Combo Rose Soap And Aloevera Lemon Facewash Kit,Beauty and Personal Care,"['rose', 'soap', 'lemon', 'kit', 'rose', 'soap', 'lemon', 'kit']",rose soap lemon kit rose soap lemon kit,8,39
821,ca82e1f23bb6cac66a32fce1c22534a3,Raymond Abstract Single Blanket Brown,Home Furnishing,"['raymond', 'abstract', 'blanket', 'brown']",raymond abstract blanket brown,4,30
822,3fd4d7ea04624ada39fde3957c7b9b7c,Bharatcraft Wall Hanging Of Lord Ganesha On A Creative Leaf Showpiece  -  34.29 cm,Home Decor Festive Needs,"['wall', 'lord', 'leaf', 'brass', 'height', 'wall', 'lord', 'leaf', 'brass', 'copper', 'wall', 'lord', 'made', 'brass', 'add', 'decor', 'style', 'brass', 'sure', 'guest', 'great', 'around', 'brass', 'handicraft', 'made', 'artisan', 'various', 'wall', 'lord', 'leaf', 'brass', 'copper', 'idol', 'brass', 'name', 'wall', 'lord', 'leaf', 'copper', 'height', 'depth']",wall lord leaf brass height wall lord leaf brass copper wall lord made brass add decor style brass sure guest great around brass handicraft made artisan various wall lord leaf brass copper idol brass name wall lord leaf copper height depth,41,239
823,697ad1d2e45c1af54cab7847cbe324d8,Firstrace 101-107 Analog Watch  - For Couple,Watches,"['analog', 'watch', 'analog', 'watch', 'india', 'great', 'discount']",analog watch analog watch india great discount,7,46
824,0ec47240feda42c63e42f1e9cee60f7a,SWHF Cotton Maroon Striped Eyelet Window & Door Curtain,Home Furnishing,"['maroon', 'eyelet', 'window', 'door', 'curtain', 'height', 'curtain', 'door', 'curtain', 'come', 'vibrant', 'print', 'made', 'come', 'act', 'great', 'accent', 'uplift', 'room', 'come', 'curtain', 'ring', 'door', 'curtain', 'come', 'vibrant', 'print', 'made', 'come', 'act', 'great', 'accent', 'uplift', 'room', 'come', 'curtain', 'ring']",maroon eyelet window door curtain height curtain door curtain come vibrant print made come act great accent uplift room come curtain ring door curtain come vibrant print made come act great accent uplift room come curtain ring,37,226
825,3a7b224bf1bc9cee9052f9c9df0355f6,CB Fashion 108-121 Analog Watch  - For Women,Watches,"['fashion', 'analog', 'watch', 'fashion', 'analog', 'watch', 'india', 'great', 'discount']",fashion analog watch fashion analog watch india great discount,9,62
826,700dfd088162ea00deda33123cd7f2da,Timex TI000I70600 Analog Watch  - For Men,Watches,"['analog', 'watch', 'men', 'analog', 'watch', 'men', 'india', 'stainless', 'back', 'case', 'round', 'dial', 'clasp', 'black', 'strap', 'great', 'discount']",analog watch men analog watch men india stainless back case round dial clasp black strap great discount,17,103
827,ad55b7ac6f7284b90d31a1a2f175df8d,meSleep Abstract Cushions Cover,Home Furnishing,"['abstract', 'cushion', 'cover']",abstract cushion cover,3,22
828,952a100cf3a5bdf2d655e9cdca0e9dd5,Casotec Lightning 272017A USB USB Cable,Computers,"['charger', 'sync', 'connect', 'pin', 'connector', 'micro', 'connector', 'io', 'android', 'connect', 'side', 'wall', 'charger', 'hub', 'charger', 'sync', 'data', 'make', 'bag', 'pull', 'end', 'release', 'store', 'without', 'charger', 'sync', 'connect', 'pin', 'connector', 'micro', 'connector', 'io', 'android', 'connect', 'side', 'wall', 'charger', 'hub', 'charger', 'sync', 'data', 'make', 'bag', 'pull', 'end', 'release', 'store', 'without']",charger sync connect pin connector micro connector io android connect side wall charger hub charger sync data make bag pull end release store without charger sync connect pin connector micro connector io android connect side wall charger hub charger sync data make bag pull end release store without,48,299
829,d86f260ff28af531443f822c11746521,Fonokase SU100 SU100 USB USB Charger,Computers,"['charger', 'charger']",charger charger,2,15
830,4354b7418ee0fab2fd9f8eb493556529,Memore Portable and Flexible MMULL-White USB Led Light,Computers,"['white', 'led', 'white', 'new', 'high', 'perfect', 'fit', 'weight', 'cover', 'clean', 'power', 'use', 'port', 'ultra', 'bright', 'low', 'power', 'weight', 'new', 'high', 'perfect', 'fit', 'weight', 'cover', 'clean', 'power', 'use', 'port', 'ultra', 'bright', 'low', 'power', 'weight']",white led white new high perfect fit weight cover clean power use port ultra bright low power weight new high perfect fit weight cover clean power use port ultra bright low power weight,33,185
831,95b0779b1a04ab70d62c72b53090c4b3,Orico USB 3.0 Hub with Card Reader H3TS-U3-BK USB USB Hub,Computers,"['hub', 'card', 'reader', 'hub', 'hub', 'card', 'reader', 'hub']",hub card reader hub hub card reader hub,8,39
832,078b35be31e8ac99b0cbb817dab4c23f,Bigkik Flexible Lamp Mini Portable Designer USB Led Light,Computers,"['lamp', 'mini', 'led', 'lamp', 'mini', 'led']",lamp mini led lamp mini led,6,27
833,6e7cc21610991cab64595af678e8eb5a,Tapawire Portable USB Flexible Stick Dimmable Touch Switch 10 Super Bright LED Reading Lamp B00 USB Led Light,Computers,"['stick', 'touch', 'switch', 'super', 'bright', 'led', 'lamp', 'led', 'stick', 'touch', 'switch', 'super', 'bright', 'led', 'lamp', 'led']",stick touch switch super bright led lamp led stick touch switch super bright led lamp led,16,89
834,00ed03657cedbe4663eff2d7fa702a33,"Crystle Crystle01 CRSTL - Bluecensor USB Led Light, USB Cable",Computers,"['led', 'led']",led led,2,7
835,c5720509a67da707afcb6f4f0282d529,Amaze Fashion Universal Portable Lamp PL014AMAZWH USB Led Light,Computers,"['fashion', 'lamp', 'led', 'fashion', 'lamp', 'led']",fashion lamp led fashion lamp led,6,33
836,9a9402ad55d079c86c302521816b7b0e,RRP Alpha X002 USB Led Light,Computers,"['led', 'pink', 'led', 'perfect', 'used', 'power', 'bank', 'compact', 'fit', 'position', 'use', 'power', 'limited', 'whole', 'area', 'around', 'led', 'perfect', 'used', 'power', 'bank', 'compact', 'fit', 'position', 'use', 'power', 'limited', 'whole', 'area', 'around']",led pink led perfect used power bank compact fit position use power limited whole area around led perfect used power bank compact fit position use power limited whole area around,30,178
837,28e3f1e490cfc4b47bfb50671ff93283,Casotec Plexible LED Light 275012 Led Light USB Led Light,Computers,"['led', 'led', 'led', 'led', 'led', 'led']",led led led led led led,6,23
838,e426290a8f57e82680275bb91df91ad1,Techone+ Flexible SE122103-GREEN USB Led Light,Computers,"['green', 'led', 'green', 'power', 'bank', 'port', 'adaptor', 'pin', 'board', 'port', 'power', 'bank', 'port', 'adaptor', 'pin', 'board', 'port']",green led green power bank port adaptor pin board port power bank port adaptor pin board port,17,93
839,fc9a650d545a50c72556bed0df59efa1,Himtek light led 1 USB Led Light,Computers,"['led', 'led', 'led', 'led']",led led led led,4,15
840,812bfd40e47dfde2ff5326e899b42577,RRP Born To Have Lxs-001 USB Led Light,Computers,"['born', 'led', 'led', 'perfect', 'used', 'power', 'bank', 'compact', 'fit', 'position', 'use', 'power', 'limited', 'whole', 'area', 'around', 'led', 'perfect', 'used', 'power', 'bank', 'compact', 'fit', 'position', 'use', 'power', 'limited', 'whole', 'area', 'around']",born led led perfect used power bank compact fit position use power limited whole area around led perfect used power bank compact fit position use power limited whole area around,30,178
841,01089dc3618a0ab7304d784ef400b83d,KLIQVIK SIX PORT USB HUB FOR I PHONE 4 MOBILES TR-256 USB USB Hub,Computers,"['six', 'port', 'hub', 'phone', 'hub', 'six', 'port', 'hub', 'phone', 'hub']",six port hub phone hub six port hub phone hub,10,45
842,de47d0cc0c4875fb97530f66d934c894,KLIQVIK SIX PORT USB HUB FOR SAMSUNG MOBILES TR-252 USB USB Hub,Computers,"['six', 'port', 'hub', 'hub', 'six', 'port', 'hub', 'hub']",six port hub hub six port hub hub,8,33
843,e86daf9ebcdfc5c5dd088cdb7f8f8db6,Epresent Mfan 1 Fan USB USB Fan,Computers,"['fan', 'fan', 'fan', 'fan']",fan fan fan fan,4,15
844,2c475daafe597ed93c1e27fcaa38d8cc,Task Logistics Audio Receiver H-366 USB Bluetooth,Computers,"['task', 'audio', 'task', 'audio']",task audio task audio,4,21
845,9e90fb6c7870637b6f794e4b4c26bd7e,Feetje Trousers,Baby Care,"['trouser', 'blue', 'trouser', 'india', 'shop', 'apparel', 'huge', 'collection']",trouser blue trouser india shop apparel huge collection,8,55
846,82466269245f199d7f850509307a497b,LUV LUV MP3 PLAYER MP3 RED PLAYER USB Sound Card,Computers,"['player', 'red', 'player', 'sound', 'card', 'player', 'red', 'player', 'sound', 'card']",player red player sound card player red player sound card,10,57
847,4f708bc74c4d29b2967dc38a1f5ae6d5,Rock Rocket Desktop Charger 6950290687051 USB USB Hub,Computers,"['rock', 'rocket', 'charger', 'hub', 'rock', 'rocket', 'charger', 'hub']",rock rocket charger hub rock rocket charger hub,8,47
848,41dccf212ff447cd7213a2b1e669e406,Generix HDMI Female To Female Coupler Jointer Adapter Extender Gender Changer gx-hdmi-coupler USB HDMI Connector,Computers,"['coupler', 'jointer', 'gender', 'changer', 'coupler', 'connector', 'coupler', 'jointer', 'gender', 'changer', 'coupler', 'connector']",coupler jointer gender changer coupler connector coupler jointer gender changer coupler connector,12,97
849,c612bdfa459e1e2f20d57348336c24be,QP360 Kid Fan 01 MLY2015 USB USB Fan,Computers,"['kid', 'fan', 'fan', 'kid', 'fan', 'fan']",kid fan fan kid fan fan,6,23
850,fc009e0b404034e5ea065ba980917f33,"Techone+ Portable Power Bank, and Laptops_2 set USB Led Light",Computers,"['power', 'bank', 'led', 'power', 'bank', 'led']",power bank led power bank led,6,29
851,9da942796e9fac272db50b2f7546b94a,Zaicus Itag Bluetooth Tracer Anti Lost Alarm Remote Shutter Voice Recorder Connect With 10 Units 5692 USB Bluetooth,Computers,"['anti', 'alarm', 'connect', 'green', 'version', 'low', 'phone', 'mini', 'air', 'system', 'version', 'grade', 'version', 'foot', 'without', 'barrier', 'wallet', 'car', 'kid', 'pet', 'bag', 'lithium', 'coin', 'time', 'month', 'net', 'weight', 'gram', 'unit', 'english', 'french', 'spanish', 'tracker', 'manual', 'version', 'low', 'phone', 'mini', 'air', 'system', 'version', 'grade', 'version', 'foot', 'without', 'barrier', 'wallet', 'car', 'kid', 'pet', 'bag', 'lithium', 'coin', 'time', 'month', 'net', 'weight', 'gram', 'unit', 'english', 'french', 'spanish', 'tracker', 'manual']",anti alarm connect green version low phone mini air system version grade version foot without barrier wallet car kid pet bag lithium coin time month net weight gram unit english french spanish tracker manual version low phone mini air system version grade version foot without barrier wallet car kid pet bag lithium coin time month net weight gram unit english french spanish tracker manual,64,390
852,70af4c3c05688d8400632e134f258b98,Memore Portable and Flexible LED Light Lamp MMULL-SkyBlue USB Led Light,Computers,"['led', 'lamp', 'led', 'blue', 'new', 'high', 'perfect', 'fit', 'weight', 'cover', 'clean', 'power', 'use', 'port', 'ultra', 'bright', 'low', 'power', 'weight', 'new', 'high', 'perfect', 'fit', 'weight', 'cover', 'clean', 'power', 'use', 'port', 'ultra', 'bright', 'low', 'power', 'weight']",led lamp led blue new high perfect fit weight cover clean power use port ultra bright low power weight new high perfect fit weight cover clean power use port ultra bright low power weight,34,187
853,146b0d570d5ab4e27629d48533b7680d,RRP Lamp For Computer Keyboard Tslplt02 USB Led Light,Computers,"['lamp', 'keyboard', 'led', 'green', 'led', 'perfect', 'used', 'power', 'bank', 'compact', 'fit', 'position', 'use', 'power', 'limited', 'whole', 'area', 'around', 'led', 'perfect', 'used', 'power', 'bank', 'compact', 'fit', 'position', 'use', 'power', 'limited', 'whole', 'area', 'around']",lamp keyboard led green led perfect used power bank compact fit position use power limited whole area around led perfect used power bank compact fit position use power limited whole area around,32,193
854,136f213080426c35520f1b1540c4a390,KLIQVIK SIX PORT USB HUB FOR ANDROID MOBILES TR-250 USB USB Hub,Computers,"['six', 'port', 'hub', 'android', 'hub', 'six', 'port', 'hub', 'android', 'hub']",six port hub android hub six port hub android hub,10,49
855,7cdc62f8d3f7ab8b9d2dddc14c86de83,"Akshaj Lightweight Flexible Portable Adjustable With 50000 Hours Life For Keyboard Laptop Pc Notebook Power Bank, Book Reading Work Bed USB Led Light",Computers,"['lightweight', 'hour', 'life', 'keyboard', 'notebook', 'power', 'bank', 'book', 'work', 'bed', 'led', 'lightweight', 'hour', 'life', 'keyboard', 'notebook', 'power', 'bank', 'book', 'work', 'bed', 'led']",lightweight hour life keyboard notebook power bank book work bed led lightweight hour life keyboard notebook power bank book work bed led,22,137
856,568f331e1039bf2e0635b899c2b3248f,Lifestyle-You IG43_04 USB USB Fan,Computers,"['fan', 'yellow', 'fan', 'air', 'cooling', 'fan', 'blade', 'strong', 'wind', 'plug', 'port', 'pencil', 'included', 'use', 'electric', 'power', 'common', 'charger', 'top', 'included', 'blade', 'safe', 'touch', 'even', 'fan', 'fan', 'instant', 'cooling', 'switch', 'turn', 'fan', 'nice', 'desk', 'summer', 'colour', 'per', 'taken', 'actual', 'stock', 'fan', 'air', 'cooling', 'fan', 'blade', 'strong', 'wind', 'plug', 'port', 'pencil', 'included', 'use', 'electric', 'power', 'common', 'charger', 'top', 'included', 'blade', 'safe', 'touch', 'even', 'fan', 'fan', 'instant', 'cooling', 'switch', 'turn', 'fan', 'nice', 'desk', 'summer', 'colour', 'per', 'taken', 'actual', 'stock']",fan yellow fan air cooling fan blade strong wind plug port pencil included use electric power common charger top included blade safe touch even fan fan instant cooling switch turn fan nice desk summer colour per taken actual stock fan air cooling fan blade strong wind plug port pencil included use electric power common charger top included blade safe touch even fan fan instant cooling switch turn fan nice desk summer colour per taken actual stock,76,450
857,a41371b2f8859b015031f0d5eda5184c,99Gems Smart OTG Connection kit USB USB Cable,Computers,"['smart', 'kit', 'black', 'work', 'smart', 'phone', 'function', 'connect', 'keyboard', 'flash', 'drive', 'phone', 'tablet', 'small', 'plug', 'play', 'almost', 'support', 'work', 'smart', 'phone', 'function', 'connect', 'keyboard', 'flash', 'drive', 'phone', 'tablet', 'small', 'plug', 'play', 'almost', 'support']",smart kit black work smart phone function connect keyboard flash drive phone tablet small plug play almost support work smart phone function connect keyboard flash drive phone tablet small plug play almost support,33,213
858,fffa2117a4006d4a848eb7d5b80d4816,De TechInn Flexible wire powered by 13 USB Led Light,Computers,"['wire', 'led', 'wire', 'led']",wire led wire led,4,17
859,eedee8680f0ed35dcf612c6774affe83,Crystle Crstl - Pink Crystle01 USB Led Light,Computers,"['pink', 'led', 'pink', 'led']",pink led pink led,4,17
860,6136976dc5a433cdf8e2559b8510bdce,Dizionario Mini Perfume Fan Cooling Fancoolerbl USB USB Fan,Computers,"['mini', 'fan', 'cooling', 'fan', 'mini', 'fan', 'cooling', 'fan']",mini fan cooling fan mini fan cooling fan,8,41
861,ad08a6efe82576ab162a9336feff647f,Kensington 33399EU USB USB Hub,Computers,"['kensington', 'hub', 'kensington', 'hub']",kensington hub kensington hub,4,29
862,832a66ce379b4c98fd3d748eebd7ae4c,Techone+ Portable SE122103-WHITE USB Led Light,Computers,"['white', 'led', 'white', 'power', 'bank', 'port', 'adaptor', 'pin', 'board', 'port', 'power', 'bank', 'port', 'adaptor', 'pin', 'board', 'port']",white led white power bank port adaptor pin board port power bank port adaptor pin board port,17,93
863,112a8a56ee40ee31ea06fb7ff23b5c25,meSleep Animal Cushions Cover,Home Furnishing,"['animal', 'cushion', 'cover']",animal cushion cover,3,20
864,19d2dbc1789653c58bce08c169662cf2,RCE HP ProBook 4430s 6 Cell Laptop Battery,Computers,['cell'],cell,1,4
865,8f41c6931b5220c2bb34d1cab21cb220,kawal fashion Pyjama Baby Girl's  Combo,Baby Care,"['fashion', 'pyjama', 'apparel', 'month', 'style', 'code']",fashion pyjama apparel month style code,6,39
866,a11773bc4188f1c6226b941ec61c2024,Sivanna Baking Powder Rouge  Highlighter,Beauty and Personal Care,"['powder', 'dark', 'pink', 'brown', 'shimmer', 'trait', 'organic', 'shade', 'dark', 'pink', 'brown', 'shimmer', 'compact', 'case', 'trait', 'powder']",powder dark pink brown shimmer trait organic shade dark pink brown shimmer compact case trait powder,16,100
867,2c8912b849cf73676d025aa99203b6d1,Lula Baby Girl's Dark Blue Bodysuit,Baby Care,"['lula', 'dark', 'blue', 'fabric', 'royal', 'blue', 'lula', 'dark', 'blue', 'lula', 'designed', 'like', 'rose', 'petal', 'wear', 'made', 'comfort', 'standard', 'lula', 'hook', 'component', 'ever', 'used', 'garment', 'lula', 'dark', 'blue', 'snap', 'button', 'full', 'content', 'age', 'group', 'month', 'fabric', 'pattern', 'solid', 'neck', 'round', 'neck', 'hood', 'fabric', 'hand', 'lukewarm', 'use', 'mild', 'bleach', 'line', 'shade', 'medium', 'iron', 'dark', 'colour']",lula dark blue fabric royal blue lula dark blue lula designed like rose petal wear made comfort standard lula hook component ever used garment lula dark blue snap button full content age group month fabric pattern solid neck round neck hood fabric hand lukewarm use mild bleach line shade medium iron dark colour,53,312
868,4f6006b716c6546033fbaf9ff32de577,Jums Cotton Bath Towel,Home Furnishing,"['bath', 'towel', 'premium', 'bath', 'towel', 'smooth', 'bath', 'towel', 'must', 'bath', 'linen', 'collection', 'smooth', 'bath', 'towel', 'must', 'bath', 'linen', 'collection']",bath towel premium bath towel smooth bath towel must bath linen collection smooth bath towel must bath linen collection,19,119
869,d218c32df572e82db50faecd62179db2,Homec Geometric Cushions Cover,Home Furnishing,"['geometric', 'cushion', 'cover', 'green', 'cushion', 'cover', 'green', 'cushion', 'cover', 'green']",geometric cushion cover green cushion cover green cushion cover green,10,69
870,9e81a24714e06b0ca9b4fed8cae42611,Bianca Cotton Face Towel Set,Home Furnishing,"['face', 'towel', 'face', 'towel', 'yellow', 'face', 'towel', 'soft', 'every', 'hand', 'premium', 'hand', 'towel', 'perfect', 'face', 'towel', 'soft', 'every', 'hand', 'premium', 'hand', 'towel', 'perfect']",face towel face towel yellow face towel soft every hand premium hand towel perfect face towel soft every hand premium hand towel perfect,23,136
871,736191946aaeaa637a0865a42c18b580,Zikrak Exim Floral Cushions Cover,Home Furnishing,"['floral', 'cushion', 'cover']",floral cushion cover,3,20
872,7b1dd192151777c246a1c4e1fe0ddb4c,Trident Cotton Set of Towels,Home Furnishing,"['trident', 'towel', 'bath', 'towel', 'blue', 'pink', 'trident', 'bath', 'towel', 'great', 'pamper', 'refreshing', 'shower', 'towel', 'two', 'well', 'bathroom', 'decor', 'bath', 'linen', 'collection', 'towel', 'towel', 'lightweight', 'high', 'towel', 'comfort', 'warmth', 'made', 'towel', 'soft', 'take', 'wrap', 'comfort', 'towel', 'bath', 'towel', 'trident', 'bath', 'towel', 'great', 'pamper', 'refreshing', 'shower', 'towel', 'two', 'well', 'bathroom', 'decor', 'bath', 'linen', 'collection', 'towel', 'towel', 'lightweight', 'high', 'towel', 'comfort', 'warmth', 'made', 'towel', 'soft', 'take', 'wrap', 'comfort', 'towel', 'bath', 'towel']",trident towel bath towel blue pink trident bath towel great pamper refreshing shower towel two well bathroom decor bath linen collection towel towel lightweight high towel comfort warmth made towel soft take wrap comfort towel bath towel trident bath towel great pamper refreshing shower towel two well bathroom decor bath linen collection towel towel lightweight high towel comfort warmth made towel soft take wrap comfort towel bath towel,68,440
873,159b45e4dede207f28319bf1cacee3bc,MSenterprises Floral Cushions Cover,Home Furnishing,"['floral', 'cushion', 'cover', 'brown', 'cushion', 'cover', 'cushion', 'cover']",floral cushion cover brown cushion cover cushion cover,8,54
874,da8017c195b3bfa4ef002968a3542707,Mafatlal Cotton Bath Towel,Home Furnishing,"['bath', 'towel']",bath towel,2,10
875,e56ffc10078972b5f4e7302383db8d72,Nikunj Abstract Cushions Cover,Home Furnishing,"['abstract', 'cushion', 'cover', 'grey', 'cushion', 'cover', 'made', 'superior', 'fabric', 'level', 'comfort', 'along', 'grace', 'interior', 'cushion', 'cover', 'made', 'superior', 'fabric', 'level', 'comfort', 'along', 'grace', 'interior']",abstract cushion cover grey cushion cover made superior fabric level comfort along grace interior cushion cover made superior fabric level comfort along grace interior,24,167
876,f3dec6a97225941bf9c3213e73943bd3,Textile India Paisley Double Quilts & Comforters Green,Home Furnishing,"['india', 'paisley', 'quilt', 'green']",india paisley quilt green,4,25
877,c943647eee4de99fc1b4e233b9a7f47d,Nkp Cotton Bath Towel,Home Furnishing,"['bath', 'towel']",bath towel,2,10
878,dc777afc918f513a7253187e00a11948,Woven Terry Cotton Bath Towel,Home Furnishing,"['woven', 'bath', 'towel', 'bath', 'towel', 'colour', 'soft', 'bath', 'towel', 'soft', 'bath', 'towel']",woven bath towel bath towel colour soft bath towel soft bath towel,12,66
879,fc976caafdebbab15560dad48bc6ff0f,Casa Copenhagen Set of Towels,Home Furnishing,['towel'],towel,1,5
880,fc3eb6ffed257270c26943e9f9c347b9,Maspar Cotton Set of Towels,Home Furnishing,"['towel', 'one', 'beach', 'towel', 'red', 'percent', 'soft', 'percent', 'soft']",towel one beach towel red percent soft percent soft,9,51
881,b6c4cb6a29dcbaf7fa958f04c8215547,Sassoon Cotton Bath Towel,Home Furnishing,"['bath', 'towel', 'red', 'towel', 'towel']",bath towel red towel towel,5,26
882,a6c820b76bc29bbe2d85eecad3de03f8,Mandhania Cotton Bath Towel,Home Furnishing,"['bath', 'towel']",bath towel,2,10
883,7bbcbd91b8865a9f7b254760e5e2e10a,Shagun Gold Tea Tree Essential Aroma Therapy Oil,Baby Care,"['gold', 'tea', 'tree', 'aroma', 'oil', 'tea', 'tree', 'oil', 'derived', 'leaf', 'tea', 'tree', 'tea', 'tree', 'eighteenth', 'sailor', 'made', 'tea', 'like', 'nutmeg', 'leaf', 'tree', 'southeast', 'australian', 'coast', 'tea', 'tree', 'unrelated', 'common', 'tea', 'plant', 'used', 'make', 'black', 'green', 'tea', 'tea', 'tree', 'oil', 'derived', 'leaf', 'tea', 'tree', 'tea', 'tree', 'eighteenth', 'sailor', 'made', 'tea', 'like', 'nutmeg', 'leaf', 'tree', 'southeast', 'australian', 'coast', 'tea', 'tree', 'unrelated', 'common', 'tea', 'plant', 'used', 'make', 'black', 'green', 'tea']",gold tea tree aroma oil tea tree oil derived leaf tea tree tea tree eighteenth sailor made tea like nutmeg leaf tree southeast australian coast tea tree unrelated common tea plant used make black green tea tea tree oil derived leaf tea tree tea tree eighteenth sailor made tea like nutmeg leaf tree southeast australian coast tea tree unrelated common tea plant used make black green tea,67,387
884,d395b2f3d13ff8897f403c6141e0e39a,Amber Cotton Set of Towels,Home Furnishing,['towel'],towel,1,5
885,a30aa3b765b613c158fd3a295ed934fa,Bagru Crafts Cotton Set of Towels,Home Furnishing,"['craft', 'towel']",craft towel,2,11
886,ee27bc4719ae58c5cb3f1dede61fcf54,Jaipur Raga Floral Double Quilts & Comforters Red,Home Furnishing,"['raga', 'floral', 'quilt', 'red']",raga floral quilt red,4,21
887,456ec612b30d4b091639843cdb66bf54,SSCP Pine Oil,Beauty and Personal Care,"['pine', 'oil', 'pine', 'oil', 'mental', 'sexual', 'invigorating', 'effect', 'area', 'great', 'vapor', 'sick', 'room', 'used', 'cut', 'sore', 'help', 'rheumatism', 'gout', 'muscular', 'pain', 'help', 'case', 'asthma', 'catarrh', 'cough', 'cold', 'flu', 'eas', 'pine', 'oil', 'mental', 'sexual', 'invigorating', 'effect', 'area', 'great', 'vapor', 'sick', 'room', 'used', 'cut', 'sore', 'help', 'rheumatism', 'gout', 'muscular', 'pain', 'help', 'case', 'asthma', 'catarrh', 'cough', 'cold', 'flu', 'eas']",pine oil pine oil mental sexual invigorating effect area great vapor sick room used cut sore help rheumatism gout muscular pain help case asthma catarrh cough cold flu eas pine oil mental sexual invigorating effect area great vapor sick room used cut sore help rheumatism gout muscular pain help case asthma catarrh cough cold flu eas,56,334
888,f0bc8dff0e2ef0b75f1c78b4f67bcd63,Trident Cotton Face Towel,Home Furnishing,"['trident', 'face', 'towel', 'hand', 'towel', 'face', 'towel', 'yellow', 'right', 'kind', 'towel', 'hard', 'come', 'good', 'might', 'might', 'well', 'towel', 'would', 'soft', 'last', 'long', 'colour', 'see', 'colour', 'right', 'kind', 'towel', 'hard', 'come', 'good', 'might', 'might', 'well', 'towel', 'would', 'soft', 'last', 'long', 'colour', 'see', 'colour']",trident face towel hand towel face towel yellow right kind towel hard come good might might well towel would soft last long colour see colour right kind towel hard come good might might well towel would soft last long colour see colour,42,235
889,b454f9f449c9dff58b90113ba984ea98,Intex Kids Inflatable Air Chair,Baby Care,"['kid', 'air', 'chair', 'kid', 'air', 'chair']",kid air chair kid air chair,6,27
890,72db37ec42ee76d79cf395221e0f4cce,IWS Cotton Bath Towel,Home Furnishing,"['bath', 'towel']",bath towel,2,10
891,463492671c5c19316a0fb9fe1c53da48,LukLuck Cotton Bath Towel,Home Furnishing,"['bath', 'towel', 'bath', 'towel', 'made', 'fine', 'towel', 'soft', 'towel', 'super', 'made', 'fine', 'towel', 'soft', 'towel', 'super']",bath towel bath towel made fine towel soft towel super made fine towel soft towel super,16,87
892,6858fd9265d348803b18667fe43cd054,MB Cotton Set of Towels,Home Furnishing,['towel'],towel,1,5
893,526cb1e7675adb39a1ea68f1f2a3fd59,Durga Home Trendz Cotton Hand Towel,Home Furnishing,"['hand', 'towel', 'hand', 'towel', 'yellow', 'yellow', 'hand', 'towel', 'use', 'soft', 'yellow', 'hand', 'towel', 'use', 'soft']",hand towel hand towel yellow yellow hand towel use soft yellow hand towel use soft,15,82
894,3ddd2f062730c2aea8bb8843d5a96125,Right Abstract Cushions Cover,Home Furnishing,"['right', 'abstract', 'cushion', 'cover', 'black', 'white', 'satin', 'cushion', 'cover', 'right', 'interior', 'satin', 'cushion', 'cover', 'right', 'interior']",right abstract cushion cover black white satin cushion cover right interior satin cushion cover right interior,16,110
895,597a9549a3e397d52dca62ee47b1f60a,Just Linen Cotton Bath Towel,Home Furnishing,"['linen', 'bath', 'towel', 'bath', 'towel', 'plain', 'trick', 'classic', 'super', 'soft', 'bath', 'towel', 'loop', 'thread', 'thick', 'line', 'either', 'end', 'towel', 'short', 'loop', 'quick', 'kid', 'towel', 'perfect', 'kid', 'bath', 'linen', 'collection', 'plain', 'trick', 'classic', 'super', 'soft', 'bath', 'towel', 'loop', 'thread', 'thick', 'line', 'either', 'end', 'towel', 'short', 'loop', 'quick', 'kid', 'towel', 'perfect', 'kid', 'bath', 'linen', 'collection']",linen bath towel bath towel plain trick classic super soft bath towel loop thread thick line either end towel short loop quick kid towel perfect kid bath linen collection plain trick classic super soft bath towel loop thread thick line either end towel short loop quick kid towel perfect kid bath linen collection,53,313
896,2eb07dc77e2fc7e3668fd7ed9b864039,Rustic India Geometric Cushions Cover,Home Furnishing,"['rustic', 'india', 'geometric', 'cushion', 'cover', 'black', 'let', 'guest', 'fine', 'bring', 'cushion', 'cover', 'rustic', 'india', 'black', 'cushion', 'cover', 'eye', 'geometric', 'print', 'hard', 'velvet', 'fabric', 'make', 'look', 'let', 'guest', 'fine', 'bring', 'cushion', 'cover', 'rustic', 'india', 'black', 'cushion', 'cover', 'eye', 'geometric', 'print', 'hard', 'velvet', 'fabric', 'make', 'look']",rustic india geometric cushion cover black let guest fine bring cushion cover rustic india black cushion cover eye geometric print hard velvet fabric make look let guest fine bring cushion cover rustic india black cushion cover eye geometric print hard velvet fabric make look,44,276
897,e1e2883b6845cb214ec8d365cd496008,NKP Cotton Hand Towel,Home Furnishing,"['hand', 'towel', 'hand', 'towel', 'white', 'high', 'bleach', 'use', 'hang', 'dark', 'colour', 'hand', 'towel', 'made', 'fabric', 'give', 'soft', 'feel', 'hand', 'high', 'bleach', 'use', 'hang', 'dark', 'colour', 'hand', 'towel', 'made', 'fabric', 'give', 'soft', 'feel', 'hand']",hand towel hand towel white high bleach use hang dark colour hand towel made fabric give soft feel hand high bleach use hang dark colour hand towel made fabric give soft feel hand,33,179
898,4b03cdfc7d1135c972e5c620dd7da66c,KDS SURGICAL Tripod Walking Stick,Beauty and Personal Care,"['tripod', 'stick', 'stick', 'tripod', 'iron', 'plastic', 'grey', 'height', 'weight']",tripod stick stick tripod iron plastic grey height weight,9,57
899,f0ab5f12bd777e28a401a728fcb93a4b,Bharatcraft Showpiece  -  5 cm,Home Decor Festive Needs,"['height', 'brown', 'golden', 'king', 'money', 'frog', 'made', 'high', 'earth', 'suit', 'use', 'period', 'earth', 'period', 'money', 'frog', 'bed', 'full', 'wealth', 'head', 'represent', 'throne', 'right', 'throne', 'brown', 'brown', 'height', 'depth']",height brown golden king money frog made high earth suit use period earth period money frog bed full wealth head represent throne right throne brown brown height depth,28,167
900,d3f4a4336324a3d180de23df1e75b9b7,Loreal Diarichesse No- 5 Light Brown ( Pack of 3 )With 20 Vol 6 % Developer Hair Color,Beauty and Personal Care,"['loreal', 'brown', 'vol', 'hair', 'loreal', 'brown', 'vol', 'tone', 'tone', 'cover', 'white', 'hair', 'deep', 'reflex', 'pastel', 'hair', 'ammonia', 'hair', 'radiant', 'bright', 'loreal', 'brown', 'vol', 'hair', 'brown', 'loreal', 'brown', 'vol', 'tone', 'tone', 'cover', 'white', 'hair', 'deep', 'reflex', 'pastel', 'ammonia', 'hair', 'radiant', 'bright', 'loreal', 'brown', 'vol', 'hair', 'brown', 'hair', 'trait', 'ammonia', 'trait', 'men', 'brown', 'tube']",loreal brown vol hair loreal brown vol tone tone cover white hair deep reflex pastel hair ammonia hair radiant bright loreal brown vol hair brown loreal brown vol tone tone cover white hair deep reflex pastel ammonia hair radiant bright loreal brown vol hair brown hair trait ammonia trait men brown tube,52,304
901,5c0fe2919e49f30aff91d46800cdf149,@home Earthy Wine Net Ceramic Vase,Home Decor Festive Needs,"['wine', 'net', 'vase', 'maroon', 'wine', 'net', 'vase', 'pink', 'vase', 'wine', 'net', 'wine', 'net', 'vase', 'pink', 'name', 'wine', 'net', 'pink', 'height', 'depth', 'shape', 'tumbler', 'vase']",wine net vase maroon wine net vase pink vase wine net wine net vase pink name wine net pink height depth shape tumbler vase,24,123
902,4b59516432fbc3d61e8e58d547fde431,Prisha India Craft m_jug015-1-prishaindia Water Jug,Kitchen Dining,"['india', 'craft', 'jug', 'time', 'world', 'countryman', 'high', 'tablet', 'even', 'minor', 'problem', 'spreading', 'saint', 'even', 'doctor', 'found', 'method', 'deal', 'disorder', 'problem', 'store', 'copper', 'utensil', 'overnight', 'drink', 'four', 'glass', 'every', 'india', 'craft', 'jug', 'time', 'world', 'countryman', 'high', 'tablet', 'even', 'minor', 'problem', 'spreading', 'saint', 'even', 'doctor', 'found', 'method', 'deal', 'disorder', 'problem', 'store', 'copper', 'utensil', 'overnight', 'drink', 'four', 'glass', 'every', 'mouth', 'brush', 'take', 'tea', 'least', 'patient', 'drink', 'four', 'glass', 'time', 'start', 'world', 'method', 'drink', 'person', 'india', 'craft', 'jug', 'india', 'craft', 'jug', 'jug', 'copper', 'name', 'copper', 'weight', 'height', 'jug']",india craft jug time world countryman high tablet even minor problem spreading saint even doctor found method deal disorder problem store copper utensil overnight drink four glass every india craft jug time world countryman high tablet even minor problem spreading saint even doctor found method deal disorder problem store copper utensil overnight drink four glass every mouth brush take tea least patient drink four glass time start world method drink person india craft jug india craft jug jug copper name copper weight height jug,84,533
903,a060b5acc6e3fb814769805db61f589b,BRANDWAGON DIGIPRINT Digital Reprint Painting,Home Decor Festive Needs,"['reprint', 'painting', 'painting', 'reprint', 'painting', 'first', 'thing', 'come', 'mind', 'think', 'comfort', 'perfect', 'right', 'let', 'decor', 'collection', 'item', 'transform', 'reprint', 'painting', 'shape', 'rectangular', 'frame', 'frame', 'included', 'painting', 'reprint', 'name', 'painting', 'theme', 'modern', 'art', 'wall', 'mount', 'frame', 'artist', 'name', 'weight', 'height', 'limited', 'defect', 'year', 'domestic', 'cover', 'bag', 'due', 'improper', 'normal', 'wear', 'tear', 'magnetic', 'head', 'audio', 'video', 'laser', 'pick', 'tube', 'wall', 'painting']",reprint painting painting reprint painting first thing come mind think comfort perfect right let decor collection item transform reprint painting shape rectangular frame frame included painting reprint name painting theme modern art wall mount frame artist name weight height limited defect year domestic cover bag due improper normal wear tear magnetic head audio video laser pick tube wall painting,59,400
904,a541b3aba326d7749b4c086c3cea9273,Relaxfeel Floral Single Dohar White,Baby Care,"['floral', 'white', 'white', 'height', 'floral', 'white', 'good', 'collection', 'good', 'summer', 'winter', 'well', 'high', 'soft', 'warm', 'perfect', 'use', 'give', 'look', 'season', 'used', 'room', 'floral', 'white', 'hand', 'white', 'floral', 'room', 'inner', 'name', 'outer', 'weight', 'depth', 'content']",floral white white height floral white good collection good summer winter well high soft warm perfect use give look season used room floral white hand white floral room inner name outer weight depth content,34,206
905,d136aa676ef52b09eab65762940957fe,scarlet tanager bird normal POSTER Paper Print,Home Decor Festive Needs,"['scarlet', 'bird', 'normal', 'poster', 'paper', 'print', 'animal', 'scarlet', 'bird', 'normal', 'poster', 'paper', 'print', 'paper', 'depth', 'height', 'poster', 'animal', 'black', 'white', 'poster', 'paper', 'paper', 'print', 'poster', 'content', 'poster']",scarlet bird normal poster paper print animal scarlet bird normal poster paper print paper depth height poster animal black white poster paper paper print poster content poster,27,176
906,9b00cab981ab825158c05c9e54b866d4,good-night-angel-sleep-well-pics Paper Print,Home Decor Festive Needs,"['good', 'night', 'angel', 'sleep', 'well', 'pic', 'paper', 'print', 'good', 'proof', 'good', 'paper', 'long', 'lasting', 'good', 'night', 'angel', 'sleep', 'well', 'pic', 'paper', 'print', 'poster', 'made', 'high', 'paper', 'well', 'art', 'good', 'night', 'angel', 'sleep', 'well', 'pic', 'paper', 'print', 'paper', 'depth', 'weight', 'height', 'poster', 'shape', 'black', 'white', 'poster', 'paper', 'paper', 'print', 'paper', 'finish', 'artist', 'name', 'poster', 'frame', 'content', 'poster']",good night angel sleep well pic paper print good proof good paper long lasting good night angel sleep well pic paper print poster made high paper well art good night angel sleep well pic paper print paper depth weight height poster shape black white poster paper paper print paper finish artist name poster frame content poster,56,327
907,480d24adbc304a52a4e01e45bf8bbccc,Fs Mini Klub Baby Boy's Woven Casual Shirt,Baby Care,"['mini', 'woven', 'casual', 'shirt', 'fit', 'regular', 'fabric', 'western', 'wear', 'half', 'mini', 'woven', 'casual', 'shirt', 'pattern', 'woven', 'occasion', 'casual', 'shirt', 'half', 'content', 'fit', 'regular', 'fabric', 'fit', 'regular', 'fabric', 'similar', 'style', 'code']",mini woven casual shirt fit regular fabric western wear half mini woven casual shirt pattern woven occasion casual shirt half content fit regular fabric fit regular fabric similar style code,30,190
908,a445d1f73be8f81dd902fd5dc8529416,Cotton On Kids Baby Boy's Printed Casual Shirt,Baby Care,"['kid', 'casual', 'shirt', 'pattern', 'occasion', 'casual', 'shirt', 'half', 'content', 'fit', 'regular', 'fabric', 'fit', 'regular', 'style', 'code']",kid casual shirt pattern occasion casual shirt half content fit regular fabric fit regular style code,16,101
909,3aaa50eb5d2cf4c18b57346423871624,Portia Hat,Baby Care,"['portia', 'hat', 'pink', 'content']",portia hat pink content,4,23
910,23b0bdd337f7d1b4b70ad13726a122ab,Beebay Baby Boy's Checkered Casual Shirt,Baby Care,"['casual', 'shirt', 'pattern', 'occasion', 'casual', 'shirt', 'button', 'half', 'content', 'fit', 'regular', 'collar', 'button', 'collar', 'fabric', 'fit', 'regular', 'hem', 'curved', 'hem', 'style', 'code', 'fabric']",casual shirt pattern occasion casual shirt button half content fit regular collar button collar fabric fit regular hem curved hem style code fabric,23,147
911,7e3d8e737aec8f1eca019302593c732e,painting_art_couple_love__Dance Paper Print,Home Decor Festive Needs,"['paper', 'print', 'good', 'high', 'paper', 'paper', 'print', 'poster', 'made', 'high', 'paper', 'get', 'good', 'look', 'wall', 'paper', 'depth', 'paper', 'print', 'paper', 'depth', 'weight', 'height', 'poster', 'shape', 'black', 'white', 'poster', 'paper', 'finish', 'paper', 'paper', 'print', 'artist', 'name', 'poster', 'frame', 'content', 'poster']",paper print good high paper paper print poster made high paper get good look wall paper depth paper print paper depth weight height poster shape black white poster paper finish paper paper print artist name poster frame content poster,39,234
912,e225be101bbad1ea9d031261ba4387b8,Bourne Supermacy Canvas Art,Home Decor Festive Needs,"['art', 'uber', 'high', 'grade', 'poster', 'bright', 'detailed', 'standard', 'come', 'form', 'poster', 'tube', 'art', 'poster', 'urban', 'task', 'passion', 'thing', 'touch', 'work', 'place', 'understanding', 'urban', 'music', 'show', 'abstract', 'art', 'poster', 'poster', 'made', 'high', 'grade', 'paper', 'ultra', 'colour', 'made', 'sure', 'art', 'come', 'poster', 'tube', 'prevent', 'left', 'side', 'art', 'limited', 'defect', 'paper', 'depth', 'weight', 'height', 'poster', 'shape', 'sport', 'paper', 'finish', 'paper', 'art', 'music', 'musical', 'poster', 'content', 'poster']",art uber high grade poster bright detailed standard come form poster tube art poster urban task passion thing touch work place understanding urban music show abstract art poster poster made high grade paper ultra colour made sure art come poster tube prevent left side art limited defect paper depth weight height poster shape sport paper finish paper art music musical poster content poster,63,391
913,89b95537d8697203ab278237289a52a8,Like Analog Purple Clock,Watches,"['like', 'analog', 'clock', 'function', 'alarm', 'power', 'display', 'year', 'weight', 'height', 'dial', 'shape', 'dial', 'display', 'hand', 'display', 'hand', 'plastic', 'dial', 'content', 'clock']",like analog clock function alarm power display year weight height dial shape dial display hand display hand plastic dial content clock,21,134
914,762b6b22cccf91935e92446efe298fe3,612 League Baby Boy's Checkered Casual Shirt,Baby Care,"['casual', 'shirt', 'pattern', 'occasion', 'casual', 'shirt', 'half', 'content', 'fit', 'regular', 'fabric', 'fit', 'regular', 'style', 'code', 'fabric']",casual shirt pattern occasion casual shirt half content fit regular fabric fit regular style code fabric,16,104
915,f7514f6068377bcaed80043a5e321131,FS Mini Klub Baby Boy's Woven Casual Shirt,Baby Care,"['mini', 'woven', 'casual', 'shirt', 'fit', 'regular', 'fabric', 'western', 'wear', 'half', 'mini', 'woven', 'casual', 'shirt', 'pattern', 'woven', 'occasion', 'casual', 'shirt', 'half', 'content', 'fit', 'regular', 'fabric', 'fit', 'regular', 'style', 'code']",mini woven casual shirt fit regular fabric western wear half mini woven casual shirt pattern woven occasion casual shirt half content fit regular fabric fit regular style code,28,175
916,c5c559012b742d9966df82182b90c6da,wallskart Floral & Botanical Wallpaper,Home Decor Festive Needs,"['floral', 'living', 'room', 'bed', 'room', 'kitchen', 'black', 'vinyl', 'paper', 'vinyl', 'floral', 'place', 'web', 'find', 'wall', 'decal', 'wall', 'sticker', 'wall', 'decal', 'wall', 'sticker', 'self', 'vinyl', 'sticker', 'made', 'great', 'paint', 'give', 'space', 'plan', 'like', 'make', 'various', 'wall', 'flat', 'smooth', 'floral', 'scratch', 'shade', 'black', 'vinyl', 'black', 'bell', 'flower', 'small', 'black', 'wall', 'sticker', 'living', 'room', 'bed', 'room', 'kitchen', 'theme', 'floral', 'waterproof', 'paper', 'vinyl', 'small', 'painted', 'wall', 'least', 'painting', 'wet', 'paint', 'dust', 'come', 'date', 'cover', 'transit', 'defect', 'period', 'shall', 'cost', 'view', 'come', 'date', 'cover', 'transit', 'defect', 'period', 'shall', 'cost', 'due', 'heat', 'due', 'human', 'fire', 'accident', 'right', 'correct', 'return', 'refund', 'weight', 'scratch', 'wet', 'wall', 'sticker']",floral living room bed room kitchen black vinyl paper vinyl floral place web find wall decal wall sticker wall decal wall sticker self vinyl sticker made great paint give space plan like make various wall flat smooth floral scratch shade black vinyl black bell flower small black wall sticker living room bed room kitchen theme floral waterproof paper vinyl small painted wall least painting wet paint dust come date cover transit defect period shall cost view come date cover transit defect period shall cost due heat due human fire accident right correct return refund weight scratch wet wall sticker,99,602
917,27175ea71cc5f2879882c77b9931cf8b,Megaway 196.85 inch White Rice Lights,Home Decor Festive Needs,"['white', 'rice', 'direct', 'plug', 'power', 'use', 'led', 'adaptor', 'along', 'strip', 'adaptor', 'month', 'direct', 'plug', 'power', 'use', 'led', 'adaptor', 'along', 'strip', 'adaptor', 'month']",white rice direct plug power use led adaptor along strip adaptor month direct plug power use led adaptor along strip adaptor month,22,130
918,f54d0c5cbd8e2270742293edf9075cb1,"The Intellect Bazaar Abstract Double Dohar Blue, Brown",Home Furnishing,"['intellect', 'bazaar', 'abstract', 'blue', 'brown']",intellect bazaar abstract blue brown,5,36
919,66d91765da568f133f040b951f25e702,Anjalika Brass Laddu Gopal Showpiece  -  6 cm,Home Decor Festive Needs,"['brass', 'brass']",brass brass,2,11
920,e87bad0de3447c9ac3a8555e89545c75,Baby Bucket Cartoon Single Blanket blue,Home Furnishing,"['bucket', 'cartoon', 'blanket', 'blue']",bucket cartoon blanket blue,4,27
921,b1d61c60791a01827e3251e362c78573,"Digilight 400 inch White, Blue Rice Lights",Home Decor Festive Needs,"['white', 'blue', 'rice', 'white', 'blue', 'rice']",white blue rice white blue rice,6,31
922,486e98154514ed485f0b2f9bc9f24549,Agrasen International Radha Krishna Statue Showpiece  -  20 cm,Home Decor Festive Needs,"['krishna', 'krishna']",krishna krishna,2,15
923,cf03921bd7eb3afd84c4b12a434d03e5,"Pinc Ginger 90.6 inch Black, White Rice Lights",Home Decor Festive Needs,"['ginger', 'black', 'white', 'rice', 'ginger', 'black', 'white', 'rice']",ginger black white rice ginger black white rice,8,47
924,a618354ba17cff64826558d81afc77ab,Elfani Brilliance Lip Color 3.5 g,Beauty and Personal Care,['lip'],lip,1,3
925,5307e0db12b1018746ac3801d189c379,Home Delight 130 inch Pink Rice Lights,Home Decor Festive Needs,"['pink', 'rice', 'pink', 'rice', 'copper', 'wire', 'warmer', 'glow', 'flame', 'tip', 'shape', 'cut', 'cost', 'bulb', 'bulb', 'outdoor', 'high', 'saving', 'superior', 'pink', 'rice', 'copper', 'wire', 'warmer', 'glow', 'flame', 'tip', 'shape', 'cut', 'cost', 'bulb', 'bulb', 'outdoor', 'high', 'saving', 'superior']",pink rice pink rice copper wire warmer glow flame tip shape cut cost bulb bulb outdoor high saving superior pink rice copper wire warmer glow flame tip shape cut cost bulb bulb outdoor high saving superior,36,205
926,62e36e018c9ee4b282cf674e84054df8,Valtellina Plain Single Top Sheet White,Home Furnishing,"['plain', 'top', 'sheet', 'white']",plain top sheet white,4,21
927,fb42fce44e11f4dab8de99f8488281f8,Nagar Handloom Floral Double Quilts & Comforters Multicolor,Home Furnishing,"['floral', 'quilt']",floral quilt,2,12
928,3f9c4d0e8c3bca9c870e41f5098f90d6,Valtellina Checkered Double Blanket Brown,Home Furnishing,"['blanket', 'brown']",blanket brown,2,13
929,af13232271963742c118a1c58affa259,Adaa Sitting Nandi with Round Base Showpiece  -  4 cm,Home Decor Festive Needs,"['nandi', 'round', 'base', 'nandi', 'round', 'base']",nandi round base nandi round base,6,33
930,7c333641c63bd7519432ae83744b8db4,Utsav Handicraft UHD004 Showpiece  -  8 cm,Home Decor Festive Needs,"['handicraft', 'silver', 'finish', 'silver', 'handicraft', 'musical', 'handicraft', 'musical']",handicraft silver finish silver handicraft musical handicraft musical,8,69
931,60395c709b4a933319e2713e3ae620d4,Jaipur Textile Hub Floral Double Quilts & Comforters Green,Home Furnishing,"['hub', 'floral', 'quilt', 'green']",hub floral quilt green,4,22
932,cf1be83386eb96b2ab9598944ebca6fc,Valtellina Abstract Double Blanket Brown,Home Furnishing,"['abstract', 'blanket', 'brown']",abstract blanket brown,3,22
933,037b39bef3db7ccd264c577a0edf0c0a,Gift Studios Buddha Stone Showpiece  -  17.6 cm,Home Decor Festive Needs,"['studio', 'buddha', 'stone', 'studio', 'buddha', 'stone']",studio buddha stone studio buddha stone,6,39
934,43da6e88dcb61e027ea9112cfab158ee,Aurraa Printed Single Quilts & Comforters Green,Home Furnishing,"['quilt', 'green', 'micro', 'quilt', 'quilt', 'spread', 'kid', 'bedroom', 'kid', 'sleep', 'warmth', 'quilt', 'high', 'quilt', 'premium', 'spread', 'kid', 'bedroom', 'kid', 'sleep', 'warmth', 'quilt', 'high', 'quilt', 'premium']",quilt green micro quilt quilt spread kid bedroom kid sleep warmth quilt high quilt premium spread kid bedroom kid sleep warmth quilt high quilt premium,25,151
935,7b1c5edc85bc7e31edf49ab70034bb3a,Incolor Metalic Lipstick N15 3.8 g,Beauty and Personal Care,['lipstick'],lipstick,1,8
936,6e6694c52c9273cde2163d34d5b44e94,My Party Suppliers 720 inch Multicolor Rice Lights,Home Decor Festive Needs,"['supplier', 'rice', 'supplier', 'rice']",supplier rice supplier rice,4,27
937,09f9f9b420edea2f39c0dc3c24d5be07,GrandShop 444 inch Multicolor Rice Lights,Home Decor Festive Needs,"['rice', 'rice', 'strip', 'made', 'fine', 'copper', 'wire', 'silver', 'conform', 'shape', 'add', 'accent', 'yet', 'string', 'perfect', 'like', 'christmas', 'tree', 'wall', 'wedding', 'occasion', 'like', 'new', 'year', 'long', 'wire', 'host', 'small', 'bright', 'led', 'bulb', 'mode', 'every', 'give', 'rice', 'strip', 'made', 'fine', 'copper', 'wire', 'silver', 'conform', 'shape', 'add', 'accent', 'yet', 'string', 'perfect', 'like', 'christmas', 'tree', 'wall', 'wedding', 'occasion', 'like', 'new', 'year', 'long', 'wire', 'host', 'small', 'bright', 'led', 'bulb', 'mode', 'every', 'give']",rice rice strip made fine copper wire silver conform shape add accent yet string perfect like christmas tree wall wedding occasion like new year long wire host small bright led bulb mode every give rice strip made fine copper wire silver conform shape add accent yet string perfect like christmas tree wall wedding occasion like new year long wire host small bright led bulb mode every give,67,390
938,9e07a3eeee6aa9e656106281cdd30d67,eCraftIndia Lord Ganesha on Elephant Showpiece  -  13.97 cm,Home Decor Festive Needs,"['lord', 'elephant', 'lord', 'elephant']",lord elephant lord elephant,4,27
939,b7e42b52534c5e49eb03817d754c2153,Welhouse Geometric Double Blanket Grey,Home Furnishing,"['geometric', 'blanket', 'grey']",geometric blanket grey,3,22
940,9c9385abdb73ec1f1f93acaf81c6e1d7,Digilight 200 inch Blue Rice Lights,Home Decor Festive Needs,"['blue', 'rice', 'adorn', 'like', 'never', 'gorgeous', 'solution', 'array', 'colour', 'suit', 'made', 'order', 'today', 'get', 'compliment', 'flow', 'adorn', 'like', 'never', 'gorgeous', 'solution', 'array', 'colour', 'suit', 'made', 'order', 'today', 'get', 'compliment', 'flow']",blue rice adorn like never gorgeous solution array colour suit made order today get compliment flow adorn like never gorgeous solution array colour suit made order today get compliment flow,30,189
941,c12fd368ff03f5224b92771824cafb9c,The Intellect Bazaar Geometric Single Blanket Gold,Home Furnishing,"['intellect', 'bazaar', 'geometric', 'blanket', 'gold', 'mink', 'blanket', 'blanket', 'intellect', 'bazaar', 'present', 'new', 'mink', 'blanket', 'made', 'norm', 'warmth', 'blanket', 'need', 'intellect', 'bazaar', 'blanket', 'weigh', 'less', 'warmth', 'winter', 'season', 'mink', 'blanket', 'long', 'life', 'blanket', 'colour', 'intellect', 'bazaar', 'blanket', 'come', 'keep', 'blanket', 'safe', 'use', 'blanket', 'intellect', 'bazaar', 'present', 'new', 'mink', 'blanket', 'made', 'norm', 'warmth', 'blanket', 'need', 'intellect', 'bazaar', 'blanket', 'weigh', 'less', 'warmth', 'winter', 'season', 'mink', 'blanket', 'long', 'life', 'blanket', 'colour', 'intellect', 'bazaar', 'blanket', 'come', 'keep', 'blanket', 'safe', 'use', 'blanket']",intellect bazaar geometric blanket gold mink blanket blanket intellect bazaar present new mink blanket made norm warmth blanket need intellect bazaar blanket weigh less warmth winter season mink blanket long life blanket colour intellect bazaar blanket come keep blanket safe use blanket intellect bazaar present new mink blanket made norm warmth blanket need intellect bazaar blanket weigh less warmth winter season mink blanket long life blanket colour intellect bazaar blanket come keep blanket safe use blanket,76,514
942,283e2c4d728bdb193834d876ec27e6dd,The Art Box Floral Single Dohar Multicolor,Home Furnishing,"['art', 'floral']",art floral,2,10
943,9cd443dad2c8f354fd01869a57fdc171,"Al Fakher Pegs'N'Pipes Mint, Double Apple Hookah Flavor",Home Decor Festive Needs,"['peg', 'pipe', 'mint', 'hookah', 'flavor', 'peg', 'pipe', 'mint', 'hookah', 'flavor']",peg pipe mint hookah flavor peg pipe mint hookah flavor,10,55
944,8b7a51c69b47f4714b5f7131077b5d30,Weldecor 1800 inch Red Rice Lights,Home Decor Festive Needs,"['red', 'rice', 'red', 'rice']",red rice red rice,4,17
945,8026dc3e27e8e318cc7431a723f7ebc1,Unnati Floral Double Blanket Multicolor,Home Furnishing,"['floral', 'blanket']",floral blanket,2,14
946,2cc24452688ed35dfbff566e22e53c95,Organistick Silver Label Lipstick 10 g,Beauty and Personal Care,"['silver', 'label', 'lipstick']",silver label lipstick,3,21
947,4946e2411d24801b9e8f7dbe97ab1b93,Eshoppee Shiv face antique color brass idol Showpiece  -  8 cm,Home Decor Festive Needs,"['shiv', 'face', 'brass', 'idol', 'shiv', 'face', 'brass', 'idol']",shiv face brass idol shiv face brass idol,8,41
948,c417f408340252f170f05dadf88160d7,Arabian Nights Soex Cranberry Assorted Hookah Flavor,Home Decor Festive Needs,"['arabian', 'night', 'assorted', 'hookah', 'flavor']",arabian night assorted hookah flavor,5,36
949,f41761a931135c6c043c7e04abda41b0,Welhouse Geometric Double Blanket Black,Home Furnishing,"['geometric', 'blanket', 'black']",geometric blanket black,3,23
950,cd71b07a1d37a5e2cc04240e8498cc76,eCraftIndia Floral Single Quilts & Comforters Multicolor,Home Furnishing,"['floral', 'quilt']",floral quilt,2,12
951,edec3bb5df9c4bc618752e94532bb36e,The Art Treasure Decorative Shankh,Home Decor Festive Needs,"['art', 'art']",art art,2,7
952,5be86e35f21b1514d0e7742893d6cfba,Unnati Abstract Single Top Sheet Multicolor,Home Furnishing,"['abstract', 'top', 'sheet', 'mink', 'blanket', 'colur', 'thread', 'use', 'mink', 'blanket', 'colur', 'thread', 'use']",abstract top sheet mink blanket colur thread use mink blanket colur thread use,13,78
953,13596c5cc53a74268613e5c0b7d46b60,Craft And Curtain Multicolor 178 cm Table Runner,Home Furnishing,"['craft', 'curtain', 'runner']",craft curtain runner,3,20
954,bba68d75eff1b7b5eef7f6c1c68f2227,The Intellect Bazaar Plain King Blanket Grey,Home Furnishing,"['intellect', 'bazaar', 'plain', 'king', 'blanket', 'grey']",intellect bazaar plain king blanket grey,6,40
955,1738ddb8f47f11ff0cb96fe6cad302c2,"Digilight 400 inch Red, Yellow Rice Lights",Home Decor Festive Needs,"['red', 'yellow', 'rice', 'red', 'yellow', 'rice']",red yellow rice red yellow rice,6,31
956,b91b13aceec0a140944a2c8915e45e59,Bhalaria Dessert Fork Stainless Steel Dessert Fork Set,Kitchen Dining,"['dessert', 'fork', 'stainless', 'dessert', 'fork', 'high', 'stainless', 'superior', 'finish', 'dessert', 'fork', 'stainless', 'dessert', 'fork', 'dessert', 'head', 'great', 'end', 'modern', 'made', 'high', 'stainless', 'high', 'polished', 'finish', 'line', 'mix', 'well', 'come', 'dessert', 'fork', 'stainless', 'dessert', 'fork', 'stainless', 'dessert', 'fork', 'name', 'dessert', 'fork', 'stainless', 'silver', 'dessert', 'fork', 'height', 'limited', 'defect', 'cover', 'due', 'improper', 'use', 'normal', 'wear', 'tear', 'accident', 'fire', 'shock', 'kind']",dessert fork stainless dessert fork high stainless superior finish dessert fork stainless dessert fork dessert head great end modern made high stainless high polished finish line mix well come dessert fork stainless dessert fork stainless dessert fork name dessert fork stainless silver dessert fork height limited defect cover due improper use normal wear tear accident fire shock kind,58,386
957,e488005c7fb68747d3458c7d73760bae,Nutcase Multicolor Column Floor Lamp,Home Decor Festive Needs,"['column', 'floor', 'lamp', 'lamp', 'bulb', 'included', 'cool', 'column', 'floor', 'lamp', 'first', 'time', 'india', 'floor', 'lamp', 'lamp', 'come']",column floor lamp lamp bulb included cool column floor lamp first time india floor lamp lamp come,17,97
958,2476ae5a5e045876aa08f5919cb3b91b,"M S Rugs Pink, Blue Wool Dhurrie",Home Furnishing,"['rug', 'pink', 'blue', 'wool', 'pattern', 'geometric', 'shape', 'rug', 'pink', 'blue', 'wool', 'rug', 'shape', 'code', 'wool', 'pattern', 'geometric', 'style', 'code', 'pink', 'blue', 'content', 'hand', 'fabric']",rug pink blue wool pattern geometric shape rug pink blue wool rug shape code wool pattern geometric style code pink blue content hand fabric,24,140
959,f622e6c12de2c6534c94635f671af107,GIMS Brown Viscose Carpet,Home Furnishing,"['brown', 'carpet', 'soft', 'look', 'comfort', 'feel', 'suit', 'room', 'bed', 'room', 'living', 'hall', 'brown', 'carpet', 'blend', 'carpet', 'perfect', 'suit', 'interior', 'rectangular', 'carpet', 'brown', 'dark', 'shade', 'carpet', 'center', 'add', 'carpet', 'brown', 'carpet', 'shape', 'code', 'carpet', 'style', 'code', 'brown', 'pattern', 'paisley', 'brown', 'content']",brown carpet soft look comfort feel suit room bed room living hall brown carpet blend carpet perfect suit interior rectangular carpet brown dark shade carpet center add carpet brown carpet shape code carpet style code brown pattern paisley brown content,40,253
960,9c41f67773da27940d77460715e880be,Cotonex Beige Cotton Kitchen Linen Set,Home Furnishing,"['kitchen', 'linen', 'review', 'pure', 'glove', 'kitchen', 'linen', 'code', 'style', 'code', 'pattern', 'solid', 'solid', 'weight', 'fabric', 'clean', 'bleach', 'content', 'glove']",kitchen linen review pure glove kitchen linen code style code pattern solid solid weight fabric clean bleach content glove,19,122
961,cf6a4daf0e795838061b0eb832bbc99d,FURNISHINGLAND Green Silk Carpet,Home Furnishing,"['green', 'silk', 'carpet', 'pattern', 'floral', 'shape', 'place', 'use', 'bedroom', 'living', 'room', 'guest', 'room', 'style', 'persian', 'green', 'silk', 'carpet', 'green', 'persian', 'silk', 'carpet', 'give', 'look', 'modern', 'style', 'carpet', 'feeling', 'soft', 'touch', 'made', 'must', 'living', 'room', 'bed', 'room', 'green', 'silk', 'carpet', 'shape', 'place', 'use', 'bedroom', 'living', 'room', 'guest', 'room', 'code', 'carpet', 'silk', 'style', 'persian', 'style', 'code', 'pattern', 'floral', 'green', 'fabric', 'clean', 'content']",green silk carpet pattern floral shape place use bedroom living room guest room style persian green silk carpet green persian silk carpet give look modern style carpet feeling soft touch made must living room bed room green silk carpet shape place use bedroom living room guest room code carpet silk style persian style code pattern floral green fabric clean content,60,366
962,8ff973688c976a08fc7242da37101417,FURNISHINGLAND Black Polyester Carpet,Home Furnishing,"['black', 'carpet', 'pattern', 'geometric', 'shape', 'place', 'use', 'bedroom', 'living', 'room', 'guest', 'room', 'black', 'carpet', 'black', 'colour', 'carpet', 'brighten', 'decor', 'made', 'high', 'fabric', 'carpet', 'keep', 'floor', 'clean', 'wide', 'curtain', 'carpet', 'appeal', 'colour', 'black', 'carpet', 'shape', 'place', 'use', 'bedroom', 'living', 'room', 'guest', 'room', 'code', 'carpet', 'style', 'code', 'pattern', 'geometric', 'black', 'fabric', 'clean', 'content']",black carpet pattern geometric shape place use bedroom living room guest room black carpet black colour carpet brighten decor made high fabric carpet keep floor clean wide curtain carpet appeal colour black carpet shape place use bedroom living room guest room code carpet style code pattern geometric black fabric clean content,51,328
963,bcb51cec3d290e6a661586d0df30e091,loomkart Blue Polyester Runner,Home Furnishing,"['blue', 'runner', 'shape', 'runner', 'code', 'pattern', 'abstract', 'style', 'code', 'blue', 'content']",blue runner shape runner code pattern abstract style code blue content,11,70
964,06b8da0c6a24b91c8020f8b1c78d04c3,FURNISHINGLAND Maroon Silk Carpet,Home Furnishing,"['maroon', 'silk', 'carpet', 'pattern', 'floral', 'shape', 'place', 'use', 'bedroom', 'living', 'room', 'guest', 'room', 'style', 'persian', 'maroon', 'silk', 'carpet', 'designed', 'maroon', 'persian', 'silk', 'carpet', 'made', 'high', 'carpet', 'soft', 'feel', 'come', 'long', 'lasting', 'colour', 'pattern', 'make', 'carpet', 'appealing', 'carpet', 'give', 'new', 'look', 'decor', 'maroon', 'silk', 'carpet', 'shape', 'place', 'use', 'bedroom', 'living', 'room', 'guest', 'room', 'code', 'carpet', 'silk', 'style', 'persian', 'style', 'code', 'pattern', 'floral', 'maroon', 'fabric', 'clean', 'content']",maroon silk carpet pattern floral shape place use bedroom living room guest room style persian maroon silk carpet designed maroon persian silk carpet made high carpet soft feel come long lasting colour pattern make carpet appealing carpet give new look decor maroon silk carpet shape place use bedroom living room guest room code carpet silk style persian style code pattern floral maroon fabric clean content,65,409
965,9c8fdf6c9c631d0892e9a6f55a4a2fd2,"NYX Set Of 2 Soft Matte Lip Cream 06,22",Beauty and Personal Care,"['soft', 'lip', 'cream', 'bought', 'loreal', 'group', 'soft', 'lip', 'cream', 'line', 'lipstick', 'gloss', 'lustrous', 'formula', 'like', 'silk', 'soft', 'finish', 'glow', 'add', 'perfect', 'polish', 'look', 'soft', 'lip', 'cream', 'trait', 'organic', 'shade', 'lip', 'cream']",soft lip cream bought loreal group soft lip cream line lipstick gloss lustrous formula like silk soft finish glow add perfect polish look soft lip cream trait organic shade lip cream,31,182
966,378d7dbdb97ecc62c9ad52cb6df23a86,Checkered Chef Steel All-Purpose Scissor,Kitchen Dining,"['chef', 'scissor', 'red', 'black', 'silver', 'search', 'found', 'pair', 'kitchen', 'ever', 'need', 'kitchen', 'cutting', 'fresh', 'chicken', 'chicken', 'herb', 'cardboard', 'razor', 'sharp', 'stainless', 'blade', 'cut', 'soft', 'precision', 'workmanship', 'make', 'cutting', 'clean', 'safe', 'know', 'kitchen', 'come', 'apart', 'health', 'come', 'apart', 'chef', 'kitchen', 'designed', 'come', 'apart', 'way', 'normal', 'cutting', 'use', 'clean', 'special', 'pair', 'kitchen', 'tool', 'use', 'knife', 'even', 'super', 'strong', 'magnetic', 'keep', 'safe', 'within', 'time', 'never', 'never', 'made', 'cut', 'straight', 'bowl', 'see', 'label', 'chef', 'like', 'cook', 'like', 'wear', 'check', 'call', 'chef', 'every', 'kitchen', 'order', 'today', 'add', 'tab', 'check', 'think', 'chef', 'scissor', 'red', 'black', 'silver', 'chef', 'plastic', 'blade', 'kitchen', 'magnetic', 'holder', 'shade', 'red', 'scissor', 'red', 'black', 'silver', 'kitchen', 'scissor']",chef scissor red black silver search found pair kitchen ever need kitchen cutting fresh chicken chicken herb cardboard razor sharp stainless blade cut soft precision workmanship make cutting clean safe know kitchen come apart health come apart chef kitchen designed come apart way normal cutting use clean special pair kitchen tool use knife even super strong magnetic keep safe within time never never made cut straight bowl see label chef like cook like wear check call chef every kitchen order today add tab check think chef scissor red black silver chef plastic blade kitchen magnetic holder shade red scissor red black silver kitchen scissor,104,646
967,d627a270302d23eef773d05ad01fd03c,Mahadev Handicrafts Cotton Cartoon Double Bedsheet,Baby Care,"['handicraft', 'cartoon', 'handicraft', 'sheet', 'sheet', 'handicraft', 'cartoon', 'pillow', 'cover', 'handicraft', 'flat', 'name', 'cartoon', 'thread', 'count', 'character', 'bird', 'fitted', 'sheet', 'fitted', 'sheet', 'depth', 'fitted', 'sheet', 'flat', 'sheet', 'depth', 'content', 'pillow', 'cover']",handicraft cartoon handicraft sheet sheet handicraft cartoon pillow cover handicraft flat name cartoon thread count character bird fitted sheet fitted sheet depth fitted sheet flat sheet depth content pillow cover,30,213
968,634c89325a6c7752985a74a67f985c1f,Sparklings Cotton Checkered Double Bedsheet,Baby Care,"['sparkling', 'fit', 'bed', 'thread', 'count', 'content', 'pillow', 'cover', 'sparkling', 'pillow', 'cover', 'want', 'curl', 'bed', 'read', 'watch', 'show', 'jazz', 'bedroom', 'spreading', 'sparkling', 'pep', 'mood', 'print', 'love', 'blend', 'abstract', 'floral', 'print', 'give', 'appealing', 'look', 'want', 'bedroom', 'two', 'pillow', 'cover', 'made', 'help', 'relax', 'mind', 'soon', 'hit', 'bed', 'sparkling', 'pillow', 'cover', 'sparkling', 'flat', 'name', 'fabric', 'first', 'dark', 'cold', 'use', 'strong', 'bleach', 'iron', 'print', 'soak', 'long', 'time', 'shade', 'flat', 'sheet', 'fitted', 'sheet', 'pillow', 'cover', 'pillow', 'cover', 'weight', 'fitted', 'sheet', 'depth', 'fitted', 'sheet', 'flat', 'sheet', 'depth', 'flat', 'sheet', 'content', 'pillow', 'cover', 'may', 'due', 'effect']",sparkling fit bed thread count content pillow cover sparkling pillow cover want curl bed read watch show jazz bedroom spreading sparkling pep mood print love blend abstract floral print give appealing look want bedroom two pillow cover made help relax mind soon hit bed sparkling pillow cover sparkling flat name fabric first dark cold use strong bleach iron print soak long time shade flat sheet fitted sheet pillow cover pillow cover weight fitted sheet depth fitted sheet flat sheet depth flat sheet content pillow cover may due effect,88,538
969,b3e5f93856cce162850713bb8edce52a,Swastik Velvet Sofa Cover,Home Furnishing,"['velvet', 'sofa', 'cover', 'trader', 'velvet', 'sofa', 'cover', 'velvet', 'sofa', 'cover', 'living', 'room', 'shade', 'sofa', 'velvet', 'pattern', 'floral', 'weight', 'height']",velvet sofa cover trader velvet sofa cover velvet sofa cover living room shade sofa velvet pattern floral weight height,19,119
970,3e2b2a04696f7d83a7835e9894d79df7,Bela Home Cotton Cartoon Single Bedsheet,Baby Care,"['bela', 'cartoon', 'made', 'pure', 'fast', 'kid', 'bela', 'cartoon', 'pillow', 'cover', 'blue', 'bring', 'bed', 'sheet', 'bela', 'maintain', 'made', 'pure', 'fabric', 'soft', 'smooth', 'touch', 'maintain', 'collection', 'pleasing', 'soft', 'fabric', 'content', 'fabric', 'bed', 'sheet', 'pillow', 'case', 'weight', 'ever', 'bought', 'get', 'good', 'print', 'give', 'room', 'fresh', 'instant', 'glow', 'collection', 'normal', 'bleach', 'use', 'soft', 'shade', 'note', 'actual', 'contain', 'item', 'may', 'due', 'monitor', 'bela', 'cartoon', 'pillow', 'cover', 'blue', 'bela', 'flat', 'name', 'toon', 'thread', 'count', 'blue', 'fabric', 'bleach', 'flat', 'sheet', 'fitted', 'sheet', 'pillow', 'cover', 'pillow', 'cover', 'fitted', 'sheet', 'depth', 'fitted', 'sheet', 'flat', 'sheet', 'depth', 'flat', 'sheet', 'content', 'pillow', 'cover']",bela cartoon made pure fast kid bela cartoon pillow cover blue bring bed sheet bela maintain made pure fabric soft smooth touch maintain collection pleasing soft fabric content fabric bed sheet pillow case weight ever bought get good print give room fresh instant glow collection normal bleach use soft shade note actual contain item may due monitor bela cartoon pillow cover blue bela flat name toon thread count blue fabric bleach flat sheet fitted sheet pillow cover pillow cover fitted sheet depth fitted sheet flat sheet depth flat sheet content pillow cover,92,563
971,0906fd9cc604fbba05a502e01d763cd9,Sparklings Cotton Geometric Double Bedsheet,Baby Care,"['sparkling', 'geometric', 'fit', 'bed', 'thread', 'count', 'content', 'pillow', 'cover', 'sparkling', 'geometric', 'pillow', 'cover', 'want', 'curl', 'bed', 'read', 'watch', 'show', 'jazz', 'bedroom', 'spreading', 'sparkling', 'pep', 'mood', 'print', 'love', 'blend', 'abstract', 'floral', 'print', 'give', 'appealing', 'look', 'want', 'bedroom', 'two', 'pillow', 'cover', 'made', 'help', 'relax', 'mind', 'soon', 'hit', 'bed', 'sparkling', 'geometric', 'pillow', 'cover', 'sparkling', 'flat', 'name', 'fabric', 'first', 'dark', 'cold', 'use', 'strong', 'bleach', 'iron', 'print', 'soak', 'long', 'time', 'shade', 'flat', 'sheet', 'fitted', 'sheet', 'pillow', 'cover', 'pillow', 'cover', 'weight', 'fitted', 'sheet', 'depth', 'fitted', 'sheet', 'flat', 'sheet', 'depth', 'flat', 'sheet', 'content', 'pillow', 'cover', 'may', 'due', 'effect']",sparkling geometric fit bed thread count content pillow cover sparkling geometric pillow cover want curl bed read watch show jazz bedroom spreading sparkling pep mood print love blend abstract floral print give appealing look want bedroom two pillow cover made help relax mind soon hit bed sparkling geometric pillow cover sparkling flat name fabric first dark cold use strong bleach iron print soak long time shade flat sheet fitted sheet pillow cover pillow cover weight fitted sheet depth fitted sheet flat sheet depth flat sheet content pillow cover may due effect,91,568
972,729864e0d25e06cbf68561529bcdd4f0,CALCULUS Baby Boy's Printed Casual Beige Shirt,Baby Care,"['casual', 'shirt', 'fit', 'slim', 'western', 'wear', 'half', 'fabric', 'pattern', 'content', 'casual', 'shirt', 'let', 'enjoy', 'comfort', 'solid', 'casual', 'shirt', 'made', 'lightweight', 'casual', 'occasion', 'cold', 'brush', 'garment', 'casual', 'shirt', 'pattern', 'occasion', 'casual', 'shirt', 'button', 'half', 'content', 'fit', 'slim', 'fabric', 'pocket', 'pocket', 'fit', 'slim', 'style', 'code', 'kid', 'kid', 'shirt', 'fabric', 'like', 'colour', 'hand', 'cold', 'use', 'mild', 'low', 'shade', 'bleach', 'iron', 'per', 'tag']",casual shirt fit slim western wear half fabric pattern content casual shirt let enjoy comfort solid casual shirt made lightweight casual occasion cold brush garment casual shirt pattern occasion casual shirt button half content fit slim fabric pocket pocket fit slim style code kid kid shirt fabric like colour hand cold use mild low shade bleach iron per tag,59,359
973,798346b99002495667bb87626d33b99c,ROYLE KATOCH Showpiece  -  24 cm,Home Decor Festive Needs,"['bird', 'seat', 'made', 'lead', 'life', 'wealth', 'follow', 'crystal', 'tree', 'made', 'wood', 'work', 'patient', 'sleep', 'away', 'student', 'room', 'bedroom', 'colour', 'may', 'due', 'monitor', 'crystal', 'wooden', 'crystal', 'tool', 'like', 'thought', 'stone', 'crystal', 'chakra', 'crystal', 'thought', 'act', 'chakra', 'help', 'allow', 'use', 'crystal', 'wooden', 'shade', 'crystal', 'wooden', 'weight', 'height', 'depth', 'wall', 'mount', 'tree']",bird seat made lead life wealth follow crystal tree made wood work patient sleep away student room bedroom colour may due monitor crystal wooden crystal tool like thought stone crystal chakra crystal thought act chakra help allow use crystal wooden shade crystal wooden weight height depth wall mount tree,49,305
974,b0229d4466ac60c7ba53c7ce9fabad7c,Jaycoknit Mediterranean Sea's Lucky Wooden Handcrafted Ship Part II Showpiece  -  17 cm,Home Decor Festive Needs,"['mediterranean', 'sea', 'wooden', 'ship', 'part', 'wooden', 'height', 'mediterranean', 'sea', 'wooden', 'ship', 'part', 'wooden', 'ship', 'fashion', 'vivid', 'perfect', 'hall', 'bedroom', 'room', 'hand', 'made', 'wood', 'craftsman', 'kit', 'come', 'pine', 'process', 'hand', 'mediterranean', 'process', 'painted', 'pattern', 'mediterranean', 'form', 'method', 'semi', 'manual', 'mediterranean', 'sea', 'wooden', 'ship', 'part', 'wooden', 'name', 'mediterranean', 'sea', 'wooden', 'ship', 'part', 'wooden', 'height', 'depth']",mediterranean sea wooden ship part wooden height mediterranean sea wooden ship part wooden ship fashion vivid perfect hall bedroom room hand made wood craftsman kit come pine process hand mediterranean process painted pattern mediterranean form method semi manual mediterranean sea wooden ship part wooden name mediterranean sea wooden ship part wooden height depth,53,365
975,4b500e244f11a45f5171bd3665413044,Jacadi paris Baby Boy's Striped Casual Blue Shirt,Baby Care,"['casual', 'blue', 'shirt', 'dress', 'shirt', 'casual', 'blue', 'shirt', 'classic', 'shirt', 'soft', 'spread', 'collar', 'button', 'button', 'rounded', 'hem', 'logo', 'left', 'chest', 'casual', 'blue', 'shirt', 'pattern', 'occasion', 'casual', 'shirt', 'full', 'content', 'fit', 'regular', 'fabric', 'fit', 'regular', 'dress', 'shirt', 'style', 'code']",casual blue shirt dress shirt casual blue shirt classic shirt soft spread collar button button rounded hem logo left chest casual blue shirt pattern occasion casual shirt full content fit regular fabric fit regular dress shirt style code,38,237
976,fa2e5f01bbb642c49e4b2e19d2b39dcf,LOTTIE LONDON MAKE ME BLUSH,Beauty and Personal Care,"['london', 'make', 'blush', 'add', 'colour', 'precision', 'blush', 'brush', 'super', 'long', 'allow', 'perfect', 'amount', 'colour', 'ultra', 'soft', 'london', 'make', 'blush', 'brush', 'trait', 'brush', 'blush', 'brush', 'per', 'content', 'blush', 'brush']",london make blush add colour precision blush brush super long allow perfect amount colour ultra soft london make blush brush trait brush blush brush per content blush brush,28,172
977,967d91e162afb44a67c0281f71766e4d,FS Mini Klub Baby Girl's Bodysuit,Baby Care,"['mini', 'fabric', 'green', 'mini', 'content', 'age', 'group', 'month', 'fabric', 'pattern', 'neck', 'round', 'neck']",mini fabric green mini content age group month fabric pattern neck round neck,13,77
978,74e5a3f6edb34d7e593a0d1854b0b886,Deep kitchen press Steel Grater and Slicer,Kitchen Dining,"['deep', 'kitchen', 'press', 'grater', 'slicer', 'deep', 'grater', 'slicer', 'name', 'kitchen', 'press', 'slicer', 'kitchen', 'press', 'weight', 'safe']",deep kitchen press grater slicer deep grater slicer name kitchen press slicer kitchen press weight safe,16,103
979,c44a5dc5b5ebe5b3e0535b7c2b7921e4,dongli Striped Baby Boy's Polo Neck T-Shirt,Baby Care,"['polo', 'neck', 'shirt', 'shirt', 'half', 'content', 'fabric', 'polo', 'neck', 'fit', 'regular', 'pattern', 'occasion', 'casual', 'style', 'code', 'fabric', 'similar', 'use']",polo neck shirt shirt half content fabric polo neck fit regular pattern occasion casual style code fabric similar use,19,117
980,27b7851ae3dfc2ae8c1958cebe93bf0b,Fs Mini Klub Printed Baby Boy's Round Neck T-Shirt,Baby Care,"['mini', 'round', 'neck', 'shirt', 'shirt', 'short', 'content', 'fabric', 'round', 'neck', 'fit', 'regular', 'pattern', 'occasion', 'casual', 'style', 'code', 'fabric', 'similar']",mini round neck shirt shirt short content fabric round neck fit regular pattern occasion casual style code fabric similar,19,121
981,86089ddd9f9e52127ce838f210f776d7,Aarika Self Design Kurta & Patiyala,Baby Care,"['self', 'fabric', 'net', 'sleeveless', 'straight', 'neck', 'collar', 'fabric', 'fabric', 'net', 'pattern', 'self', 'occasion', 'wedding', 'fabric', 'similar', 'use']",self fabric net sleeveless straight neck collar fabric fabric net pattern self occasion wedding fabric similar use,17,114
982,bdcc7e18ffed5390cd3107030992ffa6,Rishan Printed Baby Boy's V-neck T-Shirt,Baby Care,"['neck', 'shirt', 'shirt', 'full', 'content', 'fabric', 'neck', 'fit', 'regular', 'pattern', 'occasion', 'casual', 'shirt', 'style', 'code', 'fabric', 'wring', 'use', 'hot', 'restitch']",neck shirt shirt full content fabric neck fit regular pattern occasion casual shirt style code fabric wring use hot restitch,20,124
983,b58309ed929c2bf7d6096c03667b654f,YK Striped Baby Boy's Round Neck T-Shirt,Baby Care,"['round', 'neck', 'shirt', 'fit', 'regular', 'western', 'wear', 'half', 'fabric', 'round', 'neck', 'shirt', 'shirt', 'round', 'neck', 'short', 'dual', 'press', 'button', 'shoulder', 'add', 'fresh', 'tee', 'team', 'short', 'perfect', 'round', 'neck', 'shirt', 'shirt', 'half', 'content', 'fabric', 'round', 'neck', 'fit', 'regular', 'pattern', 'occasion', 'casual', 'fabric', 'style', 'code']",round neck shirt fit regular western wear half fabric round neck shirt shirt round neck short dual press button shoulder add fresh tee team short perfect round neck shirt shirt half content fabric round neck fit regular pattern occasion casual fabric style code,43,261
984,357432a848c3f13fa614efe5dddd99b6,Art Godaam Colored figure Showpiece  -  50 cm,Home Decor Festive Needs,"['art', 'art']",art art,2,7
985,edb97bd2433fd9de301c8a44344777bb,Artist Haat Vanity Box Makeup and Jewellery Vanity Jewellery,Beauty and Personal Care,"['artist', 'brown', 'fine', 'indian', 'need', 'case', 'yet', 'charming', 'way', 'made', 'wood', 'top', 'brownish', 'colour', 'work', 'velvet', 'keep', 'safe', 'hand', 'india', 'artisan', 'generation', 'artist', 'breathless', 'art', 'artisan', 'indian', 'fine', 'indian', 'need', 'case', 'yet', 'charming', 'way', 'made', 'wood', 'top', 'brownish', 'colour', 'work', 'velvet', 'keep', 'safe', 'hand', 'india', 'artisan', 'generation', 'artist', 'breathless', 'art', 'artisan', 'indian']",artist brown fine indian need case yet charming way made wood top brownish colour work velvet keep safe hand india artisan generation artist breathless art artisan indian fine indian need case yet charming way made wood top brownish colour work velvet keep safe hand india artisan generation artist breathless art artisan indian,52,328
986,c3c23b5aa5e388e5f71883f61d1a0561,Vedic Deals Couple Radium Statues Showpiece  -  28 cm,Home Decor Festive Needs,"['vedic', 'deal', 'radium', 'vedic', 'deal', 'radium']",vedic deal radium vedic deal radium,6,35
987,42770faa04bfcf2b62e7ef335e1b1965,Hand Art Terracotta Mask Showpiece  -  28 cm,Home Decor Festive Needs,"['hand', 'art', 'west', 'bengal', 'craft', 'person', 'involved', 'mask', 'linked', 'bold', 'look', 'look', 'characteristic', 'mask', 'special', 'clay', 'collected', 'part', 'west', 'bengal', 'shape', 'mask', 'hand', 'work', 'artisan', 'burn', 'colour', 'used', 'cloth', 'west', 'bengal', 'craft', 'person', 'involved', 'mask', 'linked', 'bold', 'look', 'look', 'characteristic', 'mask', 'special', 'clay', 'collected', 'part', 'west', 'bengal', 'shape', 'mask', 'hand', 'work', 'artisan', 'burn', 'colour', 'used', 'cloth']",hand art west bengal craft person involved mask linked bold look look characteristic mask special clay collected part west bengal shape mask hand work artisan burn colour used cloth west bengal craft person involved mask linked bold look look characteristic mask special clay collected part west bengal shape mask hand work artisan burn colour used cloth,56,354
988,eaf55e90d0e4295cb84cb0276e78c35c,Craftuno Handcrafted Paper Mache Box - Set of 3 Showpiece Vanity Decorative,Beauty and Personal Care,"['paper', 'paper']",paper paper,2,11
989,216c6c3527984be3d7ad9023d5cd9bd1,Kaatru Surya Bhagavan Showpiece  -  23.5 cm,Home Decor Festive Needs,"['surya', 'surya']",surya surya,2,11
990,e347e7eca70e01badc3bdf6c154ac7c4,CoffeeBean Regular Fit Baby Girl's Pink Trousers,Baby Care,"['regular', 'fit', 'pink', 'trouser', 'occasion', 'casual', 'western', 'wear', 'pink', 'fit', 'regular', 'fit', 'button', 'fabric', 'regular', 'fit', 'pink', 'trouser', 'kid', 'trouser', 'curved', 'pocket', 'front', 'side', 'good', 'look', 'smart', 'cute', 'trouser', 'regular', 'fit', 'pink', 'trouser', 'pattern', 'floral', 'print', 'occasion', 'casual', 'pink', 'trouser', 'button', 'content', 'fabric', 'fit', 'regular', 'fit', 'belt', 'loop', 'zipper', 'trouser', 'style', 'code', 'fabric', 'lukewarm']",regular fit pink trouser occasion casual western wear pink fit regular fit button fabric regular fit pink trouser kid trouser curved pocket front side good look smart cute trouser regular fit pink trouser pattern floral print occasion casual pink trouser button content fabric fit regular fit belt loop zipper trouser style code fabric lukewarm,54,344
991,06fdaa2b03d70da4358311d260456729,Seven Seas Stainless Steel Twisting Pull Corkscrew,Kitchen Dining,"['seven', 'stainless', 'pull', 'corkscrew', 'fit', 'wine', 'grip', 'use', 'open', 'wine', 'cap', 'fit', 'wine', 'grip', 'use', 'open', 'wine', 'cap']",seven stainless pull corkscrew fit wine grip use open wine cap fit wine grip use open wine cap,18,94
992,d79e6ae847a561c284a2b14e42500698,Pedrini Steel Waiters Corkscrew,Kitchen Dining,"['corkscrew', 'waiter', 'corkscrew', 'knife', 'waiter', 'corkscrew', 'knife']",corkscrew waiter corkscrew knife waiter corkscrew knife,7,55
993,c4ac93e194281d6d1450ffdaa52f5f99,Shop Rajasthan Cotton Floral Single Bedsheet,Home Furnishing,"['shop', 'floral']",shop floral,2,11
994,fc8ff72b68b0f3736a9aff8f03aa712f,AM Creation Magic  Ceramic Mug,Kitchen Dining,"['creation', 'magic', 'mug', 'amazed', 'look', 'like', 'black', 'blue', 'mug', 'add', 'tea', 'hot', 'pattern', 'special', 'photo', 'mug', 'perfect', 'tea', 'break', 'trick', 'made', 'special', 'heat', 'mug', 'colour', 'hot', 'liquid', 'place', 'order', 'high', 'along', 'order', 'promise', 'offer', 'print', 'creation', 'magic', 'mug', 'love', 'magic', 'mug', 'creation', 'magic', 'mug', 'mug', 'safe', 'freezer', 'safe', 'heat', 'magic', 'mug', 'height', 'depth', 'weight']",creation magic mug amazed look like black blue mug add tea hot pattern special photo mug perfect tea break trick made special heat mug colour hot liquid place order high along order promise offer print creation magic mug love magic mug creation magic mug mug safe freezer safe heat magic mug height depth weight,54,311
995,fe05e9ff9e31a310c35626ab6f2b4fe2,TRESemme Naturals Vibrantly Smooth Shampoo,Baby Care,"['smooth', 'shampoo', 'form', 'liquid', 'smooth', 'shampoo', 'smooth', 'smooth', 'smooth', 'shampoo', 'form', 'liquid', 'trait', 'name', 'smooth', 'shampoo', 'shampoo']",smooth shampoo form liquid smooth shampoo smooth smooth smooth shampoo form liquid trait name smooth shampoo shampoo,17,116
996,873a955df5a2f677a41a7efc94060e41,L Oreal Eversleek Sulfate - Free Smoothing System Intense Smoothing Shampoo,Baby Care,"['system', 'shampoo', 'form', 'liquid', 'system', 'shampoo', 'silicon', 'shampoo', 'oil', 'hour', 'leaf', 'hair', 'sleek', 'system', 'shampoo', 'form', 'liquid', 'trait', 'name', 'system', 'shampoo', 'shampoo']",system shampoo form liquid system shampoo silicon shampoo oil hour leaf hair sleek system shampoo form liquid trait name system shampoo shampoo,22,143
997,032e812adcd11a38fd8b764891a852ff,CTW Ganpati Bapa Moriya Statue Showpiece  -  12 cm,Home Decor Festive Needs,"['good', 'weight', 'white', 'green', 'idol', 'name', 'weight', 'height', 'depth', 'wall', 'mount']",good weight white green idol name weight height depth wall mount,11,64
998,78fcb634d9838127464d827234ab05ad,Happiness Is Printed Bone China Mug,Kitchen Dining,"['bone', 'china', 'mug', 'bone', 'china', 'mug', 'mug', 'mug', 'bone', 'china', 'freezer', 'safe', 'safe', 'weight', 'height', 'depth']",bone china mug bone china mug mug mug bone china freezer safe safe weight height depth,16,86
999,bc6b11881b783f275edd051431e531a8,Balaji Velvet Sofa Cover,Home Furnishing,"['velvet', 'sofa', 'cover', 'seater', 'sofa', 'cover', 'velvet', 'sofa', 'cover', 'brown', 'deal', 'look', 'sofa', 'cover', 'sofa', 'cover', 'lot', 'like', 'floral', 'geometric', 'velvet', 'sofa', 'cover', 'brown', 'guest', 'room', 'living', 'room', 'shade', 'brown', 'sofa', 'velvet', 'pattern', 'floral', 'clean', 'brown', 'weight', 'seat', 'height', 'depth', 'seat', 'height', 'back', 'sofa', 'slip', 'cover', 'sofa', 'seat', 'cover', 'sofa', 'back', 'cover', 'chair', 'seat', 'cover', 'chair', 'back', 'cover']",velvet sofa cover seater sofa cover velvet sofa cover brown deal look sofa cover sofa cover lot like floral geometric velvet sofa cover brown guest room living room shade brown sofa velvet pattern floral clean brown weight seat height depth seat height back sofa slip cover sofa seat cover sofa back cover chair seat cover chair back cover,58,339
1000,4cc971d2c9c0f1056bc124031ed52c1e,Lock&Lock Kitchen  - 5.5 L Polypropylene Multi-purpose Storage Container,Kitchen Dining,"['lock', 'lock', 'kitchen', 'airtight', 'lock', 'lock', 'kitchen', 'clear', 'seal', 'precision', 'lid', 'fitting', 'open', 'movement', 'freezer', 'safe', 'lock', 'lock', 'kitchen', 'clear', 'lock', 'lock', 'name', 'kitchen', 'airtight', 'clear', 'defect', 'year', 'defect']",lock lock kitchen airtight lock lock kitchen clear seal precision lid fitting open movement freezer safe lock lock kitchen clear lock lock name kitchen airtight clear defect year defect,29,185
1001,31ac1b66cc6bb396c83f124317589f8c,Mom & Me Baby Girl's Bodysuit,Baby Care,"['fabric', 'pink', 'dress', 'one', 'comfort', 'cute', 'eye', 'made', 'soft', 'fabric', 'keep', 'one', 'throughout', 'pair', 'look', 'mini', 'short', 'full', 'content', 'age', 'group', 'month', 'fabric', 'pattern', 'neck', 'round', 'neck', 'hood']",fabric pink dress one comfort cute eye made soft fabric keep one throughout pair look mini short full content age group month fabric pattern neck round neck hood,28,161
1002,5bc04e6a0b6256dc78bb9cb22b39ef41,APOLLO+ Pack Of 3 Flexible Led Light,Computers,"['apollo', 'led', 'system', 'port', 'plastic', 'silicon', 'apollo', 'led', 'apollo', 'led', 'name', 'plastic', 'silicon', 'system', 'port', 'led']",apollo led system port plastic silicon apollo led apollo led name plastic silicon system port led,16,97
1003,0c70a580d96e50966130e2885d8c3505,HuppmeGift Happy Birthday Navneet Inner Red Ceramic  (350ml) Ceramic Mug,Kitchen Dining,"['birthday', 'inner', 'red', 'mug', 'mug', 'birthday', 'inner', 'red', 'mug', 'red', 'interior', 'mug', 'grade', 'white', 'red', 'interior', 'mug', 'high', 'mug', 'famous', 'kitchen', 'utensil', 'used', 'paper', 'clip', 'know', 'ice', 'cream', 'mug', 'make', 'birthday', 'inner', 'red', 'mug', 'mug', 'mug', 'freezer', 'safe', 'safe', 'weight', 'height', 'depth', 'mug']",birthday inner red mug mug birthday inner red mug red interior mug grade white red interior mug high mug famous kitchen utensil used paper clip know ice cream mug make birthday inner red mug mug mug freezer safe safe weight height depth mug,43,240
1004,6325bf868b9040a0599f257aba42e9e0,Doraemon Gift Family Ceramic Coffee Mug Multicolour Mug - 325 ml,Baby Care,"['mug', 'mug', 'mug', 'mug', 'small']",mug mug mug mug small,5,21
1005,cb096f17218f0e4ccd7424963e2cd0f8,Milani Runway shadow Wet/Dry Black Out 3 g,Beauty and Personal Care,"['shadow', 'wet', 'black', 'shadow', 'eye', 'shadow', 'trait', 'shade', 'shadow']",shadow wet black shadow eye shadow trait shade shadow,9,53
1006,cf3e938bf6d66c65ce94f8c206ed0809,e.l.f. Cosmetics Studio brow Kit Ash Brow Makeup Brush Mirror Girly Elf Fun Sexy 3 g,Beauty and Personal Care,"['studio', 'brow', 'kit', 'ash', 'brow', 'brush', 'mirror', 'elf', 'fun', 'dark', 'brow', 'shape', 'brow', 'powder', 'keep', 'sided', 'brush', 'one', 'side', 'help', 'brow', 'side', 'aid', 'filling', 'duo', 'lasting', 'look', 'studio', 'brow', 'kit', 'ash', 'brow', 'brush', 'mirror', 'elf', 'fun', 'dark', 'eye', 'shadow', 'trait', 'shade', 'dark']",studio brow kit ash brow brush mirror elf fun dark brow shape brow powder keep sided brush one side help brow side aid filling duo lasting look studio brow kit ash brow brush mirror elf fun dark eye shadow trait shade dark,42,222
1007,2651ce313a5a3aedb7c566394a3b3b26,Aster Luxury Arabic Oudh Bathing Bar - Pack of 4,Beauty and Personal Care,"['aster', 'arabic', 'bar', 'aster', 'arabic', 'bar', 'arabic', 'soap', 'bar', 'pure', 'arabian', 'feel', 'every', 'bath', 'calm', 'mental', 'calm', 'deep', 'keep', 'germ', 'soap', 'make', 'soft', 'smooth', 'benefit', 'arabic', 'soap', 'anti', 'good', 'health', 'hold', 'aster', 'bar', 'wet', 'soap', 'give', 'good', 'lather', 'clean', 'whole', 'lather', 'oil', 'oil', 'acid', 'acid', 'arabic', 'oil', 'animal', 'animal', 'soap', 'aster', 'arabic', 'bar', 'soap', 'aster', 'soap', 'arabic', 'soap', 'area', 'face', 'soap', 'soap', 'trait', 'name', 'arabic', 'bar', 'men', 'soap', 'per', 'soap']",aster arabic bar aster arabic bar arabic soap bar pure arabian feel every bath calm mental calm deep keep germ soap make soft smooth benefit arabic soap anti good health hold aster bar wet soap give good lather clean whole lather oil oil acid acid arabic oil animal animal soap aster arabic bar soap aster soap arabic soap area face soap soap trait name arabic bar men soap per soap,70,382
1008,cdf4aedfc9420a2e212fb64e2688bcdc,King Traders KI-BD-01 1 Kitchen Tool Set,Kitchen Dining,"['king', 'trader', 'kitchen', 'tool', 'butter', 'dish', 'pot', 'hotel', 'butter', 'dish', 'pot', 'used', 'various', 'hotel', 'butter', 'dish', 'finish', 'long', 'life', 'use', 'weight', 'gram', 'king', 'trader', 'kitchen', 'tool', 'king', 'trader', 'butter', 'dish', 'pot', 'stainless', 'dish', 'pot']",king trader kitchen tool butter dish pot hotel butter dish pot used various hotel butter dish finish long life use weight gram king trader kitchen tool king trader butter dish pot stainless dish pot,34,198
1009,9bd8526e99697998cdf7dcbdfa044847,Wall Decal Small Self Adhesive Sticker,Home Decor Festive Needs,"['wall', 'decal', 'small', 'self', 'sticker', 'make', 'smart', 'bedroom', 'room', 'living', 'room', 'bath', 'room', 'guest', 'room', 'kitchen', 'clean', 'wall', 'decal', 'front', 'finish', 'two', 'layer', 'wall', 'decal', 'small', 'self', 'sticker', 'wall', 'decal', 'give', 'pure', 'wall', 'sticker', 'wall', 'decal', 'kind', 'sticker', 'made', 'self', 'vinyl', 'plane', 'great', 'wall', 'method', 'wall', 'decal', 'small', 'self', 'sticker', 'content', 'sticker', 'use', 'child', 'bedroom', 'bedroom', 'wall', 'decal', 'scratch', 'self', 'sticker', 'self', 'vinyl', 'small', 'height']",wall decal small self sticker make smart bedroom room living room bath room guest room kitchen clean wall decal front finish two layer wall decal small self sticker wall decal give pure wall sticker wall decal kind sticker made self vinyl plane great wall method wall decal small self sticker content sticker use child bedroom bedroom wall decal scratch self sticker self vinyl small height,65,390
1010,9ff54c12cc7ffd7c1a6724477b8fea2f,Dongli Striped Baby Boy's Polo Neck T-Shirt,Baby Care,"['polo', 'neck', 'shirt', 'fit', 'regular', 'western', 'wear', 'half', 'fabric', 'polo', 'neck', 'shirt', 'polo', 'polo', 'neck', 'shirt', 'shirt', 'half', 'content', 'fabric', 'polo', 'neck', 'fit', 'regular', 'pattern', 'occasion', 'casual', 'fabric', 'similar', 'use', 'style', 'code', 'shirt']",polo neck shirt fit regular western wear half fabric polo neck shirt polo polo neck shirt shirt half content fabric polo neck fit regular pattern occasion casual fabric similar use style code shirt,33,197
1011,11f06dffebf7edf9e15351834a190c2c,SJ Tulip multi use cotton Balls,Baby Care,"['use', 'trait', 'per']",use trait per,3,13
1012,29def171d7e31d48571a52f0fb3e6b07,Ech oly Ceramic Inside Fitting Hookah Mouth Tip,Home Decor Festive Needs,"['ech', 'fitting', 'hookah', 'mouth', 'tip', 'black', 'used', 'long', 'time', 'made', 'high', 'special', 'contain', 'rubber', 'ring', 'prevent', 'smoke', 'tar', 'tar', 'time', 'rubber', 'ring', 'ech', 'fitting', 'hookah', 'mouth', 'tip', 'black', 'ech', 'fitting', 'black']",ech fitting hookah mouth tip black used long time made high special contain rubber ring prevent smoke tar tar time rubber ring ech fitting hookah mouth tip black ech fitting black,31,179
1013,b48218a94e220c20373ed50dc4254093,"LAWMAN PG3 Striker,, Winger , Contender Deodorant Spray  -  For Men",Beauty and Personal Care,"['lawman', 'striker', 'winger', 'spray', 'men', 'spray', 'lawman', 'striker', 'winger', 'spray', 'men', 'lawman', 'men', 'lawman', 'striker', 'winger', 'spray', 'men', 'trait', 'spray', 'men']",lawman striker winger spray men spray lawman striker winger spray men lawman men lawman striker winger spray men trait spray men,21,128
1014,721d6fc10f52e76007c3c0405cf967c5,Toons Printed Baby Boy's Round Neck T-Shirt,Baby Care,"['toon', 'round', 'neck', 'shirt', 'stylish', 'toon', 'round', 'neck', 'shirt', 'transform', 'look', 'one', 'stylish', 'lemon', 'shirt', 'latest', 'collection', 'toon', 'print', 'front', 'shirt', 'soon', 'made', 'rich', 'slim', 'fit', 'shirt', 'optimum', 'comfort', 'throughout', 'high', 'trend', 'appeal', 'make', 'perfect', 'pick', 'fun', 'let', 'pair', 'casual', 'toon', 'round', 'neck', 'shirt', 'shirt', 'sleeveless', 'content', 'fabric', 'round', 'neck', 'fit', 'slim', 'pattern', 'occasion', 'casual', 'beach', 'wear', 'sport', 'fabric', 'similar', 'use', 'hand', 'iron', 'print', 'style', 'code', 'rock', 'north', 'shirt']",toon round neck shirt stylish toon round neck shirt transform look one stylish lemon shirt latest collection toon print front shirt soon made rich slim fit shirt optimum comfort throughout high trend appeal make perfect pick fun let pair casual toon round neck shirt shirt sleeveless content fabric round neck fit slim pattern occasion casual beach wear sport fabric similar use hand iron print style code rock north shirt,69,422
1015,eeecf5d16fa6591290706f1fd0c6fc6e,PRINT SHAPES red Heart Laptop Skin with Mouse pad Combo Set,Computers,"['print', 'shape', 'red', 'heart', 'pad', 'glue', 'scratch', 'print', 'shape', 'red', 'heart', 'pad', 'print', 'shape', 'made', 'high', 'vinyl', 'sheet', 'screen', 'would', 'per', 'without', 'gum', 'print', 'shape', 'red', 'heart', 'pad', 'print', 'shape', 'name', 'red', 'heart', 'pad', 'content']",print shape red heart pad glue scratch print shape red heart pad print shape made high vinyl sheet screen would per without gum print shape red heart pad print shape name red heart pad content,35,192
1016,747b170919791d6111847d3485b5b77b,Good Way Peppermint Lip Balm Pepper,Beauty and Personal Care,"['good', 'way', 'peppermint', 'lip', 'balm', 'pepper', 'refresh', 'lip', 'cool', 'soothing', 'peppermint', 'peppermint', 'oil', 'peppermint', 'lip', 'balm', 'lip', 'sure', 'good', 'way', 'peppermint', 'lip', 'balm', 'pepper', 'lip', 'balm', 'trait', 'flavor', 'pepper', 'trait', 'organic', 'shade', 'pink']",good way peppermint lip balm pepper refresh lip cool soothing peppermint peppermint oil peppermint lip balm lip sure good way peppermint lip balm pepper lip balm trait flavor pepper trait organic shade pink,33,206
1017,4748b7ea0e01cffa561f1a7a7a432813,Aroma Comfort Polyester Cream Self Design Eyelet Window Curtain,Home Furnishing,"['aroma', 'comfort', 'cream', 'self', 'eyelet', 'window', 'curtain', 'height', 'aroma', 'comfort', 'cream', 'self', 'eyelet', 'window', 'curtain', 'height', 'aroma', 'comfort', 'designed', 'window', 'eyelet', 'name', 'cream', 'content']",aroma comfort cream self eyelet window curtain height aroma comfort cream self eyelet window curtain height aroma comfort designed window eyelet name cream content,24,163
1018,6057d1b6682ab473a3fe2ca8b4577259,PRINT SHAPES Sony headphone Laptop Skin with Mouse pad Combo Set,Computers,"['print', 'shape', 'pad', 'glue', 'scratch', 'print', 'shape', 'pad', 'print', 'shape', 'made', 'high', 'vinyl', 'sheet', 'screen', 'would', 'per', 'without', 'gum', 'print', 'shape', 'pad', 'print', 'shape', 'name', 'pad', 'content']",print shape pad glue scratch print shape pad print shape made high vinyl sheet screen would per without gum print shape pad print shape name pad content,27,152
1019,031c98cfde349d99fb6d5983f54c8751,PRINT SHAPES Power of roman reigns Laptop Skin with Mouse pad Combo Set,Computers,"['print', 'shape', 'power', 'roman', 'reign', 'pad', 'glue', 'scratch', 'print', 'shape', 'power', 'roman', 'reign', 'pad', 'print', 'shape', 'made', 'high', 'vinyl', 'sheet', 'screen', 'would', 'per', 'without', 'gum', 'print', 'shape', 'power', 'roman', 'reign', 'pad', 'print', 'shape', 'name', 'power', 'roman', 'reign', 'pad', 'content']",print shape power roman reign pad glue scratch print shape power roman reign pad print shape made high vinyl sheet screen would per without gum print shape power roman reign pad print shape name power roman reign pad content,39,224
1020,6eaa9bd9e9285d77891bb76d30e6ebe7,Aroma Comfort Polyester Blue Floral Eyelet Long Door Curtain,Home Furnishing,"['aroma', 'comfort', 'blue', 'floral', 'eyelet', 'long', 'door', 'curtain', 'height', 'aroma', 'comfort', 'designed', 'long', 'door', 'eyelet', 'name', 'patta', 'blue', 'content']",aroma comfort blue floral eyelet long door curtain height aroma comfort designed long door eyelet name patta blue content,19,121
1021,8141b9d5af35017a907b1e88c17f7963,PRINT SHAPES roronoa Zora Laptop Skin with Mouse pad Combo Set,Computers,"['print', 'shape', 'pad', 'glue', 'scratch', 'print', 'shape', 'pad', 'print', 'shape', 'made', 'high', 'vinyl', 'sheet', 'screen', 'would', 'per', 'without', 'gum', 'print', 'shape', 'pad', 'print', 'shape', 'name', 'pad', 'content']",print shape pad glue scratch print shape pad print shape made high vinyl sheet screen would per without gum print shape pad print shape name pad content,27,152
1022,7ec5ac2dea80b6c5e4cfd20eba597d20,Aroma Comfort Polyester Brown Floral Eyelet Long Door Curtain,Home Furnishing,"['aroma', 'comfort', 'brown', 'floral', 'eyelet', 'long', 'door', 'curtain', 'height', 'aroma', 'comfort', 'brown', 'floral', 'eyelet', 'long', 'door', 'curtain', 'height', 'aroma', 'comfort', 'designed', 'long', 'door', 'eyelet', 'name', 'patta', 'brown', 'content']",aroma comfort brown floral eyelet long door curtain height aroma comfort brown floral eyelet long door curtain height aroma comfort designed long door eyelet name patta brown content,28,182
1023,b7214d4c357e3f7acae72fcbe7d31afe,Transcend Premium Memory DDR2 2 GB (1x2GB) PC SDRAM (JM800QLU-2G),Computers,"['transcend', 'premium', 'green', 'ram', 'pin', 'transcend', 'premium', 'check', 'non', 'clock', 'gen', 'life', 'time', 'world', 'wide', 'center', 'life', 'time', 'world']",transcend premium green ram pin transcend premium check non clock gen life time world wide center life time world,19,113
1024,7fd3f7b35e8b4a66432c974c8cb5c46d,PRINT SHAPES doraemon Laptop Skin with Mouse pad Combo Set,Computers,"['print', 'shape', 'pad', 'print', 'shape', 'name', 'pad', 'content']",print shape pad print shape name pad content,8,44
1025,30ad2acaccdd2e1691a61c44079c2b5a,PRINT SHAPES monster university party Laptop Skin with Mouse pad Combo Set,Computers,"['print', 'shape', 'monster', 'pad', 'glue', 'scratch', 'print', 'shape', 'monster', 'pad', 'print', 'shape', 'made', 'high', 'vinyl', 'sheet', 'screen', 'would', 'per', 'without', 'gum', 'print', 'shape', 'monster', 'pad', 'print', 'shape', 'name', 'monster', 'pad', 'content']",print shape monster pad glue scratch print shape monster pad print shape made high vinyl sheet screen would per without gum print shape monster pad print shape name monster pad content,31,184
1026,3f97735a6c61a3587cefceaef36c280c,Aroma Comfort Polyester Green Self Design Eyelet Door Curtain,Home Furnishing,"['aroma', 'comfort', 'green', 'self', 'eyelet', 'door', 'curtain', 'height', 'aroma', 'comfort', 'green', 'self', 'eyelet', 'door', 'curtain', 'height', 'aroma', 'comfort', 'designed', 'door', 'eyelet', 'name', 'green', 'content']",aroma comfort green self eyelet door curtain height aroma comfort green self eyelet door curtain height aroma comfort designed door eyelet name green content,24,157
1027,362714cbba2f5ae412d2f26bae99a266,Aroma Comfort Polyester Brown Self Design Eyelet Long Door Curtain,Home Furnishing,"['aroma', 'comfort', 'brown', 'self', 'eyelet', 'long', 'door', 'curtain', 'height', 'aroma', 'comfort', 'brown', 'self', 'eyelet', 'long', 'door', 'curtain', 'height', 'aroma', 'comfort', 'designed', 'long', 'door', 'eyelet', 'name', 'brown', 'content']",aroma comfort brown self eyelet long door curtain height aroma comfort brown self eyelet long door curtain height aroma comfort designed long door eyelet name brown content,27,172
1028,9b805665a791f40e7946a73dcea17e35,PRINT SHAPES Graphic Dancer Laptop Skin with Mouse pad Combo Set,Computers,"['print', 'shape', 'graphic', 'dancer', 'pad', 'glue', 'scratch', 'print', 'shape', 'graphic', 'dancer', 'pad', 'print', 'shape', 'made', 'high', 'vinyl', 'sheet', 'screen', 'would', 'per', 'without', 'gum', 'print', 'shape', 'graphic', 'dancer', 'pad', 'print', 'shape', 'name', 'graphic', 'dancer', 'pad', 'content']",print shape graphic dancer pad glue scratch print shape graphic dancer pad print shape made high vinyl sheet screen would per without gum print shape graphic dancer pad print shape name graphic dancer pad content,35,212
1029,90906358dac904c4f05c12c798ac5221,Aroma Comfort Polyester Brown Printed Eyelet Window Curtain,Home Furnishing,"['aroma', 'comfort', 'brown', 'eyelet', 'window', 'curtain', 'height', 'aroma', 'comfort', 'brown', 'eyelet', 'window', 'curtain', 'height', 'aroma', 'comfort', 'designed', 'window', 'eyelet', 'name', 'leaf', 'brown', 'content']",aroma comfort brown eyelet window curtain height aroma comfort brown eyelet window curtain height aroma comfort designed window eyelet name leaf brown content,23,158
1030,4d6bf06ef01f80130a1ab28dfdeb7aa3,OMRD RD6697 Hot and cold Pack,Beauty and Personal Care,"['hot', 'cold', 'green', 'eye', 'area', 'use', 'eye']",hot cold green eye area use eye,7,31
1031,7d2883d833e215d3092c7f53572f870d,Kerastase Nutritive Bain Satin 1 Complete Nutrition Shampoo,Beauty and Personal Care,"['bain', 'satin', 'shampoo', 'shampoo', 'trait', 'hair', 'hair', 'normal', 'hair', 'men', 'trait', 'trait', 'hair', 'leaf', 'hair', 'soft', 'hair', 'name', 'bain', 'satin', 'shampoo']",bain satin shampoo shampoo trait hair hair normal hair men trait trait hair leaf hair soft hair name bain satin shampoo,21,119
1032,b5834f1e97c74d2833dbcb09a3f27926,PRINT SHAPES mary and max cartoon Laptop Skin with Mouse pad Combo Set,Computers,"['print', 'shape', 'max', 'cartoon', 'pad', 'glue', 'scratch', 'print', 'shape', 'max', 'cartoon', 'pad', 'print', 'shape', 'made', 'high', 'vinyl', 'sheet', 'screen', 'would', 'per', 'without', 'gum', 'print', 'shape', 'max', 'cartoon', 'pad', 'print', 'shape', 'name', 'max', 'cartoon', 'pad', 'content']",print shape max cartoon pad glue scratch print shape max cartoon pad print shape made high vinyl sheet screen would per without gum print shape max cartoon pad print shape name max cartoon pad content,35,200
1033,ace154420a51fad090b3543995630051,Aroma Comfort Polyester Dark Blue Plain Eyelet Window Curtain,Home Furnishing,"['aroma', 'comfort', 'dark', 'blue', 'plain', 'eyelet', 'window', 'curtain', 'height', 'aroma', 'comfort', 'dark', 'blue', 'plain', 'eyelet', 'window', 'curtain', 'height', 'aroma', 'comfort', 'designed', 'window', 'eyelet', 'name', 'plain', 'dark', 'blue', 'content']",aroma comfort dark blue plain eyelet window curtain height aroma comfort dark blue plain eyelet window curtain height aroma comfort designed window eyelet name plain dark blue content,28,183
1034,7815fb39feb773db944c9f03bbdcbf64,PRINT SHAPES Peacock Feather Laptop Skin with Mouse pad Combo Set,Computers,"['print', 'shape', 'peacock', 'feather', 'pad', 'glue', 'scratch', 'print', 'shape', 'peacock', 'feather', 'pad', 'print', 'shape', 'made', 'high', 'vinyl', 'sheet', 'screen', 'would', 'per', 'without', 'gum', 'print', 'shape', 'peacock', 'feather', 'pad', 'print', 'shape', 'name', 'peacock', 'feather', 'pad', 'content']",print shape peacock feather pad glue scratch print shape peacock feather pad print shape made high vinyl sheet screen would per without gum print shape peacock feather pad print shape name peacock feather pad content,35,216
1035,d407ab825e1a266635214bfe893f29c4,PRINT SHAPES despicable me 2 looking upwards Laptop Skin with Mouse pad Combo Set,Computers,"['print', 'shape', 'pad', 'glue', 'scratch', 'print', 'shape', 'pad', 'print', 'shape', 'made', 'high', 'vinyl', 'sheet', 'screen', 'would', 'per', 'without', 'gum', 'print', 'shape', 'pad', 'print', 'shape', 'name', 'pad', 'content']",print shape pad glue scratch print shape pad print shape made high vinyl sheet screen would per without gum print shape pad print shape name pad content,27,152
1036,5a54c78b52c984e56500809e5bc27ae1,PRINT SHAPES Red bull Laptop Skin with Mouse pad Combo Set,Computers,"['print', 'shape', 'red', 'bull', 'pad', 'glue', 'scratch', 'print', 'shape', 'red', 'bull', 'pad', 'print', 'shape', 'made', 'high', 'vinyl', 'sheet', 'screen', 'would', 'per', 'without', 'gum', 'print', 'shape', 'red', 'bull', 'pad', 'print', 'shape', 'name', 'red', 'bull', 'pad', 'content']",print shape red bull pad glue scratch print shape red bull pad print shape made high vinyl sheet screen would per without gum print shape red bull pad print shape name red bull pad content,35,188
1037,678ebb5f6057dcc51948253c1b39b0b8,Aroma Comfort Polyester Brown Self Design Eyelet Door Curtain,Home Furnishing,"['aroma', 'comfort', 'brown', 'self', 'eyelet', 'door', 'curtain', 'height', 'aroma', 'comfort', 'brown', 'self', 'eyelet', 'door', 'curtain', 'height', 'aroma', 'comfort', 'designed', 'door', 'eyelet', 'name', 'brown', 'content']",aroma comfort brown self eyelet door curtain height aroma comfort brown self eyelet door curtain height aroma comfort designed door eyelet name brown content,24,157
1038,7821fb1cbf8d3bb294c3c20527119f15,"Surgical e Sstudio S0004 Gown, Pant Hospital Scrub",Beauty and Personal Care,"['gown', 'pant', 'hospital', 'scrub', 'high', 'viscous', 'fabric', 'name', 'trouser', 'elastic', 'gown', 'pant', 'hospital', 'scrub', 'pink', 'iso', 'name', 'made', 'high', 'viscous', 'fabric', 'neck', 'top', 'trouser', 'designed', 'way', 'give', 'comfort', 'feel', 'colour', 'match', 'hospital', 'logo', 'theme', 'name', 'gown', 'pant', 'hospital', 'scrub', 'pink', 'pink', 'gown', 'pant', 'high', 'viscous', 'pink', 'gown', 'pant']",gown pant hospital scrub high viscous fabric name trouser elastic gown pant hospital scrub pink iso name made high viscous fabric neck top trouser designed way give comfort feel colour match hospital logo theme name gown pant hospital scrub pink pink gown pant high viscous pink gown pant,48,288
1039,3b96a152c8fac4421fb67b6190584976,Reiki Crystal Products Showpiece  -  6 cm,Home Decor Festive Needs,"['crystal', 'bowl', 'room', 'crystal', 'brass', 'brown', 'gold', 'bowl', 'play', 'clean', 'place', 'hinduism', 'play', 'place', 'sound', 'bowl', 'sound', 'benefit', 'bowl', 'play', 'striker', 'play', 'bowl', 'bowl', 'use', 'bowl', 'clean', 'place', 'room', 'kind', 'charge', 'place', 'much', 'use', 'benefit', 'bowl', 'bigger', 'bowl', 'sound', 'use', 'crystal', 'brass', 'brown', 'gold', 'crystal', 'bowl', 'metal', 'brass', 'brown', 'gold', 'weight', 'height', 'depth', 'bowl']",crystal bowl room crystal brass brown gold bowl play clean place hinduism play place sound bowl sound benefit bowl play striker play bowl bowl use bowl clean place room kind charge place much use benefit bowl bigger bowl sound use crystal brass brown gold crystal bowl metal brass brown gold weight height depth bowl,54,316
1040,3b465b02720ef7c930cb2e065a8fc05d,Elite Collection Medium Acrylic Sticker,Baby Care,"['collection', 'medium', 'sticker', 'collection', 'medium', 'sticker']",collection medium sticker collection medium sticker,6,51
1041,b1644f47c7dfa58f8c06677f2a27ee09,Wallmantra Extra Large Vinyl Stickers Sticker,Baby Care,"['extra', 'vinyl', 'sticker', 'sticker', 'extra', 'vinyl', 'sticker', 'sticker']",extra vinyl sticker sticker extra vinyl sticker sticker,8,55
1042,057836ecde71565f8ebdd576e41fdc96,WallDesign Small Vinyl Sticker,Baby Care,"['small', 'vinyl', 'sticker', 'small', 'vinyl', 'sticker']",small vinyl sticker small vinyl sticker,6,39
1043,38782cce965307ddcdbedfcb7fa409c3,999store Medium Paper Sticker,Baby Care,"['medium', 'paper', 'sticker', 'medium', 'paper', 'sticker']",medium paper sticker medium paper sticker,6,41
1044,be0f39341d771aac57084970f1ed6425,Wallmantra Medium Vinyl Stickers Sticker,Baby Care,"['medium', 'vinyl', 'sticker', 'sticker', 'medium', 'vinyl', 'sticker', 'sticker']",medium vinyl sticker sticker medium vinyl sticker sticker,8,57
1045,958f54f4c46b53c8a0a9b8167d9140bc,Oren Empower Extra Large Self Adhesive Sticker,Baby Care,"['empower', 'extra', 'self', 'sticker', 'sticker', 'used', 'big', 'wall', 'two', 'cor', 'wall', 'like', 'look', 'tree', 'green', 'leaf', 'give', 'sharp', 'used', 'use', 'sticker', 'wall', 'idea', 'wish', 'attach', 'decal', 'must', 'clean', 'dust', 'peel', 'cut', 'wall', 'sticker', 'paper', 'desired', 'area', 'note', 'painted', 'must', 'cure', 'decal', 'recommend', 'minimum', 'week', 'certain', 'brick', 'stucco', 'block', 'paint', 'sand', 'paint', 'wet', 'wall', 'press', 'air', 'note', 'fun', 'take', 'help', 'friend', 'member', 'stick', 'wall', 'decal', 'wall', 'wet', 'wall', 'sticker', 'used', 'big', 'wall', 'two', 'cor', 'wall', 'like', 'look', 'tree', 'green', 'leaf', 'give', 'sharp', 'used', 'use', 'sticker', 'wall', 'idea', 'wish', 'attach', 'decal', 'must', 'clean', 'dust', 'peel', 'cut', 'wall', 'sticker', 'paper', 'desired', 'area', 'note', 'painted', 'must', 'cure', 'decal', 'recommend', 'minimum', 'week', 'certain', 'brick', 'stucco', 'block', 'paint', 'sand', 'paint', 'wet', 'wall', 'press', 'air', 'note', 'fun', 'take', 'help', 'friend', 'member', 'stick', 'wall', 'decal', 'wall', 'wet', 'wall']",empower extra self sticker sticker used big wall two cor wall like look tree green leaf give sharp used use sticker wall idea wish attach decal must clean dust peel cut wall sticker paper desired area note painted must cure decal recommend minimum week certain brick stucco block paint sand paint wet wall press air note fun take help friend member stick wall decal wall wet wall sticker used big wall two cor wall like look tree green leaf give sharp used use sticker wall idea wish attach decal must clean dust peel cut wall sticker paper desired area note painted must cure decal recommend minimum week certain brick stucco block paint sand paint wet wall press air note fun take help friend member stick wall decal wall wet wall,130,732
1046,fd6cbcc22efb6b761bd564c28928483c,Wallmantra Large Vinyl Sticker Sticker,Baby Care,"['vinyl', 'sticker', 'sticker', 'bring', 'wall', 'art', 'give', 'refreshing', 'look', 'wall', 'decal', 'latest', 'trend', 'sweeping', 'world', 'interior', 'quick', 'way', 'transform', 'use', 'highest', 'premium', 'self', 'vinyl', 'height', 'rounded', 'nearest', 'final', 'wall', 'send', 'decal', 'sticker', 'item', 'manual', 'see', 'video', 'contact', 'option', 'bring', 'wall', 'art', 'give', 'refreshing', 'look', 'wall', 'decal', 'latest', 'trend', 'sweeping', 'world', 'interior', 'quick', 'way', 'transform', 'use', 'highest', 'premium', 'self', 'vinyl', 'height', 'rounded', 'nearest', 'final', 'wall', 'send', 'decal', 'sticker', 'item', 'manual', 'see', 'video', 'contact', 'option']",vinyl sticker sticker bring wall art give refreshing look wall decal latest trend sweeping world interior quick way transform use highest premium self vinyl height rounded nearest final wall send decal sticker item manual see video contact option bring wall art give refreshing look wall decal latest trend sweeping world interior quick way transform use highest premium self vinyl height rounded nearest final wall send decal sticker item manual see video contact option,73,471
1047,5912e037d12774bb73a2048f35a00009,Uberlyfe Extra Large Pigmented Polyvinyl Films (Imported) Sticker,Baby Care,"['extra', 'polyvinyl', 'film', 'sticker', 'extra', 'polyvinyl', 'film', 'sticker']",extra polyvinyl film sticker extra polyvinyl film sticker,8,57
1048,c3edc504d1b4f0ba6224fa53a43a7ad6,Wallmantra Medium Vinyl Sticker Sticker,Baby Care,"['medium', 'vinyl', 'sticker', 'sticker', 'medium', 'vinyl', 'sticker', 'sticker']",medium vinyl sticker sticker medium vinyl sticker sticker,8,57
1049,f2f027ad6a6df617c9f125173da71e44,Uberlyfe Large Vinyl Sticker,Baby Care,"['vinyl', 'sticker', 'vinyl', 'sticker']",vinyl sticker vinyl sticker,4,27
